Customer_ID,Customer_Name,Metadata_SAL_ID,Amount,Currency,Date
PAY0406,Morgan Wilson,SAL0584,494.53,EUR,2025-03-01
PAY0922,Jamie Taylor,SAL0711,1984.31,EUR,2025-03-02
PAY0012,Taylor Brown,SAL0676,1878.89,USD,2025-03-03
PAY0040,Riley Johnson,SAL0682,1696.47,EUR,2025-03-04
PAY0221,Jordan Davis,SAL0843,959.84,EUR,2025-03-05
PAY0728,Jordan Smith,SAL0247,1456.38,USD,2025-03-06
PAY0845,Riley Jackson,,925.28,USD,2025-03-07
PAY0950,Jamie Anderson,SAL0535,1766.19,USD,2025-03-08
PAY0297,Casey Wilson,SAL0935,876.45,USD,2025-03-09
PAY0923,Morgan Anderson,SAL0228,691.99,USD,2025-03-10
PAY0827,Alex Davis,SAL0747,985.93,USD,2025-03-11
PAY0101,Casey Moore,SAL0883,701.89,EUR,2025-03-12
PAY0460,Jordan Davis,SAL0767,1919.67,USD,2025-03-13
PAY0145,Morgan Davis,SAL0823,511.65,USD,2025-03-14
PAY0785,Casey Jackson,SAL0470,1539.99,EUR,2025-03-15
PAY0548,Casey Jackson,SAL0790,168.34,USD,2025-03-16
PAY0747,Casey Johnson,SAL0368,1576.16,USD,2025-03-17
PAY0606,Riley Johnson,SAL0445,637.87,EUR,2025-03-18
PAY0888,Alex Johnson,SAL0313,1140.55,EUR,2025-03-19
PAY0311,Taylor Jackson,SAL0505,1253.74,EUR,2025-03-20
PAY0393,Jamie Wilson,SAL0991,1336.46,USD,2025-03-21
PAY0711,Casey Anderson,,884.81,USD,2025-03-22
PAY0551,Morgan Moore,SAL0645,100.65,EUR,2025-03-23
PAY0417,Riley Davis,SAL0993,73.96,USD,2025-03-24
PAY0146,Alex Moore,SAL0164,1167.76,EUR,2025-03-25
PAY0224,Alex Moore,SAL0363,1260.66,USD,2025-03-26
PAY0097,Robin Jackson,SAL0203,298.98,EUR,2025-03-27
PAY0455,Jamie Wilson,,747.6,USD,2025-03-28
PAY0777,Robin Wilson,SAL0974,718.66,EUR,2025-03-29
PAY0073,Alex Smith,SAL0355,1332.47,USD,2025-03-30
PAY0402,Taylor Jackson,SAL0342,1678.59,USD,2025-03-31
PAY0597,Jamie Smith,SAL0202,440.73,USD,2025-04-01
PAY0317,Robin Brown,SAL0851,1352.33,EUR,2025-04-02
PAY0203,Jamie Anderson,SAL0341,1177.9,EUR,2025-04-03
PAY0267,Robin Taylor,SAL0938,366.45,EUR,2025-04-04
PAY0428,Riley Moore,SAL0715,477.84,USD,2025-04-05
PAY0338,Jordan Taylor,SAL0337,959.75,USD,2025-04-06
PAY0010,Jamie Moore,SAL0537,1907.55,EUR,2025-04-07
PAY0390,Jordan Davis,SAL0022,830.61,USD,2025-04-08
PAY0958,Jordan Thomas,SAL0515,108.53,USD,2025-04-09
PAY0387,Robin Jackson,SAL0055,1281.1,EUR,2025-04-10
PAY0273,Morgan Moore,SAL0733,435.76,USD,2025-04-11
PAY0954,Alex Anderson,SAL0886,389.85,USD,2025-04-12
PAY0916,Riley Wilson,SAL0324,1693.62,USD,2025-04-13
PAY0738,Alex Smith,SAL0019,788.9,USD,2025-04-14
PAY0989,Morgan Smith,SAL0651,939.6,EUR,2025-04-15
PAY0153,Avery Brown,SAL0753,1885.27,EUR,2025-04-16
PAY0960,Jordan Anderson,SAL0554,331.64,USD,2025-04-17
PAY0845,Riley Jackson,,787.48,EUR,2025-04-18
PAY0847,Riley Anderson,SAL0038,526.87,USD,2025-04-19
PAY0317,Robin Brown,SAL0851,1716.15,EUR,2025-04-20
PAY0299,Jamie Davis,SAL0999,153.86,EUR,2025-04-21
PAY0429,Jordan Jackson,SAL0586,1188.96,EUR,2025-04-22
PAY0499,Morgan Moore,SAL0743,967.8,USD,2025-04-23
PAY0085,Jordan Wilson,,1770.72,EUR,2025-04-24
PAY0682,Alex Smith,SAL0681,677.56,EUR,2025-04-25
PAY0090,Taylor Thomas,SAL0253,1913.72,EUR,2025-04-26
PAY0346,Casey Jackson,SAL0428,1846.31,USD,2025-04-27
PAY0901,Casey Johnson,SAL0686,1733.18,EUR,2025-04-28
PAY0327,Robin Taylor,SAL0024,785.31,USD,2025-04-29
PAY0951,Quinn Davis,SAL0430,1123.58,USD,2025-04-30
PAY0699,Morgan Anderson,SAL0447,1061.7,USD,2025-05-01
PAY0514,Robin Johnson,SAL0677,1261.2,EUR,2025-05-02
PAY0919,Quinn Taylor,SAL0988,766.65,EUR,2025-05-03
PAY0884,Jordan Jackson,SAL0703,400.15,USD,2025-05-04
PAY0253,Alex Thomas,SAL0275,1807.88,EUR,2025-05-05
PAY0865,Quinn Moore,SAL0908,1305.13,EUR,2025-05-06
PAY0960,Jordan Anderson,SAL0554,189.13,USD,2025-05-07
PAY0218,Morgan Brown,,1366.46,EUR,2025-05-08
PAY0220,Quinn Thomas,SAL0564,585.21,USD,2025-05-09
PAY0580,Taylor Johnson,SAL0142,1109.09,EUR,2025-05-10
PAY0047,Jamie Taylor,SAL0977,1653.5,EUR,2025-05-11
PAY0504,Casey Wilson,SAL0808,1327.85,EUR,2025-05-12
PAY0474,Robin Anderson,SAL0138,825.14,USD,2025-05-13
PAY0503,Robin Johnson,SAL0127,505.76,EUR,2025-05-14
PAY0624,Casey Anderson,SAL0008,1594.23,EUR,2025-05-15
PAY0055,Morgan Smith,SAL0117,1886.76,EUR,2025-05-16
PAY0629,Quinn Thomas,,1138.97,EUR,2025-05-17
PAY0989,Morgan Smith,,1889.54,USD,2025-05-18
PAY0984,Casey Davis,SAL0814,741.59,USD,2025-05-19
PAY0172,Quinn Smith,SAL0872,836.57,EUR,2025-05-20
PAY0715,Riley Wilson,SAL0377,1581.45,USD,2025-05-21
PAY0715,Riley Wilson,SAL0377,1278.19,EUR,2025-05-22
PAY0663,Jordan Taylor,SAL0465,811.74,EUR,2025-05-23
PAY0267,Robin Taylor,SAL0938,1160.55,EUR,2025-05-24
PAY0619,Taylor Johnson,SAL0819,384.28,USD,2025-05-25
PAY0777,Robin Wilson,SAL0974,1002.8,USD,2025-05-26
PAY0542,Avery Anderson,SAL0663,451.49,EUR,2025-05-27
PAY0133,Jordan Taylor,SAL0965,162.03,USD,2025-05-28
PAY0994,Alex Jackson,SAL0357,356.22,USD,2025-05-29
PAY0233,Jordan Thomas,SAL0273,1499.13,EUR,2025-05-30
PAY0241,Riley Wilson,SAL0082,1747.38,EUR,2025-05-31
PAY0463,Casey Taylor,SAL0598,975.82,EUR,2025-06-01
PAY0836,Avery Moore,,1385.43,EUR,2025-06-02
PAY0578,Avery Anderson,SAL0361,174.74,EUR,2025-06-03
PAY0853,Robin Brown,SAL0474,691.34,EUR,2025-06-04
PAY0647,Avery Davis,SAL0840,1487.72,EUR,2025-06-05
PAY0356,Casey Davis,,1415.62,EUR,2025-06-06
PAY0491,Morgan Thomas,SAL0074,535.81,EUR,2025-06-07
PAY0205,Robin Thomas,SAL0223,1412.12,USD,2025-06-08
PAY0347,Robin Jackson,SAL0065,1776.81,USD,2025-06-09
PAY0396,Jordan Thomas,SAL0411,619.18,USD,2025-06-10
PAY0352,Quinn Taylor,SAL0592,473.65,EUR,2025-06-11
PAY0279,Jamie Smith,SAL0764,1990.87,USD,2025-06-12
PAY0140,Avery Brown,SAL0792,1570.05,EUR,2025-06-13
PAY0486,Taylor Taylor,SAL0619,1036.83,EUR,2025-06-14
PAY0842,Alex Johnson,SAL0964,1367.46,EUR,2025-06-15
PAY0424,Quinn Smith,SAL0398,1718.76,EUR,2025-06-16
PAY0780,Taylor Davis,SAL0984,1432.74,USD,2025-06-17
PAY0571,Quinn Anderson,SAL0058,995.28,USD,2025-06-18
PAY0271,Riley Davis,SAL0902,1441.48,EUR,2025-06-19
PAY0721,Quinn Smith,SAL0697,364.66,USD,2025-06-20
PAY0763,Taylor Wilson,SAL0640,292.1,EUR,2025-06-21
PAY0576,Riley Jackson,,71.86,EUR,2025-06-22
PAY0129,Robin Wilson,SAL0151,472.51,USD,2025-06-23
PAY0091,Jamie Jackson,SAL0318,912.01,USD,2025-06-24
PAY0751,Quinn Jackson,SAL0548,1341.95,USD,2025-06-25
PAY0395,Quinn Smith,SAL0025,152.21,USD,2025-06-26
PAY0497,Alex Anderson,,443.39,USD,2025-06-27
PAY0679,Robin Davis,SAL0900,228.2,EUR,2025-06-28
PAY0122,Casey Smith,,1650.03,USD,2025-06-29
PAY0188,Morgan Brown,SAL0502,1679.0,USD,2025-06-30
PAY0491,Morgan Thomas,SAL0074,1049.38,EUR,2025-07-01
PAY0064,Alex Wilson,SAL0497,1268.11,EUR,2025-07-02
PAY0359,Jordan Thomas,,466.87,EUR,2025-07-03
PAY0019,Jamie Davis,,1325.29,USD,2025-07-04
PAY0618,Jamie Taylor,SAL0740,178.73,EUR,2025-07-05
PAY0639,Jordan Johnson,SAL0013,181.3,USD,2025-07-06
PAY0945,Alex Moore,SAL0579,1967.05,USD,2025-07-07
PAY0153,Avery Brown,SAL0753,541.28,USD,2025-07-08
PAY0546,Robin Anderson,SAL0588,807.7,USD,2025-07-09
PAY0669,Riley Jackson,SAL0249,1773.74,EUR,2025-07-10
PAY0045,Avery Brown,SAL0821,181.65,USD,2025-07-11
PAY0448,Riley Johnson,SAL0229,795.62,USD,2025-07-12
PAY0095,Jordan Smith,SAL0160,503.58,USD,2025-07-13
PAY0185,Morgan Johnson,SAL0916,1526.63,USD,2025-07-14
PAY0301,Taylor Taylor,SAL0335,628.4,USD,2025-07-15
PAY0025,Morgan Anderson,SAL0350,514.22,EUR,2025-07-16
PAY0712,Taylor Smith,SAL0842,592.35,USD,2025-07-17
PAY0859,Avery Davis,SAL0329,1634.79,USD,2025-07-18
PAY0646,Jamie Wilson,SAL0123,718.32,USD,2025-07-19
PAY0929,Jordan Davis,SAL0801,1612.83,USD,2025-07-20
PAY0070,Riley Brown,SAL0004,677.19,EUR,2025-07-21
PAY0164,Jamie Moore,SAL0009,1008.7,USD,2025-07-22
PAY0441,Jordan Brown,SAL0622,448.23,USD,2025-07-23
PAY0334,Robin Thomas,SAL0881,1600.7,USD,2025-07-24
PAY0899,Avery Davis,SAL0852,1463.73,EUR,2025-07-25
PAY0644,Morgan Johnson,SAL0299,876.83,USD,2025-07-26
PAY0448,Riley Johnson,SAL0229,1937.07,USD,2025-07-27
PAY0869,Alex Davis,SAL0873,1904.48,EUR,2025-07-28
PAY0337,Taylor Brown,,910.68,EUR,2025-07-29
PAY0058,Casey Jackson,SAL0994,1535.76,EUR,2025-07-30
PAY0953,Riley Jackson,SAL0831,1097.54,USD,2025-07-31
PAY0632,Jordan Taylor,SAL0467,934.53,EUR,2025-08-01
PAY0793,Quinn Davis,SAL0524,699.81,EUR,2025-08-02
PAY0295,Jamie Jackson,SAL0244,75.03,EUR,2025-08-03
PAY0340,Avery Davis,SAL0209,819.57,EUR,2025-08-04
PAY0751,Quinn Jackson,,1975.67,USD,2025-08-05
PAY0475,Casey Taylor,SAL0248,292.73,USD,2025-08-06
PAY0937,Morgan Brown,SAL0980,547.75,EUR,2025-08-07
PAY0134,Robin Johnson,SAL0407,1392.55,USD,2025-08-08
PAY0116,Avery Johnson,SAL0333,531.24,EUR,2025-08-09
PAY0050,Alex Thomas,SAL0656,1427.79,USD,2025-08-10
PAY0152,Quinn Johnson,SAL0401,559.59,EUR,2025-08-11
PAY0951,Quinn Davis,,532.46,USD,2025-08-12
PAY0903,Avery Wilson,,1437.64,EUR,2025-08-13
PAY0548,Casey Jackson,SAL0790,1806.94,USD,2025-08-14
PAY0469,Casey Smith,SAL0960,882.4,EUR,2025-08-15
PAY0285,Robin Johnson,SAL0692,1778.97,EUR,2025-08-16
PAY0164,Jamie Moore,SAL0009,223.3,EUR,2025-08-17
PAY0226,Casey Brown,SAL0963,458.57,EUR,2025-08-18
PAY0316,Jordan Johnson,SAL0820,1641.96,USD,2025-08-19
PAY0982,Alex Taylor,SAL0997,1073.68,EUR,2025-08-20
PAY0916,Riley Wilson,SAL0324,780.57,USD,2025-08-21
PAY0209,Riley Smith,SAL0387,1899.54,EUR,2025-08-22
PAY0767,Avery Smith,SAL0140,441.83,USD,2025-08-23
PAY0072,Taylor Brown,,1966.75,EUR,2025-08-24
PAY0725,Jamie Taylor,SAL0734,1743.31,USD,2025-08-25
PAY0036,Avery Brown,SAL0542,293.13,USD,2025-08-26
PAY0213,Morgan Jackson,SAL0102,981.9,USD,2025-08-27
PAY0085,Jordan Wilson,SAL0156,1912.67,USD,2025-08-28
PAY0992,Robin Thomas,SAL0378,64.16,EUR,2025-08-29
PAY0504,Casey Wilson,SAL0808,707.21,EUR,2025-08-30
PAY0464,Riley Taylor,SAL0987,719.0,EUR,2025-08-31
PAY0385,Alex Wilson,SAL0239,827.02,USD,2025-09-01
PAY0605,Morgan Anderson,SAL0909,245.35,EUR,2025-09-02
PAY0224,Alex Moore,SAL0363,1679.07,USD,2025-09-03
PAY0339,Alex Moore,SAL0868,1084.73,USD,2025-09-04
PAY0942,Jamie Thomas,,1334.81,EUR,2025-09-05
PAY0986,Avery Brown,SAL0673,56.1,EUR,2025-09-06
PAY0250,Casey Thomas,SAL0689,139.22,EUR,2025-09-07
PAY0856,Alex Smith,SAL0303,994.85,USD,2025-09-08
PAY0285,Robin Johnson,SAL0692,1721.35,USD,2025-09-09
PAY0856,Alex Smith,SAL0303,430.4,USD,2025-09-10
PAY0499,Morgan Moore,SAL0743,1720.77,USD,2025-09-11
PAY0104,Robin Jackson,SAL0382,1673.09,EUR,2025-09-12
PAY0788,Riley Thomas,SAL0251,275.57,USD,2025-09-13
PAY0501,Casey Thomas,SAL0322,1891.21,USD,2025-09-14
PAY0229,Jordan Johnson,SAL0776,362.46,EUR,2025-09-15
PAY0618,Jamie Taylor,SAL0740,1452.39,EUR,2025-09-16
PAY0409,Jamie Davis,SAL0531,1347.68,EUR,2025-09-17
PAY0568,Quinn Johnson,SAL0849,1750.28,USD,2025-09-18
PAY0303,Morgan Jackson,SAL0885,1449.01,EUR,2025-09-19
PAY0038,Taylor Thomas,SAL0633,1719.47,USD,2025-09-20
PAY0540,Jordan Taylor,SAL0173,220.98,USD,2025-09-21
PAY0109,Avery Wilson,SAL0148,416.9,USD,2025-09-22
PAY0629,Quinn Thomas,,661.08,EUR,2025-09-23
PAY0458,Jordan Johnson,SAL0755,170.68,USD,2025-09-24
PAY0911,Riley Johnson,SAL0700,1554.0,USD,2025-09-25
PAY0124,Morgan Taylor,SAL0268,483.18,EUR,2025-09-26
PAY0742,Alex Davis,SAL0241,332.17,EUR,2025-09-27
PAY0672,Jordan Wilson,SAL0207,938.78,EUR,2025-09-28
PAY0440,Alex Davis,SAL0396,1612.52,USD,2025-09-29
PAY0209,Riley Smith,SAL0387,1981.15,USD,2025-09-30
PAY0071,Robin Smith,SAL0919,982.65,USD,2025-10-01
PAY0038,Taylor Thomas,SAL0633,784.58,EUR,2025-10-02
PAY0833,Casey Thomas,SAL0624,1703.74,USD,2025-10-03
PAY0384,Taylor Johnson,SAL0109,1737.59,USD,2025-10-04
PAY0988,Jordan Anderson,SAL0435,633.25,USD,2025-10-05
PAY0988,Jordan Anderson,SAL0435,707.95,EUR,2025-10-06
PAY0994,Alex Jackson,SAL0357,190.06,EUR,2025-10-07
PAY0987,Jamie Moore,SAL0574,1719.69,EUR,2025-10-08
PAY0172,Quinn Smith,SAL0931,1592.99,USD,2025-10-09
PAY0732,Morgan Anderson,SAL0284,942.19,USD,2025-10-10
PAY0288,Jordan Anderson,,990.76,USD,2025-10-11
PAY0099,Morgan Davis,SAL0059,1483.87,USD,2025-10-12
PAY0703,Taylor Wilson,SAL0811,1372.72,USD,2025-10-13
PAY0130,Alex Brown,SAL0552,1691.24,USD,2025-10-14
PAY0682,Alex Smith,,1892.87,USD,2025-10-15
PAY0272,Robin Anderson,SAL0367,1207.12,USD,2025-10-16
PAY0644,Morgan Johnson,,116.29,USD,2025-10-17
PAY0274,Robin Anderson,SAL0716,1212.5,USD,2025-10-18
PAY0296,Robin Taylor,SAL0593,1399.0,USD,2025-10-19
PAY0677,Jamie Davis,SAL0243,586.67,EUR,2025-10-20
PAY0042,Riley Brown,SAL0056,211.14,EUR,2025-10-21
PAY0744,Taylor Moore,SAL0176,94.9,EUR,2025-10-22
PAY0864,Casey Smith,SAL0117,1598.97,USD,2025-10-23
PAY0143,Jordan Jackson,SAL0789,895.63,USD,2025-10-24
PAY0821,Morgan Brown,SAL0853,1822.32,USD,2025-10-25
PAY0058,Casey Jackson,SAL0994,817.9,EUR,2025-10-26
PAY0658,Morgan Johnson,SAL0120,1441.81,USD,2025-10-27
PAY0810,Jamie Wilson,,1334.24,USD,2025-10-28
PAY0842,Alex Johnson,SAL0557,400.88,EUR,2025-10-29
PAY0647,Avery Davis,SAL0642,301.19,USD,2025-10-30
PAY0089,Casey Taylor,,550.68,USD,2025-10-31
PAY0675,Jamie Thomas,SAL0431,632.23,USD,2025-11-01
PAY0713,Jamie Smith,SAL0906,534.26,USD,2025-11-02
PAY0146,Alex Moore,SAL0164,1576.46,EUR,2025-11-03
PAY0842,Alex Johnson,SAL0557,660.23,EUR,2025-11-04
PAY0585,Jamie Wilson,SAL0323,1391.46,USD,2025-11-05
PAY0445,Morgan Johnson,SAL0493,634.43,USD,2025-11-06
PAY0698,Riley Wilson,SAL0722,471.28,EUR,2025-11-07
PAY0468,Morgan Wilson,SAL0712,872.93,EUR,2025-11-08
PAY0357,Casey Anderson,SAL0834,368.47,EUR,2025-11-09
PAY0150,Quinn Jackson,SAL0279,879.42,USD,2025-11-10
PAY0102,Riley Thomas,SAL0730,1478.72,USD,2025-11-11
PAY0378,Jamie Johnson,SAL0006,1313.15,USD,2025-11-12
PAY0742,Alex Davis,,1985.28,EUR,2025-11-13
PAY0299,Jamie Davis,SAL0999,201.17,USD,2025-11-14
PAY0028,Jordan Smith,SAL0156,843.22,EUR,2025-11-15
PAY0426,Morgan Smith,,700.36,EUR,2025-11-16
PAY0404,Jordan Anderson,SAL0952,69.23,EUR,2025-11-17
PAY0206,Taylor Davis,SAL0804,1905.98,USD,2025-11-18
PAY0169,Riley Anderson,SAL0055,647.77,EUR,2025-11-19
PAY0987,Jamie Moore,SAL0574,1165.71,EUR,2025-11-20
PAY0442,Taylor Johnson,SAL0359,1798.31,USD,2025-11-21
PAY0372,Jordan Brown,SAL0704,723.09,EUR,2025-11-22
PAY0072,Taylor Brown,SAL0314,68.52,USD,2025-11-23
PAY0206,Taylor Davis,SAL0804,1156.74,EUR,2025-11-24
PAY0291,Morgan Johnson,SAL0180,1950.27,USD,2025-11-25
PAY0648,Quinn Smith,SAL0707,942.68,EUR,2025-11-26
PAY0209,Riley Smith,SAL0387,609.3,EUR,2025-11-27
PAY0870,Casey Wilson,,1851.43,USD,2025-11-28
PAY0628,Jamie Johnson,SAL0075,646.04,EUR,2025-11-29
PAY0869,Alex Davis,SAL0873,199.55,USD,2025-11-30
PAY0137,Jamie Anderson,SAL0477,161.95,EUR,2025-12-01
PAY0305,Casey Davis,SAL0945,1754.99,EUR,2025-12-02
PAY0938,Alex Moore,SAL0610,985.33,USD,2025-12-03
PAY0064,Alex Wilson,SAL0497,1826.23,USD,2025-12-04
PAY0512,Riley Wilson,SAL0523,1511.85,USD,2025-12-05
PAY0364,Robin Taylor,SAL0416,1844.89,USD,2025-12-06
PAY0739,Quinn Davis,SAL0112,1863.86,USD,2025-12-07
PAY0962,Riley Brown,SAL0122,309.97,EUR,2025-12-08
PAY0428,Riley Moore,SAL0661,789.23,EUR,2025-12-09
PAY0026,Taylor Moore,SAL0052,1374.17,USD,2025-12-10
PAY0386,Taylor Anderson,SAL0454,566.26,USD,2025-12-11
PAY0641,Casey Brown,SAL0826,474.05,EUR,2025-12-12
PAY0662,Riley Thomas,SAL0066,1660.17,USD,2025-12-13
PAY0399,Jordan Johnson,SAL0517,1002.12,EUR,2025-12-14
PAY0267,Robin Taylor,,631.78,USD,2025-12-15
PAY0767,Avery Smith,SAL0420,834.03,USD,2025-12-16
PAY0890,Robin Smith,SAL0685,215.25,USD,2025-12-17
PAY0559,Taylor Davis,SAL0260,353.48,EUR,2025-12-18
PAY0525,Jordan Davis,SAL0288,633.61,EUR,2025-12-19
PAY0177,Taylor Wilson,,575.49,EUR,2025-12-20
PAY0530,Morgan Moore,SAL0014,322.76,EUR,2025-12-21
PAY0273,Morgan Moore,SAL0733,265.8,EUR,2025-12-22
PAY0131,Jordan Wilson,SAL0870,1500.65,USD,2025-12-23
PAY0663,Jordan Taylor,,984.63,EUR,2025-12-24
PAY0977,Alex Jackson,SAL0371,1016.36,USD,2025-12-25
PAY0160,Robin Brown,SAL0385,1465.69,EUR,2025-12-26
PAY0841,Casey Smith,SAL0018,91.25,USD,2025-12-27
PAY0497,Alex Anderson,SAL0802,1384.65,USD,2025-12-28
PAY0262,Alex Brown,SAL0292,1954.06,USD,2025-12-29
PAY0047,Jamie Taylor,SAL0860,997.56,EUR,2025-12-30
PAY0043,Jamie Davis,SAL0471,1046.92,USD,2025-12-31
PAY0817,Avery Thomas,SAL0745,563.88,USD,2026-01-01
PAY0273,Morgan Moore,SAL0733,974.09,USD,2026-01-02
PAY0381,Avery Davis,SAL0264,403.32,USD,2026-01-03
PAY0892,Quinn Wilson,SAL0285,124.81,USD,2026-01-04
PAY0826,Jamie Taylor,SAL0086,1252.11,USD,2026-01-05
PAY0904,Riley Wilson,SAL0866,1073.69,USD,2026-01-06
PAY0060,Jordan Taylor,SAL0218,169.63,EUR,2026-01-07
PAY0520,Casey Taylor,SAL0265,575.03,EUR,2026-01-08
PAY0526,Riley Jackson,,531.59,USD,2026-01-09
PAY0196,Quinn Taylor,SAL0545,1337.84,EUR,2026-01-10
PAY0697,Taylor Taylor,SAL0395,1821.54,USD,2026-01-11
PAY0663,Jordan Taylor,SAL0465,1008.01,EUR,2026-01-12
PAY0724,Taylor Brown,SAL0914,76.64,USD,2026-01-13
PAY0723,Jordan Anderson,SAL0925,754.7,EUR,2026-01-14
PAY0833,Casey Thomas,SAL0624,1189.44,USD,2026-01-15
PAY0102,Riley Thomas,SAL0147,1498.05,USD,2026-01-16
PAY0602,Robin Brown,SAL0824,421.35,EUR,2026-01-17
PAY0410,Morgan Davis,SAL0496,1115.83,EUR,2026-01-18
PAY0669,Riley Jackson,SAL0249,443.9,USD,2026-01-19
PAY0526,Riley Jackson,SAL0165,1123.47,EUR,2026-01-20
PAY0411,Alex Smith,SAL0657,727.31,EUR,2026-01-21
PAY0900,Robin Brown,SAL0376,1826.16,USD,2026-01-22
PAY0765,Taylor Johnson,SAL0882,1907.27,USD,2026-01-23
PAY0546,Robin Anderson,SAL0588,1936.6,EUR,2026-01-24
PAY0093,Riley Thomas,SAL0581,1599.06,USD,2026-01-25
PAY0333,Avery Taylor,SAL0660,1385.15,USD,2026-01-26
PAY0345,Casey Brown,SAL0446,1146.87,EUR,2026-01-27
PAY0831,Taylor Smith,SAL0134,408.93,USD,2026-01-28
PAY0546,Robin Anderson,SAL0588,67.28,EUR,2026-01-29
PAY0985,Casey Moore,SAL0805,554.73,USD,2026-01-30
PAY0698,Riley Wilson,SAL0602,282.25,USD,2026-01-31
PAY0515,Robin Thomas,SAL0282,126.23,USD,2026-02-01
PAY0705,Jamie Wilson,SAL0779,309.29,USD,2026-02-02
PAY0655,Jamie Wilson,SAL0042,459.45,USD,2026-02-03
PAY0902,Jordan Anderson,SAL0983,1230.06,EUR,2026-02-04
PAY0728,Jordan Smith,SAL0247,1121.09,USD,2026-02-05
PAY0763,Taylor Wilson,,683.04,USD,2026-02-06
PAY0655,Jamie Wilson,SAL0042,743.19,EUR,2026-02-07
PAY0396,Jordan Thomas,SAL0211,1331.77,USD,2026-02-08
PAY0677,Jamie Davis,SAL0243,1894.03,EUR,2026-02-09
PAY0094,Taylor Johnson,,1124.21,EUR,2026-02-10
PAY0283,Taylor Davis,SAL0578,1184.24,EUR,2026-02-11
PAY0556,Robin Jackson,,1466.26,EUR,2026-02-12
PAY0619,Taylor Johnson,SAL0819,1017.12,EUR,2026-02-13
PAY0317,Robin Brown,SAL0851,1160.83,USD,2026-02-14
PAY0666,Jordan Taylor,SAL0986,367.69,USD,2026-02-15
PAY0877,Casey Davis,SAL0346,416.3,USD,2026-02-16
PAY0133,Jordan Taylor,SAL0124,1822.81,EUR,2026-02-17
PAY0738,Alex Smith,SAL0019,1467.19,USD,2026-02-18
PAY0345,Casey Brown,SAL0446,90.4,USD,2026-02-19
PAY0101,Casey Moore,,135.29,USD,2026-02-20
PAY0688,Quinn Johnson,SAL0889,1880.27,USD,2026-02-21
PAY0937,Morgan Brown,,1593.74,EUR,2026-02-22
PAY0956,Alex Anderson,,321.5,EUR,2026-02-23
PAY0646,Jamie Wilson,SAL0636,983.87,USD,2026-02-24
PAY0481,Quinn Thomas,SAL0005,1273.6,USD,2026-02-25
PAY0417,Riley Davis,SAL0993,1112.05,USD,2026-02-26
PAY0445,Morgan Johnson,SAL0493,52.36,USD,2026-02-27
PAY0258,Jordan Smith,SAL0095,337.38,EUR,2026-02-28
PAY0345,Casey Brown,SAL0446,1389.19,USD,2026-03-01
PAY0186,Avery Thomas,SAL0720,248.39,EUR,2026-03-02
PAY0547,Quinn Smith,SAL0162,280.78,USD,2026-03-03
PAY0444,Casey Wilson,SAL0962,397.23,EUR,2026-03-04
PAY0844,Robin Johnson,SAL0665,342.93,EUR,2026-03-05
PAY0326,Jamie Wilson,SAL0301,1757.03,EUR,2026-03-06
PAY0498,Casey Anderson,SAL0199,1869.12,USD,2026-03-07
PAY0973,Alex Moore,SAL0672,1328.92,EUR,2026-03-08
PAY0254,Quinn Taylor,SAL0659,1603.86,EUR,2026-03-09
PAY0141,Quinn Taylor,SAL0760,883.53,EUR,2026-03-10
PAY0353,Alex Brown,SAL0222,404.65,EUR,2026-03-11
PAY0465,Quinn Davis,SAL0741,988.51,EUR,2026-03-12
PAY0547,Quinn Smith,SAL0437,319.53,USD,2026-03-13
PAY0543,Quinn Taylor,SAL0441,1100.56,EUR,2026-03-14
PAY0345,Casey Brown,SAL0446,213.05,EUR,2026-03-15
PAY0690,Taylor Thomas,,1509.15,USD,2026-03-16
PAY0283,Taylor Davis,,1988.12,USD,2026-03-17
PAY0937,Morgan Brown,SAL0980,310.51,USD,2026-03-18
PAY0879,Taylor Taylor,SAL0611,1705.07,USD,2026-03-19
PAY0819,Alex Moore,SAL0383,1713.96,EUR,2026-03-20
PAY0888,Alex Johnson,SAL0313,1506.64,USD,2026-03-21
PAY0688,Quinn Johnson,SAL0889,786.05,USD,2026-03-22
PAY0999,Avery Moore,,155.46,USD,2026-03-23
PAY0314,Morgan Anderson,SAL0464,1683.0,USD,2026-03-24
PAY0037,Avery Johnson,SAL0226,204.04,USD,2026-03-25
PAY0908,Quinn Thomas,SAL0738,1542.56,EUR,2026-03-26
PAY0397,Robin Jackson,SAL0835,1412.2,EUR,2026-03-27
PAY0122,Casey Smith,,915.75,USD,2026-03-28
PAY0097,Robin Jackson,SAL0203,1768.26,USD,2026-03-29
PAY0081,Morgan Thomas,SAL0460,362.68,EUR,2026-03-30
PAY0628,Jamie Johnson,SAL0075,1758.15,EUR,2026-03-31
PAY0632,Jordan Taylor,SAL0467,1433.24,EUR,2026-04-01
PAY0519,Quinn Jackson,SAL0591,229.28,EUR,2026-04-02
PAY0795,Quinn Brown,SAL0933,463.14,USD,2026-04-03
PAY0321,Jamie Thomas,SAL0880,1504.69,USD,2026-04-04
PAY0314,Morgan Anderson,SAL0921,660.72,EUR,2026-04-05
PAY0565,Morgan Thomas,,1616.51,EUR,2026-04-06
PAY0583,Avery Brown,SAL0108,201.73,EUR,2026-04-07
PAY0755,Jamie Davis,SAL0614,1106.06,USD,2026-04-08
PAY0932,Alex Smith,SAL0196,1823.89,USD,2026-04-09
PAY0572,Taylor Jackson,SAL0409,113.12,EUR,2026-04-10
PAY0700,Casey Thomas,SAL0137,137.51,EUR,2026-04-11
PAY0619,Taylor Johnson,SAL0819,1889.84,USD,2026-04-12
PAY0654,Robin Thomas,SAL0658,826.37,USD,2026-04-13
PAY0560,Morgan Jackson,,743.88,USD,2026-04-14
PAY0646,Jamie Wilson,SAL0123,844.21,USD,2026-04-15
PAY0772,Jamie Thomas,SAL0674,1194.99,EUR,2026-04-16
PAY0540,Jordan Taylor,SAL0173,364.38,EUR,2026-04-17
PAY0619,Taylor Johnson,SAL0819,1908.0,USD,2026-04-18
PAY0596,Robin Moore,SAL0669,324.68,USD,2026-04-19
PAY0062,Alex Jackson,SAL0353,1984.94,EUR,2026-04-20
PAY0914,Jamie Taylor,SAL0376,617.14,EUR,2026-04-21
PAY0854,Morgan Moore,SAL0234,1381.6,USD,2026-04-22
PAY0856,Alex Smith,SAL0303,196.25,USD,2026-04-23
PAY0216,Taylor Smith,,1619.22,USD,2026-04-24
PAY0309,Quinn Wilson,SAL0794,1741.69,USD,2026-04-25
PAY0492,Casey Davis,SAL0839,380.95,EUR,2026-04-26
PAY0392,Casey Wilson,SAL0860,758.49,USD,2026-04-27
PAY0462,Riley Thomas,,948.45,EUR,2026-04-28
PAY0803,Taylor Taylor,SAL0205,1852.11,USD,2026-04-29
PAY0647,Avery Davis,SAL0642,758.77,EUR,2026-04-30
PAY0708,Riley Moore,SAL0461,1377.14,EUR,2026-05-01
PAY0681,Quinn Johnson,SAL0702,661.61,USD,2026-05-02
PAY0400,Riley Moore,SAL0812,562.51,USD,2026-05-03
PAY0707,Morgan Brown,SAL0186,1495.03,USD,2026-05-04
PAY0201,Avery Jackson,SAL0230,351.4,USD,2026-05-05
PAY0897,Riley Johnson,,828.6,USD,2026-05-06
PAY0724,Taylor Brown,SAL0914,232.33,EUR,2026-05-07
PAY0804,Casey Wilson,SAL0959,1645.67,USD,2026-05-08
PAY0925,Taylor Johnson,SAL0187,1839.05,EUR,2026-05-09
PAY0019,Jamie Davis,SAL0219,691.01,EUR,2026-05-10
PAY0955,Jordan Taylor,SAL0388,464.64,EUR,2026-05-11
PAY0478,Robin Wilson,SAL0850,1112.91,EUR,2026-05-12
PAY0911,Riley Johnson,SAL0700,1158.0,EUR,2026-05-13
PAY0142,Casey Brown,SAL0700,888.71,EUR,2026-05-14
PAY0574,Casey Wilson,SAL0111,94.74,EUR,2026-05-15
PAY0916,Riley Wilson,SAL0324,213.0,USD,2026-05-16
PAY0554,Morgan Anderson,SAL0101,1753.86,EUR,2026-05-17
PAY0963,Morgan Jackson,SAL0347,1355.81,EUR,2026-05-18
PAY0306,Jamie Davis,SAL0934,1795.17,EUR,2026-05-19
PAY0923,Morgan Anderson,SAL0228,437.28,EUR,2026-05-20
PAY0753,Casey Brown,SAL0044,1578.52,EUR,2026-05-21
PAY0871,Morgan Davis,SAL0319,808.82,USD,2026-05-22
PAY0273,Morgan Moore,SAL0733,201.73,USD,2026-05-23
PAY0795,Quinn Brown,SAL0933,1659.21,EUR,2026-05-24
PAY0265,Riley Johnson,SAL0736,337.6,EUR,2026-05-25
PAY0242,Robin Anderson,SAL0583,562.47,USD,2026-05-26
PAY0758,Riley Taylor,SAL0508,926.19,USD,2026-05-27
PAY0986,Avery Brown,SAL0673,869.34,USD,2026-05-28
PAY0326,Jamie Wilson,SAL0301,459.04,USD,2026-05-29
PAY0112,Casey Brown,SAL0495,78.02,EUR,2026-05-30
PAY0209,Riley Smith,SAL0387,1647.15,USD,2026-05-31
PAY0727,Avery Smith,SAL0891,857.4,EUR,2026-06-01
PAY0899,Avery Davis,SAL0852,1070.18,EUR,2026-06-02
PAY0957,Casey Johnson,SAL0604,885.35,USD,2026-06-03
PAY0839,Riley Wilson,SAL0169,899.96,EUR,2026-06-04
PAY0672,Jordan Wilson,SAL0207,903.11,EUR,2026-06-05
PAY0230,Robin Davis,SAL0308,1621.58,USD,2026-06-06
PAY0163,Avery Wilson,,1868.37,USD,2026-06-07
PAY0705,Jamie Wilson,SAL0779,1112.23,EUR,2026-06-08
PAY0643,Casey Johnson,SAL0232,615.31,EUR,2026-06-09
PAY0825,Alex Jackson,SAL0541,793.11,USD,2026-06-10
PAY0818,Quinn Taylor,SAL0021,1936.85,EUR,2026-06-11
PAY0631,Riley Thomas,,1580.04,EUR,2026-06-12
PAY0815,Jordan Jackson,SAL0028,486.68,EUR,2026-06-13
PAY0811,Riley Thomas,SAL0793,649.42,EUR,2026-06-14
PAY0804,Casey Wilson,SAL0959,1822.67,USD,2026-06-15
PAY0611,Avery Johnson,SAL0340,780.09,EUR,2026-06-16
PAY0234,Jordan Jackson,,521.57,EUR,2026-06-17
PAY0214,Riley Anderson,SAL0269,1665.67,EUR,2026-06-18
PAY0701,Riley Johnson,SAL0214,1955.84,USD,2026-06-19
PAY0041,Jamie Davis,SAL0434,358.97,USD,2026-06-20
PAY0318,Quinn Moore,SAL0392,280.83,EUR,2026-06-21
PAY0513,Quinn Brown,SAL0254,557.45,USD,2026-06-22
PAY0619,Taylor Johnson,,231.87,EUR,2026-06-23
PAY0181,Taylor Wilson,SAL0302,104.25,USD,2026-06-24
PAY0795,Quinn Brown,SAL0933,1481.63,EUR,2026-06-25
PAY0355,Casey Jackson,SAL0290,517.46,USD,2026-06-26
PAY0829,Riley Anderson,SAL0702,528.25,EUR,2026-06-27
PAY0730,Quinn Taylor,SAL0235,586.18,USD,2026-06-28
PAY0377,Taylor Anderson,SAL0369,1740.53,USD,2026-06-29
PAY0840,Avery Smith,SAL0512,258.8,EUR,2026-06-30
PAY0619,Taylor Johnson,SAL0648,200.89,EUR,2026-07-01
PAY0994,Alex Jackson,SAL0357,246.31,USD,2026-07-02
PAY0609,Alex Johnson,SAL0297,1270.08,USD,2026-07-03
PAY0464,Riley Taylor,SAL0987,661.49,EUR,2026-07-04
PAY0554,Morgan Anderson,SAL0101,69.77,USD,2026-07-05
PAY0856,Alex Smith,SAL0303,1716.88,USD,2026-07-06
PAY0876,Quinn Thomas,SAL0926,1990.09,USD,2026-07-07
PAY0951,Quinn Davis,SAL0430,1856.84,USD,2026-07-08
PAY0922,Jamie Taylor,SAL0711,1060.09,USD,2026-07-09
PAY0780,Taylor Davis,SAL0270,1802.22,USD,2026-07-10
PAY0438,Morgan Brown,SAL0768,1469.1,USD,2026-07-11
PAY0679,Robin Davis,,1908.8,EUR,2026-07-12
PAY0763,Taylor Wilson,SAL0640,960.74,EUR,2026-07-13
PAY0401,Casey Wilson,SAL0116,426.46,USD,2026-07-14
PAY0604,Morgan Davis,,1925.65,USD,2026-07-15
PAY0757,Riley Smith,SAL0161,373.02,USD,2026-07-16
PAY0322,Riley Wilson,SAL0398,1771.57,EUR,2026-07-17
PAY0918,Jordan Taylor,SAL0532,671.56,USD,2026-07-18
PAY0679,Robin Davis,SAL0410,1155.93,EUR,2026-07-19
PAY0400,Riley Moore,SAL0812,376.14,USD,2026-07-20
PAY0073,Alex Smith,,849.13,EUR,2026-07-21
PAY0782,Casey Brown,SAL0334,1627.63,EUR,2026-07-22
PAY0944,Jordan Thomas,SAL0135,191.65,EUR,2026-07-23
PAY0840,Avery Smith,SAL0065,68.78,USD,2026-07-24
PAY0588,Riley Smith,SAL0634,1156.57,EUR,2026-07-25
PAY0549,Jordan Taylor,SAL0450,801.9,USD,2026-07-26
PAY0103,Jamie Wilson,SAL0856,592.19,USD,2026-07-27
PAY0131,Jordan Wilson,SAL0870,1380.16,EUR,2026-07-28
PAY0890,Robin Smith,SAL0685,434.39,EUR,2026-07-29
PAY0131,Jordan Wilson,SAL0870,282.56,EUR,2026-07-30
PAY0686,Riley Moore,SAL0007,796.57,USD,2026-07-31
PAY0651,Jamie Jackson,SAL0226,1719.4,USD,2026-08-01
PAY0167,Robin Thomas,SAL0174,1691.2,EUR,2026-08-02
PAY0603,Casey Anderson,SAL0274,1078.65,EUR,2026-08-03
PAY0484,Alex Jackson,SAL0838,235.48,EUR,2026-08-04
PAY0304,Taylor Smith,,1519.7,EUR,2026-08-05
PAY0349,Casey Thomas,SAL0276,1244.03,EUR,2026-08-06
PAY0349,Casey Thomas,SAL0276,1704.91,USD,2026-08-07
PAY0417,Riley Davis,SAL0993,107.11,USD,2026-08-08
PAY0459,Quinn Jackson,SAL0504,1987.4,EUR,2026-08-09
PAY0447,Casey Smith,SAL0070,1462.01,EUR,2026-08-10
PAY0562,Robin Smith,SAL0773,1871.52,USD,2026-08-11
PAY0683,Robin Anderson,SAL0391,143.61,EUR,2026-08-12
PAY0274,Robin Anderson,SAL0716,1244.86,EUR,2026-08-13
PAY0227,Riley Thomas,SAL0528,318.64,EUR,2026-08-14
PAY0645,Casey Johnson,SAL0783,338.6,EUR,2026-08-15
PAY0840,Avery Smith,SAL0512,1067.44,USD,2026-08-16
PAY0358,Quinn Jackson,SAL0373,1953.88,EUR,2026-08-17
PAY0704,Robin Johnson,SAL0444,229.01,EUR,2026-08-18
PAY0783,Jordan Anderson,SAL0763,1679.31,USD,2026-08-19
PAY0406,Morgan Wilson,SAL0584,451.49,USD,2026-08-20
PAY0097,Robin Jackson,SAL0203,464.33,USD,2026-08-21
PAY0986,Avery Brown,SAL0673,1000.91,EUR,2026-08-22
PAY0669,Riley Jackson,SAL0249,1078.91,EUR,2026-08-23
PAY0360,Jordan Davis,SAL0722,935.34,USD,2026-08-24
PAY0354,Casey Taylor,SAL0100,303.62,EUR,2026-08-25
PAY0574,Casey Wilson,SAL0111,1259.93,USD,2026-08-26
PAY0435,Avery Brown,SAL0600,591.78,USD,2026-08-27
PAY0859,Avery Davis,SAL0329,249.03,EUR,2026-08-28
PAY0520,Casey Taylor,SAL0265,519.1,EUR,2026-08-29
PAY0312,Riley Johnson,SAL0422,1340.68,EUR,2026-08-30
PAY0705,Jamie Wilson,SAL0779,1123.09,EUR,2026-08-31
PAY0729,Jamie Taylor,SAL0330,1029.27,EUR,2026-09-01
PAY0868,Avery Thomas,SAL0069,240.73,EUR,2026-09-02
PAY0934,Casey Thomas,,623.31,EUR,2026-09-03
PAY0325,Morgan Johnson,SAL0526,1234.52,EUR,2026-09-04
PAY0408,Quinn Taylor,SAL0662,535.44,USD,2026-09-05
PAY0488,Robin Johnson,SAL0948,119.59,EUR,2026-09-06
PAY0895,Jamie Thomas,SAL0687,587.15,EUR,2026-09-07
PAY0618,Jamie Taylor,SAL0740,1481.15,EUR,2026-09-08
PAY0881,Jordan Taylor,SAL0913,446.97,EUR,2026-09-09
PAY0837,Taylor Moore,SAL0490,56.06,USD,2026-09-10
PAY0468,Morgan Wilson,SAL0712,979.68,EUR,2026-09-11
PAY0460,Jordan Davis,SAL0767,381.95,USD,2026-09-12
PAY0804,Casey Wilson,SAL0959,937.67,USD,2026-09-13
PAY0031,Casey Thomas,SAL0903,90.61,EUR,2026-09-14
PAY0130,Alex Brown,SAL0552,1532.51,USD,2026-09-15
PAY0092,Jamie Anderson,SAL0597,51.96,USD,2026-09-16
PAY0402,Taylor Jackson,SAL0342,83.91,EUR,2026-09-17
PAY0081,Morgan Thomas,SAL0460,376.24,USD,2026-09-18
PAY0732,Morgan Anderson,SAL0284,1617.59,EUR,2026-09-19
PAY0818,Quinn Taylor,SAL0989,1980.1,EUR,2026-09-20
PAY0650,Alex Johnson,SAL0170,944.56,EUR,2026-09-21
PAY0714,Casey Brown,SAL0316,1059.77,EUR,2026-09-22
PAY0848,Jamie Taylor,SAL0971,1470.02,USD,2026-09-23
PAY0406,Morgan Wilson,SAL0584,479.5,USD,2026-09-24
PAY0644,Morgan Johnson,SAL0299,1176.29,EUR,2026-09-25
PAY0493,Jordan Taylor,SAL0320,427.99,EUR,2026-09-26
PAY0967,Jamie Anderson,SAL0507,1272.44,EUR,2026-09-27
PAY0909,Jordan Thomas,,567.35,EUR,2026-09-28
PAY0433,Taylor Thomas,,863.72,EUR,2026-09-29
PAY0377,Taylor Anderson,SAL0369,1064.15,EUR,2026-09-30
PAY0322,Riley Wilson,SAL0398,1600.9,EUR,2026-10-01
PAY0301,Taylor Taylor,,1858.1,USD,2026-10-02
PAY0075,Alex Moore,SAL0406,1935.01,USD,2026-10-03
PAY0747,Casey Johnson,SAL0723,1609.58,USD,2026-10-04
PAY0993,Robin Moore,SAL0888,1659.67,USD,2026-10-05
PAY0562,Robin Smith,SAL0773,889.13,USD,2026-10-06
PAY0278,Riley Jackson,SAL0652,1763.51,USD,2026-10-07
PAY0263,Jordan Davis,SAL0543,328.16,USD,2026-10-08
PAY0540,Jordan Taylor,SAL0173,476.77,EUR,2026-10-09
PAY0177,Taylor Wilson,SAL0917,1373.08,EUR,2026-10-10
PAY0449,Casey Thomas,SAL0918,559.46,EUR,2026-10-11
PAY0454,Morgan Thomas,SAL0955,899.84,EUR,2026-10-12
PAY0422,Morgan Jackson,SAL0263,1546.94,EUR,2026-10-13
PAY0679,Robin Davis,SAL0410,637.07,USD,2026-10-14
PAY0564,Riley Taylor,SAL0629,1114.37,EUR,2026-10-15
PAY0311,Taylor Jackson,SAL0505,320.29,EUR,2026-10-16
PAY0101,Casey Moore,SAL0883,1386.07,EUR,2026-10-17
PAY0363,Taylor Wilson,SAL0874,869.99,EUR,2026-10-18
PAY0035,Taylor Johnson,SAL0328,1917.11,EUR,2026-10-19
PAY0668,Alex Wilson,SAL0116,1818.36,USD,2026-10-20
PAY0353,Alex Brown,SAL0222,1260.73,EUR,2026-10-21
PAY0198,Riley Anderson,SAL0433,835.74,USD,2026-10-22
PAY0799,Alex Thomas,SAL0215,1686.44,USD,2026-10-23
PAY0068,Riley Taylor,SAL0381,700.29,USD,2026-10-24
PAY0045,Avery Brown,SAL0821,1396.66,USD,2026-10-25
PAY0739,Quinn Davis,SAL0112,1046.1,USD,2026-10-26
PAY0287,Taylor Taylor,SAL0897,1146.0,EUR,2026-10-27
PAY0331,Morgan Wilson,,1711.9,EUR,2026-10-28
PAY0109,Avery Wilson,SAL0148,62.58,EUR,2026-10-29
PAY0780,Taylor Davis,SAL0270,180.93,USD,2026-10-30
PAY0015,Jamie Johnson,SAL0570,238.88,USD,2026-10-31
PAY0375,Casey Davis,,1036.32,EUR,2026-11-01
PAY0920,Avery Smith,SAL0920,838.89,USD,2026-11-02
PAY0430,Avery Anderson,SAL0250,1652.29,EUR,2026-11-03
PAY0409,Jamie Davis,SAL0531,893.09,USD,2026-11-04
PAY0378,Jamie Johnson,SAL0006,519.33,USD,2026-11-05
PAY0657,Alex Moore,SAL0859,1351.69,EUR,2026-11-06
PAY0994,Alex Jackson,SAL0357,802.35,USD,2026-11-07
PAY0152,Quinn Johnson,,104.54,EUR,2026-11-08
PAY0496,Robin Davis,SAL0366,1182.05,USD,2026-11-09
PAY0208,Alex Moore,SAL0929,916.73,EUR,2026-11-10
PAY0024,Avery Taylor,SAL0598,1459.98,EUR,2026-11-11
PAY0958,Jordan Thomas,SAL0070,1026.24,USD,2026-11-12
PAY0985,Casey Moore,SAL0805,811.72,USD,2026-11-13
PAY0545,Casey Smith,SAL0443,1329.07,EUR,2026-11-14
PAY0021,Morgan Brown,SAL0731,1580.67,EUR,2026-11-15
PAY0513,Quinn Brown,,1686.68,EUR,2026-11-16
PAY0240,Taylor Jackson,SAL0644,1335.0,EUR,2026-11-17
PAY0613,Jamie Johnson,SAL0242,1912.63,EUR,2026-11-18
PAY0014,Alex Wilson,SAL0183,137.61,USD,2026-11-19
PAY0893,Riley Davis,SAL0472,1023.9,EUR,2026-11-20
PAY0462,Riley Thomas,SAL0878,1626.68,USD,2026-11-21
PAY0737,Jamie Taylor,SAL0818,1790.32,EUR,2026-11-22
PAY0770,Quinn Davis,SAL0470,538.44,USD,2026-11-23
PAY0863,Quinn Jackson,SAL0949,1538.54,USD,2026-11-24
PAY0925,Taylor Johnson,SAL0187,1412.52,EUR,2026-11-25
PAY0071,Robin Smith,SAL0919,1135.11,USD,2026-11-26
PAY0130,Alex Brown,SAL0552,607.87,USD,2026-11-27
PAY0850,Casey Jackson,SAL0153,1080.63,USD,2026-11-28
PAY0102,Riley Thomas,,1921.67,USD,2026-11-29
PAY0449,Casey Thomas,SAL0918,60.21,EUR,2026-11-30
PAY0624,Casey Anderson,SAL0008,411.34,EUR,2026-12-01
PAY0871,Morgan Davis,SAL0319,1663.77,EUR,2026-12-02
PAY0629,Quinn Thomas,SAL0372,318.85,USD,2026-12-03
PAY0239,Casey Johnson,SAL0979,1754.25,USD,2026-12-04
PAY0554,Morgan Anderson,SAL0101,246.78,EUR,2026-12-05
PAY0056,Quinn Wilson,,695.29,USD,2026-12-06
PAY0401,Casey Wilson,SAL0956,1664.89,EUR,2026-12-07
PAY0529,Morgan Smith,SAL0482,1749.37,EUR,2026-12-08
PAY0166,Riley Anderson,SAL0159,1713.73,EUR,2026-12-09
PAY0865,Quinn Moore,,1410.16,USD,2026-12-10
PAY0003,Jamie Moore,SAL0488,108.46,EUR,2026-12-11
PAY0031,Casey Thomas,SAL0903,1781.65,USD,2026-12-12
PAY0849,Avery Thomas,SAL0486,1481.05,USD,2026-12-13
PAY0087,Morgan Jackson,SAL0632,1898.6,USD,2026-12-14
PAY0171,Riley Thomas,SAL0305,861.67,USD,2026-12-15
PAY0046,Morgan Jackson,SAL0706,302.46,USD,2026-12-16
PAY0157,Riley Smith,SAL0139,489.23,EUR,2026-12-17
PAY0815,Jordan Jackson,SAL0028,1707.18,USD,2026-12-18
PAY0059,Casey Jackson,SAL0746,1558.55,USD,2026-12-19
PAY0717,Alex Brown,SAL0491,1383.01,USD,2026-12-20
PAY0912,Jordan Smith,SAL0766,1543.08,USD,2026-12-21
PAY0292,Robin Wilson,SAL0080,318.65,EUR,2026-12-22
PAY0357,Casey Anderson,SAL0834,767.03,USD,2026-12-23
PAY0389,Alex Wilson,SAL0091,502.47,USD,2026-12-24
PAY0172,Quinn Smith,SAL0931,1782.25,USD,2026-12-25
PAY0250,Casey Thomas,SAL0689,1453.66,USD,2026-12-26
PAY0785,Casey Jackson,SAL0580,402.16,USD,2026-12-27
PAY0336,Jordan Moore,SAL0417,1786.33,EUR,2026-12-28
PAY0060,Jordan Taylor,SAL0362,1332.29,USD,2026-12-29
PAY0390,Jordan Davis,SAL0022,1015.11,EUR,2026-12-30
PAY0395,Quinn Smith,,1440.61,EUR,2026-12-31
PAY0339,Alex Moore,SAL0868,1324.61,EUR,2027-01-01
PAY0081,Morgan Thomas,SAL0460,253.54,EUR,2027-01-02
PAY0364,Robin Taylor,SAL0305,1262.65,EUR,2027-01-03
PAY0721,Quinn Smith,SAL0697,1953.08,USD,2027-01-04
PAY0833,Casey Thomas,SAL0624,289.36,USD,2027-01-05
PAY0584,Robin Wilson,,908.54,EUR,2027-01-06
PAY0301,Taylor Taylor,SAL0335,1680.83,EUR,2027-01-07
PAY0920,Avery Smith,SAL0920,1663.0,USD,2027-01-08
PAY0345,Casey Brown,SAL0446,1015.95,EUR,2027-01-09
PAY0186,Avery Thomas,SAL0720,451.17,USD,2027-01-10
PAY0196,Quinn Taylor,SAL0545,1337.78,USD,2027-01-11
PAY0109,Avery Wilson,SAL0148,100.68,EUR,2027-01-12
PAY0723,Jordan Anderson,SAL0925,1518.97,USD,2027-01-13
PAY0560,Morgan Jackson,SAL0560,1667.02,EUR,2027-01-14
PAY0595,Jordan Anderson,SAL0134,1484.06,USD,2027-01-15
PAY0293,Alex Thomas,SAL0077,1907.32,EUR,2027-01-16
PAY0006,Avery Moore,SAL0017,876.48,EUR,2027-01-17
PAY0007,Avery Brown,,1503.99,USD,2027-01-18
PAY0604,Morgan Davis,SAL0530,1609.2,EUR,2027-01-19
PAY0635,Taylor Anderson,SAL0806,1108.47,EUR,2027-01-20
PAY0281,Morgan Brown,SAL0198,584.83,EUR,2027-01-21
PAY0723,Jordan Anderson,SAL0925,1554.55,USD,2027-01-22
PAY0413,Avery Smith,SAL0484,675.93,EUR,2027-01-23
PAY0084,Alex Davis,,83.67,USD,2027-01-24
PAY0586,Riley Anderson,SAL0713,1293.6,USD,2027-01-25
PAY0816,Morgan Moore,SAL0349,205.12,EUR,2027-01-26
PAY0782,Casey Brown,SAL0334,553.11,EUR,2027-01-27
PAY0353,Alex Brown,SAL0222,493.47,USD,2027-01-28
PAY0500,Morgan Anderson,SAL0968,146.68,USD,2027-01-29
PAY0139,Robin Johnson,SAL0797,1038.1,EUR,2027-01-30
PAY0691,Taylor Jackson,SAL0751,1448.85,USD,2027-01-31
PAY0411,Alex Smith,SAL0657,552.02,EUR,2027-02-01
PAY0489,Casey Johnson,SAL0830,507.66,USD,2027-02-02
PAY0567,Alex Taylor,SAL0503,1046.52,USD,2027-02-03
PAY0999,Avery Moore,SAL0848,1666.82,EUR,2027-02-04
PAY0169,Riley Anderson,SAL0864,602.01,USD,2027-02-05
PAY0252,Robin Moore,SAL0998,1951.44,EUR,2027-02-06
PAY0001,Casey Smith,SAL0787,110.76,EUR,2027-02-07
PAY0108,Riley Smith,,1202.89,USD,2027-02-08
PAY0775,Casey Jackson,SAL0950,1445.75,EUR,2027-02-09
PAY0202,Robin Smith,SAL0774,1186.24,USD,2027-02-10
PAY0990,Jordan Davis,SAL0439,1912.6,USD,2027-02-11
PAY0048,Taylor Jackson,SAL0341,1119.05,EUR,2027-02-12
PAY0005,Jordan Davis,SAL0462,1763.04,USD,2027-02-13
PAY0985,Casey Moore,SAL0805,1064.66,EUR,2027-02-14
PAY0386,Taylor Anderson,SAL0454,1826.59,EUR,2027-02-15
PAY0959,Casey Taylor,,938.85,USD,2027-02-16
PAY0275,Jordan Moore,SAL0539,1917.34,EUR,2027-02-17
PAY0794,Casey Brown,SAL0966,1036.0,EUR,2027-02-18
PAY0338,Jordan Taylor,SAL0337,925.49,EUR,2027-02-19
PAY0227,Riley Thomas,SAL0528,1098.35,EUR,2027-02-20
PAY0736,Quinn Anderson,SAL0561,1230.81,EUR,2027-02-21
PAY0950,Jamie Anderson,SAL0535,846.58,USD,2027-02-22
PAY0870,Casey Wilson,SAL0362,1556.66,USD,2027-02-23
PAY0731,Quinn Thomas,SAL0099,285.54,EUR,2027-02-24
PAY0532,Jordan Anderson,SAL0354,966.23,USD,2027-02-25
PAY0192,Robin Johnson,SAL0348,891.27,USD,2027-02-26
PAY0662,Riley Thomas,SAL0066,1740.42,EUR,2027-02-27
PAY0353,Alex Brown,SAL0222,834.52,USD,2027-02-28
PAY0407,Jamie Thomas,SAL0529,1799.98,EUR,2027-03-01
PAY0925,Taylor Johnson,SAL0187,1988.56,USD,2027-03-02
PAY0171,Riley Thomas,SAL0305,925.35,EUR,2027-03-03
PAY0984,Casey Davis,SAL0926,899.6,EUR,2027-03-04
PAY0205,Robin Thomas,SAL0223,1461.23,USD,2027-03-05
PAY0787,Quinn Brown,SAL0337,1206.44,EUR,2027-03-06
PAY0916,Riley Wilson,SAL0324,1041.9,EUR,2027-03-07
PAY0359,Jordan Thomas,SAL0104,629.83,EUR,2027-03-08
PAY0935,Morgan Thomas,SAL0927,1074.13,EUR,2027-03-09
PAY0851,Taylor Brown,SAL0607,1526.74,USD,2027-03-10
PAY0024,Avery Taylor,SAL0598,1978.95,USD,2027-03-11
PAY0147,Jordan Thomas,SAL0315,1765.19,EUR,2027-03-12
PAY0324,Avery Wilson,SAL0036,281.17,EUR,2027-03-13
PAY0830,Taylor Wilson,SAL0469,380.18,EUR,2027-03-14
PAY0457,Alex Brown,SAL0576,501.77,EUR,2027-03-15
PAY0698,Riley Wilson,SAL0602,1685.64,USD,2027-03-16
PAY0609,Alex Johnson,SAL0297,1786.76,USD,2027-03-17
PAY0868,Avery Thomas,,446.12,EUR,2027-03-18
PAY0511,Taylor Taylor,,1670.52,EUR,2027-03-19
PAY0648,Quinn Smith,SAL0707,1842.41,USD,2027-03-20
PAY0349,Casey Thomas,SAL0276,562.96,USD,2027-03-21
PAY0276,Quinn Thomas,SAL0544,277.1,EUR,2027-03-22
PAY0524,Casey Wilson,SAL0487,483.76,USD,2027-03-23
PAY0252,Robin Moore,,588.41,USD,2027-03-24
PAY0740,Riley Anderson,SAL0901,1853.22,EUR,2027-03-25
PAY0145,Morgan Davis,SAL0823,1066.53,USD,2027-03-26
PAY0592,Morgan Brown,SAL0937,1761.27,USD,2027-03-27
PAY0201,Avery Jackson,SAL0230,529.53,EUR,2027-03-28
PAY0403,Jamie Wilson,SAL0932,431.57,EUR,2027-03-29
PAY0837,Taylor Moore,SAL0490,1018.62,USD,2027-03-30
PAY0364,Robin Taylor,,1056.8,USD,2027-03-31
PAY0159,Riley Brown,SAL0616,1137.59,USD,2027-04-01
PAY0526,Riley Jackson,SAL0165,1391.56,EUR,2027-04-02
PAY0346,Casey Jackson,SAL0428,729.97,USD,2027-04-03
PAY0169,Riley Anderson,SAL0458,619.63,EUR,2027-04-04
PAY0988,Jordan Anderson,SAL0432,1215.79,EUR,2027-04-05
PAY0567,Alex Taylor,SAL0503,1927.69,EUR,2027-04-06
PAY0600,Jordan Johnson,SAL0895,532.42,EUR,2027-04-07
PAY0088,Avery Jackson,,671.87,USD,2027-04-08
PAY0170,Jordan Smith,SAL0501,299.71,EUR,2027-04-09
PAY0219,Casey Thomas,SAL0832,853.41,USD,2027-04-10
PAY0157,Riley Smith,SAL0139,469.46,EUR,2027-04-11
PAY0237,Alex Thomas,,1366.23,EUR,2027-04-12
PAY0844,Robin Johnson,SAL0665,827.43,USD,2027-04-13
PAY0175,Quinn Thomas,SAL0829,712.69,USD,2027-04-14
PAY0008,Quinn Davis,SAL0168,1166.39,USD,2027-04-15
PAY0520,Casey Taylor,,1898.36,EUR,2027-04-16
PAY0058,Casey Jackson,,1903.04,USD,2027-04-17
PAY0968,Robin Wilson,SAL0898,1424.22,EUR,2027-04-18
PAY0343,Alex Johnson,SAL0721,1327.12,USD,2027-04-19
PAY0949,Alex Anderson,SAL0088,1684.39,EUR,2027-04-20
PAY0540,Jordan Taylor,SAL0173,1612.51,EUR,2027-04-21
PAY0691,Taylor Jackson,SAL0751,1480.0,USD,2027-04-22
PAY0906,Riley Anderson,SAL0020,1883.69,USD,2027-04-23
PAY0931,Casey Taylor,SAL0312,356.04,EUR,2027-04-24
PAY0462,Riley Thomas,SAL0878,1391.74,USD,2027-04-25
PAY0633,Riley Davis,SAL0621,1578.9,EUR,2027-04-26
PAY0820,Morgan Brown,SAL0612,576.5,USD,2027-04-27
PAY0670,Quinn Taylor,,1421.8,EUR,2027-04-28
PAY0202,Robin Smith,SAL0774,1106.31,USD,2027-04-29
PAY0841,Casey Smith,SAL0018,812.69,EUR,2027-04-30
PAY0514,Robin Johnson,SAL0677,1499.79,EUR,2027-05-01
PAY0855,Alex Moore,SAL0130,565.33,EUR,2027-05-02
PAY0619,Taylor Johnson,SAL0819,483.39,EUR,2027-05-03
PAY0427,Robin Smith,SAL0986,1819.95,USD,2027-05-04
PAY0737,Jamie Taylor,SAL0646,817.61,EUR,2027-05-05
PAY0925,Taylor Johnson,SAL0187,931.93,USD,2027-05-06
PAY0749,Jordan Brown,SAL0494,771.15,USD,2027-05-07
PAY0287,Taylor Taylor,SAL0897,1628.88,USD,2027-05-08
PAY0486,Taylor Taylor,SAL0803,1736.41,EUR,2027-05-09
PAY0037,Avery Johnson,SAL0226,836.23,EUR,2027-05-10
PAY0507,Avery Taylor,SAL0033,503.24,EUR,2027-05-11
PAY0834,Morgan Wilson,SAL0723,708.84,USD,2027-05-12
PAY0700,Casey Thomas,,1217.52,USD,2027-05-13
PAY0906,Riley Anderson,SAL0020,1146.7,EUR,2027-05-14
PAY0609,Alex Johnson,SAL0297,1321.42,EUR,2027-05-15
PAY0997,Robin Moore,SAL0969,1131.87,USD,2027-05-16
PAY0061,Taylor Thomas,,201.13,USD,2027-05-17
PAY0015,Jamie Johnson,SAL0570,1508.89,USD,2027-05-18
PAY0478,Robin Wilson,SAL0850,1776.73,EUR,2027-05-19
PAY0615,Casey Thomas,SAL0002,322.74,EUR,2027-05-20
PAY0900,Robin Brown,SAL0376,899.18,EUR,2027-05-21
PAY0263,Jordan Davis,SAL0543,1068.84,EUR,2027-05-22
PAY0037,Avery Johnson,SAL0226,615.88,USD,2027-05-23
PAY0999,Avery Moore,SAL0848,1062.79,EUR,2027-05-24
PAY0011,Jamie Thomas,SAL0321,693.85,USD,2027-05-25
PAY0469,Casey Smith,SAL0960,974.05,EUR,2027-05-26
PAY0484,Alex Jackson,SAL0838,180.74,USD,2027-05-27
PAY0679,Robin Davis,SAL0410,1403.39,EUR,2027-05-28
PAY0162,Robin Thomas,SAL0292,963.95,USD,2027-05-29
PAY0127,Alex Jackson,SAL0563,1772.52,EUR,2027-05-30
PAY0539,Jamie Wilson,SAL0647,604.17,EUR,2027-05-31
PAY0575,Jordan Jackson,,1267.78,EUR,2027-06-01
PAY0933,Robin Wilson,SAL0615,1301.12,USD,2027-06-02
PAY0417,Riley Davis,SAL0993,1474.78,EUR,2027-06-03
PAY0703,Taylor Wilson,,297.07,EUR,2027-06-04
PAY0660,Riley Johnson,SAL0809,590.61,EUR,2027-06-05
PAY0651,Jamie Jackson,SAL0705,502.07,USD,2027-06-06
PAY0538,Quinn Smith,SAL0862,329.5,EUR,2027-06-07
PAY0251,Jamie Moore,SAL0374,1797.11,USD,2027-06-08
PAY0844,Robin Johnson,SAL0665,1346.44,EUR,2027-06-09
PAY0570,Quinn Moore,SAL0436,1142.28,EUR,2027-06-10
PAY0503,Robin Johnson,SAL0127,742.23,EUR,2027-06-11
PAY0964,Jamie Smith,SAL0639,467.1,USD,2027-06-12
PAY0215,Jamie Smith,SAL0231,328.62,EUR,2027-06-13
PAY0842,Alex Johnson,,1588.48,USD,2027-06-14
PAY0678,Robin Taylor,SAL0489,728.95,USD,2027-06-15
PAY0635,Taylor Anderson,SAL0806,1356.58,EUR,2027-06-16
PAY0820,Morgan Brown,SAL0612,1995.91,USD,2027-06-17
PAY0228,Riley Brown,SAL0327,1507.88,USD,2027-06-18
PAY0853,Robin Brown,SAL0474,430.03,EUR,2027-06-19
PAY0155,Quinn Smith,SAL0145,544.83,USD,2027-06-20
PAY0998,Jamie Johnson,SAL0893,586.16,EUR,2027-06-21
PAY0170,Jordan Smith,,543.42,USD,2027-06-22
PAY0415,Avery Thomas,SAL0375,1450.16,EUR,2027-06-23
PAY0133,Jordan Taylor,SAL0124,1006.09,EUR,2027-06-24
PAY0579,Riley Anderson,SAL0423,1113.9,USD,2027-06-25
PAY0257,Taylor Moore,SAL0976,1793.82,USD,2027-06-26
PAY0566,Taylor Johnson,SAL0550,1709.34,USD,2027-06-27
PAY0888,Alex Johnson,SAL0313,914.59,USD,2027-06-28
PAY0111,Avery Johnson,SAL0031,1967.64,USD,2027-06-29
PAY0638,Casey Johnson,SAL0143,698.7,EUR,2027-06-30
PAY0748,Quinn Taylor,SAL0924,1973.23,EUR,2027-07-01
PAY0598,Jamie Thomas,SAL0854,861.94,USD,2027-07-02
PAY0152,Quinn Johnson,SAL0401,1471.47,USD,2027-07-03
PAY0076,Taylor Wilson,SAL0940,1236.63,EUR,2027-07-04
PAY0964,Jamie Smith,SAL0738,1683.83,USD,2027-07-05
PAY0818,Quinn Taylor,SAL0021,279.54,EUR,2027-07-06
PAY0710,Avery Jackson,SAL0425,1154.07,EUR,2027-07-07
PAY0351,Riley Thomas,SAL0046,1472.62,USD,2027-07-08
PAY0810,Jamie Wilson,SAL0655,89.21,USD,2027-07-09
PAY0346,Casey Jackson,SAL0428,780.33,USD,2027-07-10
PAY0328,Riley Moore,SAL0769,1682.75,USD,2027-07-11
PAY0995,Riley Brown,SAL0365,655.45,EUR,2027-07-12
PAY0021,Morgan Brown,SAL0695,323.83,EUR,2027-07-13
PAY0183,Riley Davis,,1772.96,USD,2027-07-14
PAY0726,Quinn Anderson,SAL0125,907.22,USD,2027-07-15
PAY0319,Riley Anderson,SAL0822,730.28,EUR,2027-07-16
PAY0334,Robin Thomas,SAL0881,382.43,EUR,2027-07-17
PAY0833,Casey Thomas,,1987.82,EUR,2027-07-18
PAY0383,Taylor Davis,SAL0726,612.94,EUR,2027-07-19
PAY0825,Alex Jackson,,1668.22,EUR,2027-07-20
PAY0063,Jamie Taylor,SAL0317,475.6,EUR,2027-07-21
PAY0041,Jamie Davis,SAL0434,1333.75,USD,2027-07-22
PAY0073,Alex Smith,SAL0941,679.83,EUR,2027-07-23
PAY0049,Casey Brown,SAL0158,1417.51,EUR,2027-07-24
PAY0290,Jamie Johnson,SAL0540,871.75,EUR,2027-07-25
PAY0355,Casey Jackson,SAL0290,1830.64,EUR,2027-07-26
PAY0767,Avery Smith,SAL0140,1516.49,EUR,2027-07-27
PAY0787,Quinn Brown,SAL0332,1173.13,EUR,2027-07-28
PAY0984,Casey Davis,SAL0814,525.0,EUR,2027-07-29
PAY0136,Quinn Wilson,SAL0278,832.25,USD,2027-07-30
PAY0576,Riley Jackson,SAL0152,1872.77,USD,2027-07-31
PAY0255,Jamie Anderson,SAL0825,1176.1,USD,2027-08-01
PAY0401,Casey Wilson,SAL0956,636.14,USD,2027-08-02
PAY0085,Jordan Wilson,SAL0156,322.12,EUR,2027-08-03
PAY0891,Avery Brown,SAL0216,226.28,USD,2027-08-04
PAY0115,Riley Johnson,SAL0641,372.42,USD,2027-08-05
PAY0118,Avery Anderson,SAL0221,385.53,EUR,2027-08-06
PAY0976,Quinn Moore,SAL0411,446.48,USD,2027-08-07
PAY0098,Morgan Smith,SAL0453,1132.93,EUR,2027-08-08
PAY0637,Avery Anderson,SAL0688,244.83,EUR,2027-08-09
PAY0276,Quinn Thomas,SAL0544,783.77,EUR,2027-08-10
PAY0912,Jordan Smith,SAL0766,300.58,USD,2027-08-11
PAY0534,Jordan Moore,SAL0782,602.23,EUR,2027-08-12
PAY0793,Quinn Davis,SAL0524,726.39,USD,2027-08-13
PAY0129,Robin Wilson,SAL0151,1547.3,EUR,2027-08-14
PAY0321,Jamie Thomas,,53.1,EUR,2027-08-15
PAY0338,Jordan Taylor,,319.26,USD,2027-08-16
PAY0365,Avery Thomas,SAL0992,231.06,EUR,2027-08-17
PAY0444,Casey Wilson,SAL0962,605.68,EUR,2027-08-18
PAY0176,Jordan Johnson,SAL0016,558.99,EUR,2027-08-19
PAY0717,Alex Brown,SAL0491,1058.83,USD,2027-08-20
PAY0379,Quinn Wilson,SAL0865,1387.83,USD,2027-08-21
PAY0138,Quinn Taylor,SAL0307,1623.49,USD,2027-08-22
PAY0157,Riley Smith,SAL0139,798.78,EUR,2027-08-23
PAY0609,Alex Johnson,SAL0297,1356.88,EUR,2027-08-24
PAY0844,Robin Johnson,SAL0665,554.37,USD,2027-08-25
PAY0209,Riley Smith,SAL0387,777.01,EUR,2027-08-26
PAY0946,Morgan Brown,SAL0272,761.48,USD,2027-08-27
PAY0419,Quinn Jackson,SAL0587,797.77,USD,2027-08-28
PAY0628,Jamie Johnson,SAL0075,1871.65,EUR,2027-08-29
PAY0737,Jamie Taylor,SAL0818,1750.8,EUR,2027-08-30
PAY0647,Avery Davis,,287.03,EUR,2027-08-31
PAY0327,Robin Taylor,SAL0024,1218.69,EUR,2027-09-01
PAY0330,Robin Thomas,,627.48,USD,2027-09-02
PAY0386,Taylor Anderson,SAL0454,745.93,USD,2027-09-03
PAY0847,Riley Anderson,SAL0038,119.45,USD,2027-09-04
PAY0013,Quinn Davis,SAL1000,1490.43,USD,2027-09-05
PAY0864,Casey Smith,SAL0117,295.81,USD,2027-09-06
PAY0449,Casey Thomas,SAL0918,585.66,EUR,2027-09-07
PAY0603,Casey Anderson,SAL0274,1659.86,EUR,2027-09-08
PAY0494,Casey Anderson,,124.66,USD,2027-09-09
PAY0990,Jordan Davis,SAL0439,708.66,EUR,2027-09-10
PAY0591,Alex Johnson,SAL0890,1903.2,EUR,2027-09-11
PAY0118,Avery Anderson,SAL0221,204.6,EUR,2027-09-12
PAY0871,Morgan Davis,SAL0319,558.9,EUR,2027-09-13
PAY0756,Alex Thomas,SAL0200,1597.76,USD,2027-09-14
PAY0510,Jordan Smith,SAL0750,1533.4,EUR,2027-09-15
PAY0973,Alex Moore,,412.14,USD,2027-09-16
PAY0136,Quinn Wilson,SAL0278,605.58,USD,2027-09-17
PAY0815,Jordan Jackson,SAL0028,857.93,USD,2027-09-18
PAY0080,Riley Davis,SAL0089,1591.0,EUR,2027-09-19
PAY0826,Jamie Taylor,SAL0086,1432.57,USD,2027-09-20
PAY0737,Jamie Taylor,SAL0818,1438.47,EUR,2027-09-21
PAY0953,Riley Jackson,SAL0831,691.07,EUR,2027-09-22
PAY0975,Riley Jackson,SAL0810,718.75,EUR,2027-09-23
PAY0222,Taylor Moore,,950.8,EUR,2027-09-24
PAY0057,Jamie Johnson,SAL0620,1362.32,EUR,2027-09-25
PAY0203,Jamie Anderson,SAL0567,1164.06,USD,2027-09-26
PAY0453,Riley Taylor,SAL0565,212.03,EUR,2027-09-27
PAY0901,Casey Johnson,SAL0686,1365.28,USD,2027-09-28
PAY0731,Quinn Thomas,SAL0099,1267.32,EUR,2027-09-29
PAY0085,Jordan Wilson,SAL0156,1948.05,EUR,2027-09-30
PAY0475,Casey Taylor,SAL0248,1098.31,EUR,2027-10-01
PAY0216,Taylor Smith,SAL0257,821.71,USD,2027-10-02
PAY0657,Alex Moore,SAL0859,398.31,USD,2027-10-03
PAY0892,Quinn Wilson,SAL0285,1122.64,EUR,2027-10-04
PAY0467,Jordan Anderson,SAL0739,1218.53,EUR,2027-10-05
PAY0893,Riley Davis,SAL0472,1345.26,EUR,2027-10-06
PAY0988,Jordan Anderson,SAL0435,488.94,EUR,2027-10-07
PAY0622,Robin Jackson,SAL0485,1660.97,EUR,2027-10-08
PAY0366,Morgan Brown,SAL0512,612.4,EUR,2027-10-09
PAY0082,Jordan Wilson,,1382.54,USD,2027-10-10
PAY0526,Riley Jackson,SAL0165,1949.78,EUR,2027-10-11
PAY0695,Alex Brown,SAL0869,487.18,USD,2027-10-12
PAY0919,Quinn Taylor,SAL0988,1893.7,EUR,2027-10-13
PAY0451,Casey Johnson,SAL0961,1269.72,USD,2027-10-14
PAY0795,Quinn Brown,SAL0961,1222.62,EUR,2027-10-15
PAY0607,Robin Jackson,SAL0076,1830.75,EUR,2027-10-16
PAY0909,Jordan Thomas,SAL0364,970.73,USD,2027-10-17
PAY0747,Casey Johnson,,1794.17,USD,2027-10-18
PAY0644,Morgan Johnson,SAL0299,1383.16,EUR,2027-10-19
PAY0519,Quinn Jackson,SAL0591,949.74,USD,2027-10-20
PAY0529,Morgan Smith,,1844.3,USD,2027-10-21
PAY0917,Morgan Moore,SAL0911,186.19,USD,2027-10-22
PAY0437,Alex Taylor,SAL0442,1063.55,EUR,2027-10-23
PAY0551,Morgan Moore,SAL0645,863.32,EUR,2027-10-24
PAY0905,Riley Thomas,SAL0984,1445.8,USD,2027-10-25
PAY0097,Robin Jackson,SAL0203,621.28,EUR,2027-10-26
PAY0368,Jamie Thomas,SAL0964,127.82,EUR,2027-10-27
PAY0102,Riley Thomas,SAL0757,1316.78,EUR,2027-10-28
PAY0716,Taylor Jackson,SAL0311,1701.79,USD,2027-10-29
PAY0261,Taylor Davis,SAL0114,1330.25,USD,2027-10-30
PAY0833,Casey Thomas,SAL0624,565.79,EUR,2027-10-31
PAY0957,Casey Johnson,SAL0604,1803.43,EUR,2027-11-01
PAY0193,Morgan Thomas,SAL0171,625.82,EUR,2027-11-02
PAY0061,Taylor Thomas,SAL0281,552.95,EUR,2027-11-03
PAY0152,Quinn Johnson,SAL0401,1067.47,USD,2027-11-04
PAY0454,Morgan Thomas,SAL0955,757.31,EUR,2027-11-05
PAY0290,Jamie Johnson,,1156.9,EUR,2027-11-06
PAY0403,Jamie Wilson,SAL0932,625.02,USD,2027-11-07
PAY0656,Taylor Jackson,SAL0047,799.24,USD,2027-11-08
PAY0092,Jamie Anderson,SAL0597,640.77,USD,2027-11-09
PAY0627,Morgan Taylor,SAL0185,1503.64,EUR,2027-11-10
PAY0946,Morgan Brown,SAL0272,721.22,USD,2027-11-11
PAY0492,Casey Davis,SAL0839,1070.51,EUR,2027-11-12
PAY0859,Avery Davis,SAL0329,379.79,EUR,2027-11-13
PAY0536,Morgan Taylor,SAL0761,1354.05,USD,2027-11-14
PAY0831,Taylor Smith,SAL0970,487.4,EUR,2027-11-15
PAY0142,Casey Brown,SAL0690,283.2,USD,2027-11-16
PAY0897,Riley Johnson,SAL0121,1829.77,USD,2027-11-17
PAY0534,Jordan Moore,SAL0782,495.32,USD,2027-11-18
PAY0424,Quinn Smith,SAL0009,1271.48,EUR,2027-11-19
PAY0691,Taylor Jackson,SAL0751,1925.23,USD,2027-11-20
PAY0749,Jordan Brown,SAL0494,1155.07,USD,2027-11-21
PAY0205,Robin Thomas,SAL0223,1394.91,USD,2027-11-22
PAY0769,Riley Johnson,SAL0456,395.99,EUR,2027-11-23
PAY0795,Quinn Brown,SAL0933,420.53,USD,2027-11-24
PAY0075,Alex Moore,SAL0406,640.38,USD,2027-11-25
PAY0669,Riley Jackson,SAL0249,1183.48,EUR,2027-11-26
PAY0851,Taylor Brown,SAL0607,1590.53,USD,2027-11-27
PAY0863,Quinn Jackson,,212.6,USD,2027-11-28
PAY0510,Jordan Smith,SAL0750,1216.67,EUR,2027-11-29
PAY0234,Jordan Jackson,SAL0258,1729.22,USD,2027-11-30
PAY0973,Alex Moore,SAL0672,1303.12,EUR,2027-12-01
PAY0455,Jamie Wilson,SAL0452,843.98,EUR,2027-12-02
PAY0267,Robin Taylor,SAL0938,1039.22,EUR,2027-12-03
PAY0811,Riley Thomas,SAL0793,1741.16,USD,2027-12-04
PAY0103,Jamie Wilson,SAL0856,1030.97,EUR,2027-12-05
PAY0374,Jordan Smith,SAL0683,62.71,EUR,2027-12-06
PAY0549,Jordan Taylor,SAL0450,1532.85,EUR,2027-12-07
PAY0193,Morgan Thomas,SAL0171,1293.87,USD,2027-12-08
PAY0576,Riley Jackson,SAL0152,502.02,EUR,2027-12-09
PAY0140,Avery Brown,SAL0792,1084.28,USD,2027-12-10
PAY0833,Casey Thomas,SAL0624,1163.47,USD,2027-12-11
PAY0140,Avery Brown,SAL0792,822.67,USD,2027-12-12
PAY0649,Avery Moore,SAL0424,356.41,EUR,2027-12-13
PAY0178,Jamie Thomas,SAL0837,1466.61,USD,2027-12-14
PAY0265,Riley Johnson,,1719.66,EUR,2027-12-15
PAY0547,Quinn Smith,SAL0437,1467.08,EUR,2027-12-16
PAY0223,Morgan Davis,SAL0157,817.41,EUR,2027-12-17
PAY0606,Riley Johnson,SAL0445,1938.93,EUR,2027-12-18
PAY0411,Alex Smith,SAL0657,940.93,EUR,2027-12-19
PAY0956,Alex Anderson,,456.79,EUR,2027-12-20
PAY0772,Jamie Thomas,SAL0674,677.6,EUR,2027-12-21
PAY0508,Casey Brown,SAL0117,438.93,USD,2027-12-22
PAY0406,Morgan Wilson,SAL0584,584.23,USD,2027-12-23
PAY0857,Robin Wilson,SAL0785,985.38,EUR,2027-12-24
PAY0968,Robin Wilson,,1335.87,EUR,2027-12-25
PAY0073,Alex Smith,SAL0941,781.29,USD,2027-12-26
PAY0076,Taylor Wilson,,1098.9,EUR,2027-12-27
PAY0380,Jordan Thomas,SAL0748,311.86,USD,2027-12-28
PAY0482,Jordan Johnson,SAL0267,1657.41,USD,2027-12-29
PAY0679,Robin Davis,SAL0410,1145.58,EUR,2027-12-30
PAY0865,Quinn Moore,SAL0908,1537.43,EUR,2027-12-31
PAY0297,Casey Wilson,SAL0935,92.61,USD,2028-01-01
PAY0215,Jamie Smith,SAL0231,1491.16,EUR,2028-01-02
PAY0300,Quinn Moore,SAL0421,1774.94,USD,2028-01-03
PAY0799,Alex Thomas,SAL0215,756.3,USD,2028-01-04
PAY0072,Taylor Brown,SAL0314,547.95,USD,2028-01-05
PAY0023,Quinn Smith,SAL0638,883.3,EUR,2028-01-06
PAY0097,Robin Jackson,SAL0203,1830.32,EUR,2028-01-07
PAY0113,Riley Moore,,1921.59,EUR,2028-01-08
PAY0993,Robin Moore,SAL0888,1170.89,USD,2028-01-09
PAY0306,Jamie Davis,SAL0934,1949.74,USD,2028-01-10
PAY0722,Robin Johnson,SAL0958,1710.4,EUR,2028-01-11
PAY0085,Jordan Wilson,SAL0156,192.51,EUR,2028-01-12
PAY0901,Casey Johnson,SAL0686,1784.24,USD,2028-01-13
PAY0351,Riley Thomas,SAL0046,1313.29,EUR,2028-01-14
PAY0580,Taylor Johnson,SAL0142,1649.41,EUR,2028-01-15
PAY0147,Jordan Thomas,SAL0315,622.94,EUR,2028-01-16
PAY0049,Casey Brown,SAL0158,882.94,EUR,2028-01-17
PAY0739,Quinn Davis,SAL0112,1547.17,EUR,2028-01-18
PAY0055,Morgan Smith,SAL0492,1651.97,EUR,2028-01-19
PAY0574,Casey Wilson,SAL0111,1174.87,USD,2028-01-20
PAY0328,Riley Moore,SAL0840,404.09,USD,2028-01-21
PAY0178,Jamie Thomas,,298.28,EUR,2028-01-22
PAY0566,Taylor Johnson,,664.91,USD,2028-01-23
PAY0476,Jamie Taylor,SAL0300,368.41,EUR,2028-01-24
PAY0462,Riley Thomas,SAL0878,742.92,USD,2028-01-25
PAY0409,Jamie Davis,SAL0531,1676.61,EUR,2028-01-26
PAY0756,Alex Thomas,SAL0200,1492.83,EUR,2028-01-27
PAY0424,Quinn Smith,SAL0455,437.34,EUR,2028-01-28
PAY0619,Taylor Johnson,SAL0819,1940.03,USD,2028-01-29
PAY0905,Riley Thomas,SAL0984,1884.36,EUR,2028-01-30
PAY0491,Morgan Thomas,SAL0074,422.41,USD,2028-01-31
PAY0233,Jordan Thomas,SAL0273,547.8,USD,2028-02-01
PAY0559,Taylor Davis,SAL0956,791.06,EUR,2028-02-02
PAY0680,Taylor Moore,SAL0194,752.77,EUR,2028-02-03
PAY0577,Riley Thomas,SAL0062,1703.23,EUR,2028-02-04
PAY0685,Riley Thomas,SAL0744,1318.34,EUR,2028-02-05
PAY0681,Quinn Johnson,SAL0702,1930.26,EUR,2028-02-06
PAY0083,Alex Johnson,SAL0037,1150.93,USD,2028-02-07
PAY0842,Alex Johnson,,966.13,USD,2028-02-08
PAY0437,Alex Taylor,SAL0442,1492.71,EUR,2028-02-09
PAY0655,Jamie Wilson,SAL0042,357.09,USD,2028-02-10
PAY0810,Jamie Wilson,SAL0655,345.19,USD,2028-02-11
PAY0434,Morgan Jackson,SAL0904,366.63,EUR,2028-02-12
PAY0128,Jamie Johnson,SAL0344,777.71,EUR,2028-02-13
PAY0651,Jamie Jackson,SAL0705,100.37,USD,2028-02-14
PAY0587,Morgan Johnson,SAL0679,1750.45,EUR,2028-02-15
PAY0518,Avery Smith,SAL0698,1217.09,USD,2028-02-16
PAY0472,Riley Davis,SAL0481,1799.52,USD,2028-02-17
PAY0567,Alex Taylor,SAL0357,1939.02,EUR,2028-02-18
PAY0866,Jordan Smith,SAL0206,312.09,USD,2028-02-19
PAY0804,Casey Wilson,,1810.62,USD,2028-02-20
PAY0289,Jordan Davis,SAL0105,1915.97,USD,2028-02-21
PAY0334,Robin Thomas,SAL0881,1711.34,USD,2028-02-22
PAY0344,Robin Wilson,,1620.62,USD,2028-02-23
PAY0802,Jamie Brown,SAL0906,234.84,EUR,2028-02-24
PAY0459,Quinn Jackson,SAL0504,537.07,EUR,2028-02-25
PAY0104,Robin Jackson,SAL0382,690.82,EUR,2028-02-26
PAY0041,Jamie Davis,SAL0434,1175.48,EUR,2028-02-27
PAY0718,Jordan Jackson,SAL0609,872.94,USD,2028-02-28
PAY0300,Quinn Moore,SAL0421,1816.73,EUR,2028-02-29
PAY0351,Riley Thomas,SAL0046,77.93,USD,2028-03-01
PAY0530,Morgan Moore,SAL0014,823.69,USD,2028-03-02
PAY0976,Quinn Moore,SAL0411,720.61,EUR,2028-03-03
PAY0781,Robin Anderson,SAL0106,1261.56,EUR,2028-03-04
PAY0500,Morgan Anderson,SAL0968,1548.6,EUR,2028-03-05
PAY0114,Robin Anderson,SAL0266,714.92,EUR,2028-03-06
PAY0078,Jamie Taylor,,238.18,EUR,2028-03-07
PAY0343,Alex Johnson,SAL0721,1574.81,EUR,2028-03-08
PAY0511,Taylor Taylor,SAL0499,234.44,EUR,2028-03-09
PAY0977,Alex Jackson,SAL0371,1439.76,USD,2028-03-10
PAY0805,Morgan Moore,SAL0035,900.52,USD,2028-03-11
PAY0351,Riley Thomas,,825.24,USD,2028-03-12
PAY0735,Jordan Smith,SAL0240,1563.03,USD,2028-03-13
PAY0853,Robin Brown,SAL0474,1221.83,USD,2028-03-14
PAY0985,Casey Moore,SAL0805,141.64,EUR,2028-03-15
PAY0046,Morgan Jackson,SAL0706,1994.49,USD,2028-03-16
PAY0672,Jordan Wilson,SAL0694,372.99,USD,2028-03-17
PAY0222,Taylor Moore,,1104.6,EUR,2028-03-18
PAY0581,Taylor Thomas,,1920.16,EUR,2028-03-19
PAY0946,Morgan Brown,SAL0272,871.47,EUR,2028-03-20
PAY0254,Quinn Taylor,,1879.38,USD,2028-03-21
PAY0620,Jordan Brown,SAL0224,1352.83,USD,2028-03-22
PAY0456,Robin Johnson,,1920.59,USD,2028-03-23
PAY0287,Taylor Taylor,SAL0897,987.82,USD,2028-03-24
PAY0994,Alex Jackson,SAL0357,1583.31,EUR,2028-03-25
PAY0929,Jordan Davis,SAL0967,1676.94,USD,2028-03-26
PAY0915,Morgan Smith,SAL0861,1790.65,USD,2028-03-27
PAY0661,Quinn Moore,SAL0355,1361.02,USD,2028-03-28
PAY0076,Taylor Wilson,SAL0940,1533.14,USD,2028-03-29
PAY0458,Jordan Johnson,SAL0755,1072.27,EUR,2028-03-30
PAY0554,Morgan Anderson,SAL0101,1653.37,EUR,2028-03-31
PAY0158,Morgan Taylor,SAL0770,1756.71,USD,2028-04-01
PAY0567,Alex Taylor,SAL0503,1272.45,EUR,2028-04-02
PAY0332,Quinn Johnson,,1737.74,EUR,2028-04-03
PAY0075,Alex Moore,SAL0406,250.95,EUR,2028-04-04
PAY0333,Avery Taylor,SAL0660,1681.58,EUR,2028-04-05
PAY0459,Quinn Jackson,SAL0504,1737.08,EUR,2028-04-06
PAY0076,Taylor Wilson,SAL0940,1814.23,EUR,2028-04-07
PAY0280,Jordan Jackson,SAL0027,212.03,USD,2028-04-08
PAY0271,Riley Davis,SAL0902,1192.28,USD,2028-04-09
PAY0947,Casey Anderson,SAL0709,252.73,EUR,2028-04-10
PAY0814,Jamie Davis,SAL0030,1232.92,EUR,2028-04-11
PAY0124,Morgan Taylor,SAL0268,1684.5,USD,2028-04-12
PAY0038,Taylor Thomas,SAL0633,1539.86,EUR,2028-04-13
PAY0357,Casey Anderson,SAL0834,1227.42,EUR,2028-04-14
PAY0356,Casey Davis,,1311.82,EUR,2028-04-15
PAY0817,Avery Thomas,SAL0745,1069.39,EUR,2028-04-16
PAY0231,Riley Anderson,SAL0483,1566.38,USD,2028-04-17
PAY0772,Jamie Thomas,SAL0674,1279.52,EUR,2028-04-18
PAY0843,Quinn Brown,,105.33,EUR,2028-04-19
PAY0253,Alex Thomas,SAL0275,1645.82,EUR,2028-04-20
PAY0315,Casey Moore,SAL0020,919.71,USD,2028-04-21
PAY0134,Robin Johnson,SAL0407,563.19,USD,2028-04-22
PAY0859,Avery Davis,SAL0329,677.67,EUR,2028-04-23
PAY0211,Morgan Thomas,SAL0287,1024.68,USD,2028-04-24
PAY0658,Morgan Johnson,SAL0120,1492.73,USD,2028-04-25
PAY0895,Jamie Thomas,SAL0687,1832.63,USD,2028-04-26
PAY0001,Casey Smith,SAL0787,1019.53,USD,2028-04-27
PAY0790,Avery Jackson,SAL0259,1719.15,EUR,2028-04-28
PAY0926,Robin Jackson,,754.85,USD,2028-04-29
PAY0066,Morgan Davis,SAL0547,267.39,EUR,2028-04-30
PAY0779,Avery Moore,SAL0238,1142.95,USD,2028-05-01
PAY0432,Quinn Moore,SAL0291,437.31,USD,2028-05-02
PAY0197,Quinn Jackson,SAL0090,1711.81,USD,2028-05-03
PAY0004,Morgan Anderson,,823.68,EUR,2028-05-04
PAY0361,Riley Anderson,SAL0468,1759.11,EUR,2028-05-05
PAY0298,Quinn Jackson,SAL0184,1998.91,EUR,2028-05-06
PAY0028,Jordan Smith,SAL0115,352.27,EUR,2028-05-07
PAY0192,Robin Johnson,SAL0348,1405.4,USD,2028-05-08
PAY0866,Jordan Smith,SAL0206,1313.4,USD,2028-05-09
PAY0051,Avery Anderson,,1930.95,EUR,2028-05-10
PAY0620,Jordan Brown,SAL0224,1124.89,USD,2028-05-11
PAY0822,Alex Jackson,SAL0605,829.25,EUR,2028-05-12
PAY0383,Taylor Davis,SAL0726,1964.74,EUR,2028-05-13
PAY0804,Casey Wilson,SAL0959,1854.74,USD,2028-05-14
PAY0809,Riley Smith,SAL0817,1918.28,USD,2028-05-15
PAY0020,Quinn Moore,SAL0717,1601.34,USD,2028-05-16
PAY0360,Jordan Davis,,977.69,EUR,2028-05-17
PAY0971,Casey Johnson,SAL0509,1454.21,USD,2028-05-18
PAY0105,Jamie Moore,,153.74,EUR,2028-05-19
PAY0747,Casey Johnson,SAL0368,1908.67,USD,2028-05-20
PAY0127,Alex Jackson,SAL0563,1318.04,EUR,2028-05-21
PAY0152,Quinn Johnson,SAL0401,174.36,EUR,2028-05-22
PAY0076,Taylor Wilson,SAL0940,1161.02,USD,2028-05-23
PAY0473,Quinn Wilson,SAL0072,1423.22,USD,2028-05-24
PAY0096,Quinn Thomas,SAL0339,931.62,EUR,2028-05-25
PAY0120,Jamie Wilson,SAL0546,1758.14,EUR,2028-05-26
PAY0284,Casey Moore,SAL0220,1194.4,USD,2028-05-27
PAY0243,Riley Taylor,SAL0306,1521.21,USD,2028-05-28
PAY0370,Morgan Jackson,SAL0678,174.08,EUR,2028-05-29
PAY0387,Robin Jackson,SAL0055,535.16,USD,2028-05-30
PAY0367,Robin Anderson,SAL0803,1861.21,USD,2028-05-31
PAY0577,Riley Thomas,SAL0487,836.93,EUR,2028-06-01
PAY0546,Robin Anderson,SAL0588,975.09,EUR,2028-06-02
PAY0680,Taylor Moore,SAL0194,395.95,EUR,2028-06-03
PAY0302,Casey Anderson,SAL0957,409.9,EUR,2028-06-04
PAY0998,Jamie Johnson,SAL0893,1284.36,EUR,2028-06-05
PAY0483,Alex Wilson,SAL0023,552.65,USD,2028-06-06
PAY0422,Morgan Jackson,SAL0263,777.64,USD,2028-06-07
PAY0975,Riley Jackson,SAL0810,59.09,EUR,2028-06-08
PAY0223,Morgan Davis,SAL0157,780.93,USD,2028-06-09
PAY0847,Riley Anderson,SAL0038,1260.7,USD,2028-06-10
PAY0216,Taylor Smith,SAL0257,1750.59,USD,2028-06-11
PAY0083,Alex Johnson,SAL0037,1788.3,USD,2028-06-12
PAY0665,Robin Wilson,,1263.06,USD,2028-06-13
PAY0101,Casey Moore,SAL0883,618.29,EUR,2028-06-14
PAY0221,Jordan Davis,SAL0843,376.4,USD,2028-06-15
PAY0225,Jordan Anderson,SAL0331,1994.82,EUR,2028-06-16
PAY0028,Jordan Smith,SAL0115,1671.95,EUR,2028-06-17
PAY0889,Casey Davis,SAL0084,177.65,USD,2028-06-18
PAY0550,Avery Brown,SAL0559,1644.29,USD,2028-06-19
PAY0958,Jordan Thomas,,164.32,EUR,2028-06-20
PAY0625,Alex Davis,SAL0309,1521.49,USD,2028-06-21
PAY0078,Jamie Taylor,SAL0103,1326.87,EUR,2028-06-22
PAY0652,Jordan Brown,SAL0085,601.0,USD,2028-06-23
PAY0161,Avery Jackson,SAL0256,1891.28,EUR,2028-06-24
PAY0132,Jamie Thomas,SAL0440,1006.41,EUR,2028-06-25
PAY0876,Quinn Thomas,SAL0926,1238.84,EUR,2028-06-26
PAY0635,Taylor Anderson,SAL0806,1383.9,USD,2028-06-27
PAY0986,Avery Brown,SAL0673,1896.22,EUR,2028-06-28
PAY0804,Casey Wilson,SAL0959,1163.99,USD,2028-06-29
PAY0974,Jordan Brown,SAL0845,1091.87,USD,2028-06-30
PAY0986,Avery Brown,,735.94,USD,2028-07-01
PAY0250,Casey Thomas,SAL0689,895.92,USD,2028-07-02
PAY0584,Robin Wilson,SAL0295,137.21,USD,2028-07-03
PAY0740,Riley Anderson,SAL0901,482.06,EUR,2028-07-04
PAY0428,Riley Moore,SAL0661,453.14,USD,2028-07-05
PAY0390,Jordan Davis,SAL0022,1805.63,USD,2028-07-06
PAY0146,Alex Moore,SAL0652,518.76,EUR,2028-07-07
PAY0687,Avery Brown,SAL0522,495.33,EUR,2028-07-08
PAY0080,Riley Davis,SAL0089,530.04,EUR,2028-07-09
PAY0672,Jordan Wilson,SAL0207,1162.55,EUR,2028-07-10
PAY0813,Avery Thomas,SAL0575,1831.79,EUR,2028-07-11
PAY0655,Jamie Wilson,SAL0042,856.6,EUR,2028-07-12
PAY0849,Avery Thomas,SAL0486,1569.49,EUR,2028-07-13
PAY0760,Alex Brown,,821.16,EUR,2028-07-14
PAY0260,Robin Smith,SAL0699,187.52,USD,2028-07-15
PAY0896,Morgan Anderson,SAL0399,407.55,EUR,2028-07-16
PAY0798,Robin Davis,SAL0606,1912.87,EUR,2028-07-17
PAY0427,Robin Smith,SAL0653,1718.24,EUR,2028-07-18
PAY0165,Alex Wilson,,1654.61,USD,2028-07-19
PAY0722,Robin Johnson,SAL0958,1021.04,USD,2028-07-20
PAY0733,Riley Johnson,SAL0097,983.7,USD,2028-07-21
PAY0591,Alex Johnson,SAL0890,213.04,USD,2028-07-22
PAY0961,Casey Taylor,SAL0798,904.31,USD,2028-07-23
PAY0649,Avery Moore,SAL0424,1870.55,USD,2028-07-24
PAY0039,Quinn Brown,SAL0915,135.33,USD,2028-07-25
PAY0191,Robin Brown,SAL0884,1903.31,USD,2028-07-26
PAY0352,Quinn Taylor,,1306.06,EUR,2028-07-27
PAY0086,Jamie Anderson,SAL0384,174.12,USD,2028-07-28
PAY0378,Jamie Johnson,SAL0006,1456.3,USD,2028-07-29
PAY0286,Jordan Davis,SAL0970,529.26,EUR,2028-07-30
PAY0309,Quinn Wilson,SAL0794,1930.14,USD,2028-07-31
PAY0479,Jordan Jackson,SAL0675,1060.19,USD,2028-08-01
PAY0436,Jamie Taylor,SAL0693,1868.96,EUR,2028-08-02
PAY0139,Robin Johnson,SAL0797,505.64,EUR,2028-08-03
PAY0850,Casey Jackson,,805.68,USD,2028-08-04
PAY0599,Quinn Brown,SAL0075,1149.1,USD,2028-08-05
PAY0109,Avery Wilson,SAL0148,1164.41,EUR,2028-08-06
PAY0912,Jordan Smith,SAL0766,926.86,USD,2028-08-07
PAY0801,Alex Smith,,723.04,EUR,2028-08-08
PAY0133,Jordan Taylor,SAL0124,1096.09,EUR,2028-08-09
PAY0561,Jamie Johnson,SAL0181,1475.41,EUR,2028-08-10
PAY0575,Jordan Jackson,SAL0715,1493.01,EUR,2028-08-11
PAY0931,Casey Taylor,SAL0312,946.87,USD,2028-08-12
PAY0829,Riley Anderson,SAL0473,1271.67,USD,2028-08-13
PAY0118,Avery Anderson,SAL0221,864.56,EUR,2028-08-14
PAY0006,Avery Moore,SAL0017,758.94,EUR,2028-08-15
PAY0857,Robin Wilson,SAL0785,1083.38,USD,2028-08-16
PAY0451,Casey Johnson,SAL0961,429.47,EUR,2028-08-17
PAY0415,Avery Thomas,SAL0375,1539.75,EUR,2028-08-18
PAY0477,Jamie Wilson,,816.02,EUR,2028-08-19
PAY0805,Morgan Moore,SAL0035,635.62,EUR,2028-08-20
PAY0122,Casey Smith,SAL0650,1125.8,USD,2028-08-21
PAY0040,Riley Johnson,SAL0029,401.61,EUR,2028-08-22
PAY0480,Avery Brown,SAL0193,1156.42,USD,2028-08-23
PAY0672,Jordan Wilson,SAL0207,1148.56,USD,2028-08-24
PAY0815,Jordan Jackson,SAL0028,1611.63,USD,2028-08-25
PAY0944,Jordan Thomas,SAL0135,1742.66,USD,2028-08-26
PAY0742,Alex Davis,,1240.2,USD,2028-08-27
PAY0079,Morgan Wilson,SAL0356,91.86,USD,2028-08-28
PAY0067,Avery Smith,SAL0370,1866.55,EUR,2028-08-29
PAY0937,Morgan Brown,SAL0980,465.37,USD,2028-08-30
PAY0092,Jamie Anderson,SAL0597,1813.8,EUR,2028-08-31
PAY0909,Jordan Thomas,,615.0,USD,2028-09-01
PAY0467,Jordan Anderson,SAL0739,1767.09,USD,2028-09-02
PAY0303,Morgan Jackson,SAL0885,1255.66,USD,2028-09-03
PAY0733,Riley Johnson,,1414.73,EUR,2028-09-04
PAY0597,Jamie Smith,SAL0972,271.05,USD,2028-09-05
PAY0906,Riley Anderson,SAL0020,126.79,EUR,2028-09-06
PAY0057,Jamie Johnson,SAL0620,1545.92,EUR,2028-09-07
PAY0969,Robin Thomas,SAL0515,404.58,USD,2028-09-08
PAY0616,Morgan Wilson,,720.47,EUR,2028-09-09
PAY0435,Avery Brown,SAL0600,395.61,EUR,2028-09-10
PAY0683,Robin Anderson,SAL0391,1986.15,USD,2028-09-11
PAY0161,Avery Jackson,SAL0256,1437.25,USD,2028-09-12
PAY0066,Morgan Davis,SAL0547,1262.63,EUR,2028-09-13
PAY0461,Riley Johnson,SAL0296,542.8,EUR,2028-09-14
PAY0358,Quinn Jackson,SAL0373,671.21,USD,2028-09-15
PAY0987,Jamie Moore,SAL0574,647.94,EUR,2028-09-16
PAY0824,Casey Smith,,582.03,EUR,2028-09-17
PAY0825,Alex Jackson,SAL0541,111.18,USD,2028-09-18
PAY0734,Quinn Smith,SAL0648,792.31,EUR,2028-09-19
PAY0842,Alex Johnson,SAL0557,1360.21,EUR,2028-09-20
PAY0756,Alex Thomas,SAL0200,1987.62,EUR,2028-09-21
PAY0995,Riley Brown,SAL0365,1888.67,EUR,2028-09-22
PAY0047,Jamie Taylor,,570.01,EUR,2028-09-23
PAY0087,Morgan Jackson,SAL0632,1349.13,EUR,2028-09-24
PAY0922,Jamie Taylor,SAL0711,1630.97,USD,2028-09-25
PAY0168,Jordan Wilson,SAL0896,176.67,USD,2028-09-26
PAY0861,Alex Thomas,SAL0765,1460.06,EUR,2028-09-27
PAY0593,Jordan Thomas,SAL0326,354.68,EUR,2028-09-28
PAY0881,Jordan Taylor,SAL0913,1346.63,USD,2028-09-29
PAY0679,Robin Davis,SAL0410,1840.1,USD,2028-09-30
PAY0681,Quinn Johnson,SAL0702,228.59,EUR,2028-10-01
PAY0833,Casey Thomas,SAL0624,147.5,USD,2028-10-02
PAY0325,Morgan Johnson,SAL0526,425.65,USD,2028-10-03
PAY0660,Riley Johnson,SAL0809,1427.23,EUR,2028-10-04
PAY0009,Avery Taylor,SAL0930,1736.77,USD,2028-10-05
PAY0784,Alex Johnson,SAL0392,205.14,USD,2028-10-06
PAY0137,Jamie Anderson,,1946.81,USD,2028-10-07
PAY0986,Avery Brown,SAL0673,414.74,EUR,2028-10-08
PAY0755,Jamie Davis,SAL0614,819.6,EUR,2028-10-09
PAY0331,Morgan Wilson,SAL0039,606.54,EUR,2028-10-10
PAY0116,Avery Johnson,SAL0333,519.5,USD,2028-10-11
PAY0939,Taylor Anderson,SAL0912,598.83,USD,2028-10-12
PAY0349,Casey Thomas,,721.24,USD,2028-10-13
PAY0869,Alex Davis,SAL0873,1364.37,EUR,2028-10-14
PAY0739,Quinn Davis,SAL0112,222.05,EUR,2028-10-15
PAY0136,Quinn Wilson,SAL0278,1920.63,EUR,2028-10-16
PAY0996,Robin Moore,SAL0728,748.32,EUR,2028-10-17
PAY0576,Riley Jackson,SAL0152,1003.72,USD,2028-10-18
PAY0931,Casey Taylor,SAL0312,1397.19,EUR,2028-10-19
PAY0044,Jamie Brown,SAL0762,1850.72,EUR,2028-10-20
PAY0805,Morgan Moore,,347.74,EUR,2028-10-21
PAY0250,Casey Thomas,SAL0689,321.89,EUR,2028-10-22
PAY0983,Robin Jackson,SAL0867,828.87,USD,2028-10-23
PAY0748,Quinn Taylor,SAL0924,386.92,USD,2028-10-24
PAY0994,Alex Jackson,SAL0357,970.96,EUR,2028-10-25
PAY0543,Quinn Taylor,SAL0441,814.85,EUR,2028-10-26
PAY0111,Avery Johnson,,494.09,EUR,2028-10-27
PAY0322,Riley Wilson,SAL0398,898.46,USD,2028-10-28
PAY0097,Robin Jackson,SAL0203,739.07,USD,2028-10-29
PAY0439,Taylor Taylor,SAL0816,979.57,EUR,2028-10-30
PAY0972,Riley Smith,SAL0426,1013.75,USD,2028-10-31
PAY0088,Avery Jackson,SAL0310,650.61,USD,2028-11-01
PAY0139,Robin Johnson,SAL0797,1256.04,USD,2028-11-02
PAY0047,Jamie Taylor,SAL0977,715.14,EUR,2028-11-03
PAY0868,Avery Thomas,SAL0069,1152.39,EUR,2028-11-04
PAY0868,Avery Thomas,SAL0069,863.15,USD,2028-11-05
PAY0553,Robin Taylor,SAL0360,1824.78,EUR,2028-11-06
PAY0434,Morgan Jackson,,597.04,EUR,2028-11-07
PAY0584,Robin Wilson,SAL0295,429.04,USD,2028-11-08
PAY0544,Casey Johnson,SAL0985,1943.71,USD,2028-11-09
PAY0249,Robin Thomas,SAL0379,1635.98,USD,2028-11-10
PAY0464,Riley Taylor,SAL0987,87.82,USD,2028-11-11
PAY0745,Alex Brown,,677.23,EUR,2028-11-12
PAY0947,Casey Anderson,SAL0709,180.5,EUR,2028-11-13
PAY0215,Jamie Smith,SAL0231,329.01,USD,2028-11-14
PAY0786,Alex Smith,SAL0191,55.95,EUR,2028-11-15
PAY0089,Casey Taylor,SAL0863,334.93,EUR,2028-11-16
PAY0492,Casey Davis,SAL0839,1229.3,USD,2028-11-17
PAY0986,Avery Brown,,1917.57,USD,2028-11-18
PAY0116,Avery Johnson,SAL0333,1775.3,EUR,2028-11-19
PAY0882,Taylor Wilson,SAL0727,1416.26,USD,2028-11-20
PAY0287,Taylor Taylor,SAL0897,627.4,USD,2028-11-21
PAY0990,Jordan Davis,,768.83,USD,2028-11-22
PAY0792,Taylor Jackson,SAL0939,356.11,EUR,2028-11-23
PAY0109,Avery Wilson,SAL0148,583.43,EUR,2028-11-24
PAY0781,Robin Anderson,SAL0106,605.29,USD,2028-11-25
PAY0409,Jamie Davis,SAL0531,152.23,EUR,2028-11-26
PAY0445,Morgan Johnson,SAL0493,664.77,EUR,2028-11-27
PAY0761,Robin Wilson,SAL0443,1310.34,EUR,2028-11-28
PAY0105,Jamie Moore,SAL0404,1533.04,EUR,2028-11-29
PAY0647,Avery Davis,,1772.36,USD,2028-11-30
PAY0995,Riley Brown,SAL0365,1018.52,USD,2028-12-01
PAY0075,Alex Moore,SAL0406,368.59,USD,2028-12-02
PAY0946,Morgan Brown,SAL0029,746.31,USD,2028-12-03
PAY0692,Riley Moore,SAL0202,831.09,USD,2028-12-04
PAY0142,Casey Brown,SAL0690,822.18,USD,2028-12-05
PAY0850,Casey Jackson,SAL0153,454.15,USD,2028-12-06
PAY0808,Casey Jackson,SAL0964,516.57,USD,2028-12-07
PAY0744,Taylor Moore,SAL0176,983.45,USD,2028-12-08
PAY0171,Riley Thomas,,347.63,USD,2028-12-09
PAY0912,Jordan Smith,SAL0766,1524.13,EUR,2028-12-10
PAY0692,Riley Moore,SAL0202,95.85,EUR,2028-12-11
PAY0679,Robin Davis,SAL0410,1199.85,USD,2028-12-12
PAY0559,Taylor Davis,SAL0260,731.29,USD,2028-12-13
PAY0412,Morgan Johnson,SAL0419,1802.23,USD,2028-12-14
PAY0754,Alex Anderson,SAL0759,64.33,EUR,2028-12-15
PAY0775,Casey Jackson,,807.42,USD,2028-12-16
PAY0031,Casey Thomas,SAL0903,431.76,EUR,2028-12-17
PAY0350,Taylor Taylor,SAL0087,930.72,EUR,2028-12-18
PAY0927,Jamie Moore,SAL0246,1048.02,EUR,2028-12-19
PAY0182,Taylor Smith,SAL0788,805.53,USD,2028-12-20
PAY0679,Robin Davis,SAL0410,1531.53,EUR,2028-12-21
PAY0963,Morgan Jackson,SAL0347,1778.97,EUR,2028-12-22
PAY0859,Avery Davis,SAL0329,1270.93,EUR,2028-12-23
PAY0666,Jordan Taylor,SAL0986,74.1,USD,2028-12-24
PAY0945,Alex Moore,SAL0579,1896.25,EUR,2028-12-25
PAY0994,Alex Jackson,SAL0357,1223.54,USD,2028-12-26
PAY0103,Jamie Wilson,SAL0856,1213.64,USD,2028-12-27
PAY0728,Jordan Smith,SAL0247,50.53,USD,2028-12-28
PAY0046,Morgan Jackson,SAL0706,584.75,USD,2028-12-29
PAY0043,Jamie Davis,SAL0471,1157.82,USD,2028-12-30
PAY0510,Jordan Smith,SAL0750,1309.26,EUR,2028-12-31
PAY0432,Quinn Moore,SAL0291,595.96,USD,2029-01-01
PAY0212,Jamie Johnson,SAL0195,284.15,USD,2029-01-02
PAY0905,Riley Thomas,SAL0984,1842.84,USD,2029-01-03
PAY0764,Casey Davis,SAL0684,77.97,USD,2029-01-04
PAY0164,Jamie Moore,SAL0009,1778.56,EUR,2029-01-05
PAY0223,Morgan Davis,,985.46,USD,2029-01-06
PAY0136,Quinn Wilson,SAL0168,785.98,USD,2029-01-07
PAY0261,Taylor Davis,SAL0114,391.29,USD,2029-01-08
PAY0466,Jamie Johnson,SAL0866,172.87,EUR,2029-01-09
PAY0060,Jordan Taylor,SAL0218,445.26,EUR,2029-01-10
PAY0719,Taylor Moore,SAL0510,1750.38,USD,2029-01-11
PAY0803,Taylor Taylor,SAL0205,136.04,EUR,2029-01-12
PAY0800,Jordan Wilson,SAL0562,1594.33,USD,2029-01-13
PAY0634,Taylor Anderson,SAL0879,766.23,EUR,2029-01-14
PAY0285,Robin Johnson,,1808.55,USD,2029-01-15
PAY0356,Casey Davis,SAL0536,843.65,EUR,2029-01-16
PAY0497,Alex Anderson,SAL0802,620.28,EUR,2029-01-17
PAY0555,Taylor Johnson,,1924.7,USD,2029-01-18
PAY0568,Quinn Johnson,SAL0849,1853.2,EUR,2029-01-19
PAY0645,Casey Johnson,SAL0783,1376.66,USD,2029-01-20
PAY0174,Jamie Jackson,SAL0516,1217.65,USD,2029-01-21
PAY0573,Avery Thomas,SAL0871,1955.6,USD,2029-01-22
PAY0950,Jamie Anderson,SAL0535,1655.71,USD,2029-01-23
PAY0182,Taylor Smith,SAL0788,1063.16,USD,2029-01-24
PAY0463,Casey Taylor,SAL0054,1887.47,USD,2029-01-25
PAY0800,Jordan Wilson,SAL0562,278.0,EUR,2029-01-26
PAY0075,Alex Moore,SAL0406,1330.94,EUR,2029-01-27
PAY0032,Riley Johnson,SAL0708,845.6,USD,2029-01-28
PAY0781,Robin Anderson,SAL0106,353.62,USD,2029-01-29
PAY0245,Avery Thomas,SAL0520,260.21,USD,2029-01-30
PAY0171,Riley Thomas,SAL0305,647.78,EUR,2029-01-31
PAY0933,Robin Wilson,SAL0615,1294.58,USD,2029-02-01
PAY0521,Robin Anderson,SAL0555,286.1,USD,2029-02-02
PAY0793,Quinn Davis,SAL0524,180.69,EUR,2029-02-03
PAY0661,Quinn Moore,SAL0162,747.15,EUR,2029-02-04
PAY0920,Avery Smith,,719.18,EUR,2029-02-05
PAY0208,Alex Moore,SAL0929,1199.9,EUR,2029-02-06
PAY0182,Taylor Smith,SAL0788,1374.28,USD,2029-02-07
PAY0665,Robin Wilson,,548.78,EUR,2029-02-08
PAY0172,Quinn Smith,SAL0931,1101.08,USD,2029-02-09
PAY0907,Taylor Jackson,SAL0506,1767.24,EUR,2029-02-10
PAY0478,Robin Wilson,SAL0850,1927.4,USD,2029-02-11
PAY0306,Jamie Davis,SAL0934,211.78,USD,2029-02-12
PAY0122,Casey Smith,SAL0650,520.69,EUR,2029-02-13
PAY0698,Riley Wilson,SAL0602,1565.47,EUR,2029-02-14
PAY0535,Quinn Thomas,,70.07,USD,2029-02-15
PAY0968,Robin Wilson,SAL0898,105.06,EUR,2029-02-16
PAY0006,Avery Moore,SAL0017,585.75,EUR,2029-02-17
PAY0596,Robin Moore,SAL0669,1462.45,EUR,2029-02-18
PAY0041,Jamie Davis,SAL0434,1007.64,EUR,2029-02-19
PAY0647,Avery Davis,SAL0642,616.06,EUR,2029-02-20
PAY0225,Jordan Anderson,,1938.7,USD,2029-02-21
PAY0673,Taylor Brown,SAL0899,61.1,USD,2029-02-22
PAY0734,Quinn Smith,SAL0648,406.22,EUR,2029-02-23
PAY0220,Quinn Thomas,SAL0564,1012.03,EUR,2029-02-24
PAY0895,Jamie Thomas,SAL0687,370.64,USD,2029-02-25
PAY0223,Morgan Davis,SAL0157,96.17,EUR,2029-02-26
PAY0234,Jordan Jackson,SAL0258,90.05,EUR,2029-02-27
PAY0526,Riley Jackson,SAL0165,973.63,EUR,2029-02-28
PAY0516,Riley Johnson,SAL0459,180.53,USD,2029-03-01
PAY0958,Jordan Thomas,,975.52,USD,2029-03-02
PAY0905,Riley Thomas,SAL0984,97.01,USD,2029-03-03
PAY0218,Morgan Brown,SAL0011,919.9,EUR,2029-03-04
PAY0896,Morgan Anderson,SAL0399,1943.19,USD,2029-03-05
PAY0794,Casey Brown,SAL0966,127.52,USD,2029-03-06
PAY0034,Riley Jackson,SAL0514,1417.87,USD,2029-03-07
PAY0589,Avery Taylor,,73.72,EUR,2029-03-08
PAY0476,Jamie Taylor,SAL0300,1766.75,USD,2029-03-09
PAY0189,Jamie Thomas,SAL0413,986.76,USD,2029-03-10
PAY0233,Jordan Thomas,SAL0273,983.53,USD,2029-03-11
PAY0786,Alex Smith,SAL0788,1272.71,USD,2029-03-12
PAY0976,Quinn Moore,SAL0411,1044.24,USD,2029-03-13
PAY0156,Avery Wilson,SAL0225,371.23,EUR,2029-03-14
PAY0441,Jordan Brown,SAL0622,489.42,EUR,2029-03-15
PAY0931,Casey Taylor,SAL0312,1747.8,EUR,2029-03-16
PAY0560,Morgan Jackson,SAL0560,1865.02,EUR,2029-03-17
PAY0226,Casey Brown,SAL0963,1819.64,EUR,2029-03-18
PAY0327,Robin Taylor,SAL0024,842.74,USD,2029-03-19
PAY0107,Alex Jackson,SAL0252,1019.41,USD,2029-03-20
PAY0982,Alex Taylor,SAL0997,179.35,USD,2029-03-21
PAY0323,Avery Jackson,SAL0923,1300.73,EUR,2029-03-22
PAY0571,Quinn Anderson,SAL0058,1317.83,EUR,2029-03-23
PAY0660,Riley Johnson,SAL0809,687.82,EUR,2029-03-24
PAY0775,Casey Jackson,SAL0950,1001.19,USD,2029-03-25
PAY0332,Quinn Johnson,SAL0953,1004.87,EUR,2029-03-26
PAY0050,Alex Thomas,SAL0656,172.72,EUR,2029-03-27
PAY0456,Robin Johnson,SAL0668,1051.36,EUR,2029-03-28
PAY0852,Jordan Smith,SAL0887,516.86,USD,2029-03-29
PAY0405,Casey Davis,SAL0217,1660.18,EUR,2029-03-30
PAY0465,Quinn Davis,SAL0741,1355.89,USD,2029-03-31
PAY0843,Quinn Brown,SAL0608,1551.32,EUR,2029-04-01
PAY0886,Riley Thomas,SAL0729,1439.61,EUR,2029-04-02
PAY0106,Avery Moore,,1064.22,USD,2029-04-03
PAY0346,Casey Jackson,SAL0428,531.7,EUR,2029-04-04
PAY0723,Jordan Anderson,SAL0925,1019.06,USD,2029-04-05
PAY0263,Jordan Davis,SAL0543,1868.34,EUR,2029-04-06
PAY0951,Quinn Davis,,1231.67,EUR,2029-04-07
PAY0633,Riley Davis,SAL0621,1123.83,EUR,2029-04-08
PAY0177,Taylor Wilson,SAL0917,1871.54,EUR,2029-04-09
PAY0092,Jamie Anderson,SAL0597,1651.26,EUR,2029-04-10
PAY0487,Morgan Wilson,SAL0418,1274.82,EUR,2029-04-11
PAY0033,Jamie Jackson,SAL0277,804.43,USD,2029-04-12
PAY0886,Riley Thomas,SAL0729,1532.24,USD,2029-04-13
PAY0111,Avery Johnson,SAL0031,259.55,EUR,2029-04-14
PAY0227,Riley Thomas,SAL0528,1498.9,EUR,2029-04-15
PAY0616,Morgan Wilson,SAL0227,166.77,USD,2029-04-16
PAY0954,Alex Anderson,SAL0886,590.49,EUR,2029-04-17
PAY0695,Alex Brown,SAL0179,1227.14,EUR,2029-04-18
PAY0829,Riley Anderson,SAL0626,510.91,USD,2029-04-19
PAY0518,Avery Smith,SAL0698,478.75,EUR,2029-04-20
PAY0638,Casey Johnson,SAL0214,1911.22,USD,2029-04-21
PAY0548,Casey Jackson,,575.97,EUR,2029-04-22
PAY0220,Quinn Thomas,SAL0564,842.48,USD,2029-04-23
PAY0740,Riley Anderson,SAL0901,388.41,USD,2029-04-24
PAY0460,Jordan Davis,SAL0767,1358.77,EUR,2029-04-25
PAY0440,Alex Davis,,804.07,USD,2029-04-26
PAY0919,Quinn Taylor,,1439.23,EUR,2029-04-27
PAY0461,Riley Johnson,SAL0296,1249.35,EUR,2029-04-28
PAY0390,Jordan Davis,SAL0022,1769.52,EUR,2029-04-29
PAY0193,Morgan Thomas,SAL0171,678.06,EUR,2029-04-30
PAY0065,Alex Wilson,SAL0132,912.27,USD,2029-05-01
PAY0251,Jamie Moore,SAL0374,1221.86,EUR,2029-05-02
PAY0486,Taylor Taylor,SAL0619,474.96,EUR,2029-05-03
PAY0090,Taylor Thomas,SAL0253,616.82,USD,2029-05-04
PAY0550,Avery Brown,SAL0559,97.34,USD,2029-05-05
PAY0805,Morgan Moore,SAL0035,1440.49,USD,2029-05-06
PAY0555,Taylor Johnson,SAL0048,792.89,EUR,2029-05-07
PAY0426,Morgan Smith,SAL0631,877.07,EUR,2029-05-08
PAY0154,Riley Brown,SAL0464,764.86,EUR,2029-05-09
PAY0175,Quinn Thomas,SAL0829,1714.61,USD,2029-05-10
PAY0650,Alex Johnson,SAL0170,143.56,USD,2029-05-11
PAY0306,Jamie Davis,SAL0934,1250.13,USD,2029-05-12
PAY0523,Morgan Johnson,SAL0752,547.53,USD,2029-05-13
PAY0021,Morgan Brown,SAL0695,1748.47,USD,2029-05-14
PAY0731,Quinn Thomas,,1064.99,USD,2029-05-15
PAY0196,Quinn Taylor,SAL0545,1166.59,USD,2029-05-16
PAY0410,Morgan Davis,SAL0496,875.36,USD,2029-05-17
PAY0777,Robin Wilson,SAL0974,1439.43,USD,2029-05-18
PAY0849,Avery Thomas,SAL0486,1577.13,USD,2029-05-19
PAY0669,Riley Jackson,SAL0249,769.41,USD,2029-05-20
PAY0944,Jordan Thomas,SAL0135,1584.47,EUR,2029-05-21
PAY0294,Casey Thomas,SAL0071,1635.95,USD,2029-05-22
PAY0974,Jordan Brown,SAL0845,964.68,USD,2029-05-23
PAY0984,Casey Davis,SAL0814,766.02,EUR,2029-05-24
PAY0909,Jordan Thomas,,1434.91,USD,2029-05-25
PAY0455,Jamie Wilson,SAL0452,132.43,EUR,2029-05-26
PAY0799,Alex Thomas,SAL0215,1081.34,EUR,2029-05-27
PAY0977,Alex Jackson,SAL0371,1105.86,EUR,2029-05-28
PAY0917,Morgan Moore,SAL0911,1312.34,EUR,2029-05-29
PAY0872,Alex Taylor,SAL0625,1683.37,EUR,2029-05-30
PAY0109,Avery Wilson,SAL0148,844.97,EUR,2029-05-31
PAY0831,Taylor Smith,SAL0970,193.16,EUR,2029-06-01
PAY0094,Taylor Johnson,SAL0989,1813.12,EUR,2029-06-02
PAY0772,Jamie Thomas,SAL0674,663.36,USD,2029-06-03
PAY0365,Avery Thomas,SAL0992,1561.39,USD,2029-06-04
PAY0611,Avery Johnson,,1529.57,USD,2029-06-05
PAY0115,Riley Johnson,,526.76,USD,2029-06-06
PAY0388,Quinn Johnson,SAL0262,999.21,EUR,2029-06-07
PAY0024,Avery Taylor,SAL0598,449.15,USD,2029-06-08
PAY0944,Jordan Thomas,SAL0135,1898.06,USD,2029-06-09
PAY0278,Riley Jackson,SAL0598,956.92,EUR,2029-06-10
PAY0251,Jamie Moore,SAL0374,1216.56,EUR,2029-06-11
PAY0314,Morgan Anderson,SAL0921,129.02,EUR,2029-06-12
PAY0934,Casey Thomas,SAL0525,655.17,USD,2029-06-13
PAY0716,Taylor Jackson,SAL0311,1501.46,EUR,2029-06-14
PAY0110,Casey Taylor,SAL0671,1279.82,EUR,2029-06-15
PAY0031,Casey Thomas,SAL0903,1607.1,EUR,2029-06-16
PAY0427,Robin Smith,SAL0653,767.54,USD,2029-06-17
PAY0322,Riley Wilson,SAL0398,1539.1,USD,2029-06-18
PAY0043,Jamie Davis,SAL0471,1510.43,USD,2029-06-19
PAY0228,Riley Brown,SAL0327,1658.19,EUR,2029-06-20
PAY0991,Jamie Taylor,SAL0386,1458.96,EUR,2029-06-21
PAY0619,Taylor Johnson,SAL0819,1252.9,EUR,2029-06-22
PAY0750,Taylor Jackson,SAL0673,640.68,USD,2029-06-23
PAY0934,Casey Thomas,SAL0525,864.3,USD,2029-06-24
PAY0114,Robin Anderson,,1981.33,USD,2029-06-25
PAY0373,Casey Wilson,SAL0821,1724.74,EUR,2029-06-26
PAY0175,Quinn Thomas,SAL0829,963.2,USD,2029-06-27
PAY0558,Casey Johnson,SAL0237,205.94,EUR,2029-06-28
PAY0163,Avery Wilson,SAL0280,1469.45,EUR,2029-06-29
PAY0392,Casey Wilson,SAL0860,1139.21,EUR,2029-06-30
PAY0431,Taylor Thomas,SAL0060,353.42,EUR,2029-07-01
PAY0704,Robin Johnson,SAL0444,1639.12,EUR,2029-07-02
PAY0340,Avery Davis,SAL0209,1042.23,EUR,2029-07-03
PAY0730,Quinn Taylor,,1906.6,EUR,2029-07-04
PAY0068,Riley Taylor,SAL0381,1656.93,USD,2029-07-05
PAY0924,Taylor Smith,SAL0050,1914.54,EUR,2029-07-06
PAY0726,Quinn Anderson,SAL0125,1107.31,EUR,2029-07-07
PAY0053,Riley Wilson,SAL0420,1154.82,EUR,2029-07-08
PAY0745,Alex Brown,SAL0466,988.29,USD,2029-07-09
PAY0135,Riley Anderson,SAL0691,841.55,EUR,2029-07-10
PAY0665,Robin Wilson,SAL0951,700.88,EUR,2029-07-11
PAY0615,Casey Thomas,SAL0002,1764.26,EUR,2029-07-12
PAY0613,Jamie Johnson,,467.36,EUR,2029-07-13
PAY0051,Avery Anderson,SAL0527,1240.62,USD,2029-07-14
PAY0913,Quinn Smith,SAL0682,1207.22,USD,2029-07-15
PAY0383,Taylor Davis,SAL0726,1487.99,USD,2029-07-16
PAY0935,Morgan Thomas,SAL0927,230.01,USD,2029-07-17
PAY0337,Taylor Brown,SAL0573,396.27,USD,2029-07-18
PAY0130,Alex Brown,SAL0552,1387.04,EUR,2029-07-19
PAY0824,Casey Smith,SAL0954,372.18,EUR,2029-07-20
PAY0741,Quinn Davis,SAL0778,210.57,USD,2029-07-21
PAY0142,Casey Brown,SAL0690,381.37,EUR,2029-07-22
PAY0925,Taylor Johnson,SAL0187,571.29,EUR,2029-07-23
PAY0793,Quinn Davis,SAL0889,1672.01,EUR,2029-07-24
PAY0240,Taylor Jackson,SAL0644,1712.17,USD,2029-07-25
PAY0662,Riley Thomas,SAL0066,237.43,USD,2029-07-26
PAY0214,Riley Anderson,SAL0269,1711.71,USD,2029-07-27
PAY0253,Alex Thomas,SAL0275,1905.82,EUR,2029-07-28
PAY0361,Riley Anderson,SAL0468,832.13,USD,2029-07-29
PAY0425,Quinn Wilson,,686.89,USD,2029-07-30
PAY0225,Jordan Anderson,SAL0331,121.76,USD,2029-07-31
PAY0152,Quinn Johnson,SAL0401,259.97,EUR,2029-08-01
PAY0653,Morgan Thomas,SAL0646,600.83,EUR,2029-08-02
PAY0460,Jordan Davis,SAL0767,1451.35,EUR,2029-08-03
PAY0276,Quinn Thomas,SAL0215,1888.03,EUR,2029-08-04
PAY0926,Robin Jackson,SAL0511,972.8,USD,2029-08-05
PAY0405,Casey Davis,SAL0217,722.92,USD,2029-08-06
PAY0878,Jordan Brown,SAL0210,413.8,EUR,2029-08-07
PAY0651,Jamie Jackson,SAL0705,1432.83,EUR,2029-08-08
PAY0282,Quinn Jackson,SAL0627,1935.06,EUR,2029-08-09
PAY0574,Casey Wilson,SAL0111,1414.72,USD,2029-08-10
PAY0788,Riley Thomas,SAL0251,538.67,USD,2029-08-11
PAY0152,Quinn Johnson,SAL0401,131.95,USD,2029-08-12
PAY0428,Riley Moore,,1916.27,USD,2029-08-13
PAY0478,Robin Wilson,SAL0850,1553.18,EUR,2029-08-14
PAY0494,Casey Anderson,SAL0400,707.5,USD,2029-08-15
PAY0348,Jamie Taylor,SAL0201,461.57,EUR,2029-08-16
PAY0802,Jamie Brown,SAL0754,1034.71,EUR,2029-08-17
PAY0257,Taylor Moore,SAL0667,1856.83,USD,2029-08-18
PAY0245,Avery Thomas,SAL0520,126.88,EUR,2029-08-19
PAY0750,Taylor Jackson,SAL0045,604.75,USD,2029-08-20
PAY0810,Jamie Wilson,SAL0655,1594.08,EUR,2029-08-21
PAY0572,Taylor Jackson,SAL0409,953.91,USD,2029-08-22
PAY0260,Robin Smith,,926.08,EUR,2029-08-23
PAY0849,Avery Thomas,SAL0486,497.47,EUR,2029-08-24
PAY0874,Quinn Taylor,SAL0136,496.98,USD,2029-08-25
PAY0460,Jordan Davis,SAL0767,824.11,EUR,2029-08-26
PAY0843,Quinn Brown,SAL0608,1616.4,EUR,2029-08-27
PAY0145,Morgan Davis,SAL0823,1545.22,EUR,2029-08-28
PAY0730,Quinn Taylor,SAL0235,1018.44,USD,2029-08-29
PAY0107,Alex Jackson,SAL0252,1570.37,USD,2029-08-30
PAY0103,Jamie Wilson,SAL0856,1465.16,USD,2029-08-31
PAY0536,Morgan Taylor,SAL0761,1385.91,USD,2029-09-01
PAY0046,Morgan Jackson,,985.74,USD,2029-09-02
PAY0376,Robin Thomas,SAL0772,553.48,EUR,2029-09-03
PAY0530,Morgan Moore,SAL0014,1816.61,USD,2029-09-04
PAY0216,Taylor Smith,SAL0257,1541.93,EUR,2029-09-05
PAY0332,Quinn Johnson,SAL0769,1119.93,USD,2029-09-06
PAY0250,Casey Thomas,SAL0689,286.81,USD,2029-09-07
PAY0569,Jamie Moore,,1552.16,EUR,2029-09-08
PAY0200,Quinn Anderson,SAL0635,930.02,USD,2029-09-09
PAY0588,Riley Smith,,1046.02,EUR,2029-09-10
PAY0881,Jordan Taylor,SAL0913,212.37,USD,2029-09-11
PAY0605,Morgan Anderson,SAL0909,419.14,EUR,2029-09-12
PAY0689,Morgan Brown,SAL0758,1940.37,USD,2029-09-13
PAY0716,Taylor Jackson,,717.1,USD,2029-09-14
PAY0818,Quinn Taylor,SAL0021,108.09,EUR,2029-09-15
PAY0583,Avery Brown,SAL0108,1624.19,EUR,2029-09-16
PAY0907,Taylor Jackson,,1293.1,USD,2029-09-17
PAY0808,Casey Jackson,SAL0964,1677.3,EUR,2029-09-18
PAY0912,Jordan Smith,SAL0766,678.32,EUR,2029-09-19
PAY1000,Avery Davis,SAL0073,933.17,USD,2029-09-20
PAY0463,Casey Taylor,SAL0054,1871.14,EUR,2029-09-21
PAY0709,Avery Johnson,,664.58,EUR,2029-09-22
PAY0456,Robin Johnson,SAL0668,1065.0,USD,2029-09-23
PAY0333,Avery Taylor,SAL0660,1129.49,EUR,2029-09-24
PAY0434,Morgan Jackson,SAL0904,1678.69,EUR,2029-09-25
PAY0612,Casey Thomas,SAL0040,880.0,USD,2029-09-26
PAY0816,Morgan Moore,SAL0349,635.4,USD,2029-09-27
PAY0181,Taylor Wilson,SAL0302,597.3,EUR,2029-09-28
PAY0319,Riley Anderson,SAL0822,196.47,EUR,2029-09-29
PAY0922,Jamie Taylor,SAL0711,100.99,EUR,2029-09-30
PAY0619,Taylor Johnson,SAL0819,1745.53,USD,2029-10-01
PAY0411,Alex Smith,SAL0657,565.19,EUR,2029-10-02
PAY0205,Robin Thomas,SAL0223,1174.0,USD,2029-10-03
PAY0458,Jordan Johnson,SAL0755,1690.86,USD,2029-10-04
PAY0101,Casey Moore,,1175.86,EUR,2029-10-05
PAY0614,Casey Taylor,SAL0556,245.85,EUR,2029-10-06
PAY0757,Riley Smith,SAL0161,1841.73,EUR,2029-10-07
PAY0154,Riley Brown,SAL0464,1495.13,USD,2029-10-08
PAY0295,Jamie Jackson,SAL0244,258.32,EUR,2029-10-09
PAY0187,Taylor Thomas,SAL0833,1106.83,EUR,2029-10-10
PAY0488,Robin Johnson,SAL0948,1598.51,USD,2029-10-11
PAY0367,Robin Anderson,SAL0803,1840.42,USD,2029-10-12
PAY0484,Alex Jackson,SAL0838,475.91,USD,2029-10-13
PAY0412,Morgan Johnson,SAL0419,515.24,EUR,2029-10-14
PAY0169,Riley Anderson,SAL0864,582.96,USD,2029-10-15
PAY0684,Jamie Taylor,SAL0796,887.96,EUR,2029-10-16
PAY0161,Avery Jackson,SAL0238,721.32,EUR,2029-10-17
PAY0303,Morgan Jackson,SAL0885,1177.75,EUR,2029-10-18
PAY0648,Quinn Smith,SAL0707,869.44,EUR,2029-10-19
PAY0187,Taylor Thomas,SAL0833,1201.94,EUR,2029-10-20
PAY0591,Alex Johnson,SAL0890,1638.17,USD,2029-10-21
PAY0995,Riley Brown,SAL0365,1436.58,USD,2029-10-22
PAY0180,Riley Taylor,SAL0189,1475.94,EUR,2029-10-23
PAY0315,Casey Moore,SAL0857,1920.83,USD,2029-10-24
PAY0683,Robin Anderson,SAL0391,1668.44,USD,2029-10-25
PAY0831,Taylor Smith,,921.8,USD,2029-10-26
PAY0339,Alex Moore,SAL0868,769.08,EUR,2029-10-27
PAY0672,Jordan Wilson,SAL0207,586.38,USD,2029-10-28
PAY0831,Taylor Smith,,808.96,USD,2029-10-29
PAY0271,Riley Davis,,1005.33,EUR,2029-10-30
PAY0952,Jamie Thomas,SAL0877,894.92,USD,2029-10-31
PAY0226,Casey Brown,SAL0963,944.56,EUR,2029-11-01
PAY0870,Casey Wilson,SAL0362,610.06,EUR,2029-11-02
PAY0368,Jamie Thomas,SAL0175,76.85,USD,2029-11-03
PAY0476,Jamie Taylor,SAL0300,1306.29,EUR,2029-11-04
PAY0962,Riley Brown,SAL0122,979.83,EUR,2029-11-05
PAY0618,Jamie Taylor,SAL0740,904.35,USD,2029-11-06
PAY0743,Riley Thomas,SAL0061,997.51,USD,2029-11-07
PAY0412,Morgan Johnson,,1301.68,USD,2029-11-08
PAY0961,Casey Taylor,SAL0798,1067.96,USD,2029-11-09
PAY0062,Alex Jackson,SAL0353,1608.95,EUR,2029-11-10
PAY0937,Morgan Brown,SAL0980,1775.38,USD,2029-11-11
PAY0723,Jordan Anderson,SAL0925,526.37,USD,2029-11-12
PAY0952,Jamie Thomas,SAL0877,340.74,USD,2029-11-13
PAY0055,Morgan Smith,SAL0492,1130.05,EUR,2029-11-14
PAY0355,Casey Jackson,SAL0290,261.51,EUR,2029-11-15
PAY0939,Taylor Anderson,SAL0912,1407.25,EUR,2029-11-16
PAY0019,Jamie Davis,SAL0219,1356.18,EUR,2029-11-17
PAY0162,Robin Thomas,SAL0292,432.72,USD,2029-11-18
PAY0280,Jordan Jackson,SAL0027,969.2,USD,2029-11-19
PAY0971,Casey Johnson,SAL0509,890.11,USD,2029-11-20
PAY0700,Casey Thomas,SAL0137,1797.05,USD,2029-11-21
PAY0248,Riley Moore,SAL0128,960.81,USD,2029-11-22
PAY0414,Jamie Davis,SAL0637,1450.94,USD,2029-11-23
PAY0961,Casey Taylor,,238.87,EUR,2029-11-24
PAY0919,Quinn Taylor,,284.54,EUR,2029-11-25
PAY0449,Casey Thomas,SAL0223,457.71,EUR,2029-11-26
PAY0960,Jordan Anderson,SAL0554,232.34,EUR,2029-11-27
PAY0034,Riley Jackson,SAL0514,1276.76,USD,2029-11-28
PAY0315,Casey Moore,SAL0857,1105.1,USD,2029-11-29
PAY0849,Avery Thomas,SAL0486,1984.9,EUR,2029-11-30
PAY0362,Avery Davis,SAL0049,1032.22,USD,2029-12-01
PAY0713,Jamie Smith,,882.86,EUR,2029-12-02
PAY0620,Jordan Brown,SAL0224,1407.08,USD,2029-12-03
PAY0969,Robin Thomas,SAL0515,91.65,EUR,2029-12-04
PAY0553,Robin Taylor,SAL0360,1488.08,USD,2029-12-05
PAY0890,Robin Smith,,308.62,EUR,2029-12-06
PAY0704,Robin Johnson,SAL0444,1256.36,USD,2029-12-07
PAY0248,Riley Moore,,764.95,EUR,2029-12-08
PAY0148,Robin Brown,SAL0735,1391.44,USD,2029-12-09
PAY0153,Avery Brown,SAL0753,780.34,USD,2029-12-10
PAY0725,Jamie Taylor,SAL0734,215.41,USD,2029-12-11
PAY0491,Morgan Thomas,SAL0074,261.46,USD,2029-12-12
PAY0947,Casey Anderson,SAL0709,1441.71,EUR,2029-12-13
PAY0117,Taylor Anderson,SAL0204,1994.57,USD,2029-12-14
PAY0082,Jordan Wilson,SAL0414,1241.35,EUR,2029-12-15
PAY0240,Taylor Jackson,SAL0644,467.59,USD,2029-12-16
PAY0814,Jamie Davis,SAL0030,1556.49,EUR,2029-12-17
PAY0149,Taylor Thomas,,1603.37,USD,2029-12-18
PAY0813,Avery Thomas,SAL0575,1415.53,USD,2029-12-19
PAY0426,Morgan Smith,SAL0631,1316.83,USD,2029-12-20
PAY0658,Morgan Johnson,SAL0120,1757.81,USD,2029-12-21
PAY0627,Morgan Taylor,SAL0185,1723.69,USD,2029-12-22
PAY0438,Morgan Brown,SAL0768,711.27,USD,2029-12-23
PAY0292,Robin Wilson,SAL0080,315.55,USD,2029-12-24
PAY0607,Robin Jackson,SAL0880,1683.91,USD,2029-12-25
PAY0584,Robin Wilson,SAL0295,1290.69,USD,2029-12-26
PAY0516,Riley Johnson,SAL0459,1455.79,USD,2029-12-27
PAY0799,Alex Thomas,SAL0215,371.04,EUR,2029-12-28
PAY0773,Taylor Johnson,SAL0163,114.56,USD,2029-12-29
PAY0766,Casey Jackson,SAL0150,97.2,USD,2029-12-30
PAY0504,Casey Wilson,SAL0808,1497.29,USD,2029-12-31
PAY0887,Taylor Anderson,,1908.52,USD,2030-01-01
PAY0859,Avery Davis,SAL0329,774.5,USD,2030-01-02
PAY0067,Avery Smith,SAL0370,789.14,USD,2030-01-03
PAY0408,Quinn Taylor,,615.23,EUR,2030-01-04
PAY0531,Taylor Taylor,SAL0208,1634.89,EUR,2030-01-05
PAY0303,Morgan Jackson,SAL0885,1547.57,USD,2030-01-06
PAY0160,Robin Brown,SAL0385,1262.23,USD,2030-01-07
PAY0824,Casey Smith,SAL0954,1038.93,EUR,2030-01-08
PAY0581,Taylor Thomas,SAL0784,55.45,EUR,2030-01-09
PAY0453,Riley Taylor,SAL0565,1291.5,USD,2030-01-10
PAY0539,Jamie Wilson,SAL0647,1083.57,EUR,2030-01-11
PAY0659,Quinn Wilson,SAL0341,855.3,EUR,2030-01-12
PAY0868,Avery Thomas,SAL0069,1339.58,EUR,2030-01-13
PAY0499,Morgan Moore,SAL0743,1174.81,USD,2030-01-14
PAY0128,Jamie Johnson,SAL0344,966.05,EUR,2030-01-15
PAY0002,Casey Smith,SAL0438,1719.25,EUR,2030-01-16
PAY0462,Riley Thomas,SAL0878,1267.58,USD,2030-01-17
PAY0517,Robin Thomas,SAL0078,1613.89,USD,2030-01-18
PAY0984,Casey Davis,SAL0814,1080.72,USD,2030-01-19
PAY0063,Jamie Taylor,SAL0317,1926.2,USD,2030-01-20
PAY0301,Taylor Taylor,SAL0335,1766.89,USD,2030-01-21
PAY0872,Alex Taylor,SAL0625,1539.51,USD,2030-01-22
PAY0225,Jordan Anderson,SAL0331,1362.35,USD,2030-01-23
PAY0136,Quinn Wilson,SAL0278,625.54,USD,2030-01-24
PAY0724,Taylor Brown,SAL0914,1350.61,EUR,2030-01-25
PAY0236,Jordan Smith,SAL0595,523.3,EUR,2030-01-26
PAY0498,Casey Anderson,SAL0199,1458.39,EUR,2030-01-27
PAY0550,Avery Brown,,1567.67,USD,2030-01-28
PAY0612,Casey Thomas,SAL0040,810.86,EUR,2030-01-29
PAY0504,Casey Wilson,SAL0808,616.69,USD,2030-01-30
PAY0254,Quinn Taylor,SAL0659,1367.71,EUR,2030-01-31
PAY0386,Taylor Anderson,SAL0454,423.76,USD,2030-02-01
PAY0036,Avery Brown,SAL0542,650.07,EUR,2030-02-02
PAY0137,Jamie Anderson,SAL0477,1921.94,USD,2030-02-03
PAY0725,Jamie Taylor,SAL0734,768.32,USD,2030-02-04
PAY0646,Jamie Wilson,SAL0123,1464.71,USD,2030-02-05
PAY0416,Jordan Thomas,SAL0043,1363.67,EUR,2030-02-06
PAY0291,Morgan Johnson,SAL0180,162.17,EUR,2030-02-07
PAY0812,Casey Wilson,SAL0003,1940.98,EUR,2030-02-08
PAY0420,Morgan Smith,SAL0571,1194.89,USD,2030-02-09
PAY0630,Alex Taylor,SAL0167,325.76,USD,2030-02-10
PAY0489,Casey Johnson,SAL0830,936.75,EUR,2030-02-11
PAY0522,Riley Johnson,SAL0892,144.24,USD,2030-02-12
PAY0050,Alex Thomas,SAL0656,1373.63,EUR,2030-02-13
PAY0903,Avery Wilson,SAL0092,679.89,USD,2030-02-14
PAY0030,Quinn Davis,SAL0947,117.78,USD,2030-02-15
PAY0669,Riley Jackson,SAL0249,1034.53,EUR,2030-02-16
PAY0564,Riley Taylor,SAL0629,1923.44,EUR,2030-02-17
PAY0817,Avery Thomas,SAL0745,1072.72,USD,2030-02-18
PAY0812,Casey Wilson,SAL0003,1649.68,USD,2030-02-19
PAY0569,Jamie Moore,SAL0996,859.29,USD,2030-02-20
PAY0457,Alex Brown,SAL0576,75.58,EUR,2030-02-21
PAY0143,Jordan Jackson,SAL0789,1019.84,EUR,2030-02-22
PAY0594,Taylor Johnson,SAL0475,1922.72,EUR,2030-02-23
PAY0672,Jordan Wilson,SAL0207,466.72,EUR,2030-02-24
PAY0712,Taylor Smith,SAL0842,1777.47,USD,2030-02-25
PAY0305,Casey Davis,SAL0945,290.19,EUR,2030-02-26
PAY0704,Robin Johnson,SAL0444,501.13,EUR,2030-02-27
PAY0073,Alex Smith,,321.62,EUR,2030-02-28
PAY0329,Quinn Jackson,,1886.12,USD,2030-03-01
PAY0539,Jamie Wilson,SAL0647,703.62,EUR,2030-03-02
PAY0265,Riley Johnson,SAL0736,121.14,EUR,2030-03-03
PAY0904,Riley Wilson,SAL0732,1884.3,USD,2030-03-04
PAY0236,Jordan Smith,SAL0595,1567.14,EUR,2030-03-05
PAY0185,Morgan Johnson,SAL0916,898.97,USD,2030-03-06
PAY0042,Riley Brown,SAL0056,1505.37,EUR,2030-03-07
PAY0816,Morgan Moore,SAL0349,132.21,USD,2030-03-08
PAY0015,Jamie Johnson,SAL0570,1775.63,EUR,2030-03-09
PAY0362,Avery Davis,SAL0049,1645.44,USD,2030-03-10
PAY0727,Avery Smith,SAL0891,191.72,USD,2030-03-11
PAY0010,Jamie Moore,,476.28,EUR,2030-03-12
PAY0412,Morgan Johnson,SAL0419,1123.07,EUR,2030-03-13
PAY0017,Riley Anderson,SAL0110,1702.49,EUR,2030-03-14
PAY0320,Morgan Anderson,SAL0336,328.06,USD,2030-03-15
PAY0540,Jordan Taylor,SAL0173,1511.84,USD,2030-03-16
PAY0926,Robin Jackson,SAL0511,1131.33,EUR,2030-03-17
PAY0554,Morgan Anderson,SAL0101,512.98,USD,2030-03-18
PAY0553,Robin Taylor,SAL0360,1308.01,USD,2030-03-19
PAY0961,Casey Taylor,SAL0798,930.49,USD,2030-03-20
PAY0157,Riley Smith,SAL0139,768.07,USD,2030-03-21
PAY0071,Robin Smith,SAL0919,404.47,USD,2030-03-22
PAY0114,Robin Anderson,SAL0266,1186.65,USD,2030-03-23
PAY0648,Quinn Smith,,1166.94,EUR,2030-03-24
PAY0305,Casey Davis,SAL0945,782.94,EUR,2030-03-25
PAY0660,Riley Johnson,SAL0809,1531.01,EUR,2030-03-26
PAY0521,Robin Anderson,SAL0555,333.1,EUR,2030-03-27
PAY0681,Quinn Johnson,SAL0702,1159.08,USD,2030-03-28
PAY0763,Taylor Wilson,SAL0640,91.48,EUR,2030-03-29
PAY0255,Jamie Anderson,SAL0825,391.49,USD,2030-03-30
PAY0763,Taylor Wilson,,1572.03,EUR,2030-03-31
PAY0550,Avery Brown,SAL0559,1878.18,EUR,2030-04-01
PAY0783,Jordan Anderson,SAL0763,972.31,EUR,2030-04-02
PAY0394,Taylor Moore,SAL0390,864.52,USD,2030-04-03
PAY0032,Riley Johnson,SAL0708,471.02,USD,2030-04-04
PAY0600,Jordan Johnson,,1356.79,EUR,2030-04-05
PAY0736,Quinn Anderson,,1331.66,USD,2030-04-06
PAY0269,Robin Johnson,,55.99,EUR,2030-04-07
PAY0900,Robin Brown,SAL0376,1964.12,EUR,2030-04-08
PAY0689,Morgan Brown,SAL0758,1705.49,USD,2030-04-09
PAY0522,Riley Johnson,SAL0892,1369.28,EUR,2030-04-10
PAY0651,Jamie Jackson,SAL0705,1123.7,EUR,2030-04-11
PAY0485,Morgan Moore,SAL0799,1850.75,USD,2030-04-12
PAY0898,Riley Jackson,SAL0628,880.61,USD,2030-04-13
PAY0492,Casey Davis,SAL0839,1164.44,USD,2030-04-14
PAY0846,Casey Jackson,SAL0795,570.74,USD,2030-04-15
PAY0607,Robin Jackson,SAL0076,1042.61,USD,2030-04-16
PAY0233,Jordan Thomas,SAL0273,1517.05,USD,2030-04-17
PAY0761,Robin Wilson,SAL0443,1220.77,EUR,2030-04-18
PAY0042,Riley Brown,SAL0056,1675.74,EUR,2030-04-19
PAY0950,Jamie Anderson,SAL0535,1353.21,EUR,2030-04-20
PAY0974,Jordan Brown,SAL0845,1893.42,EUR,2030-04-21
PAY0859,Avery Davis,,594.53,EUR,2030-04-22
PAY0976,Quinn Moore,,1488.57,USD,2030-04-23
PAY0415,Avery Thomas,SAL0375,1277.6,USD,2030-04-24
PAY0779,Avery Moore,SAL0238,851.71,USD,2030-04-25
PAY0618,Jamie Taylor,SAL0740,1293.13,EUR,2030-04-26
PAY0414,Jamie Davis,SAL0637,913.26,EUR,2030-04-27
PAY0450,Robin Thomas,SAL0286,1888.72,USD,2030-04-28
PAY0927,Jamie Moore,SAL0246,303.56,USD,2030-04-29
PAY0120,Jamie Wilson,SAL0546,229.54,EUR,2030-04-30
PAY0401,Casey Wilson,SAL0956,799.72,USD,2030-05-01
PAY0061,Taylor Thomas,SAL0281,1868.35,USD,2030-05-02
PAY0922,Jamie Taylor,SAL0711,824.69,EUR,2030-05-03
PAY0273,Morgan Moore,SAL0733,445.2,USD,2030-05-04
PAY0788,Riley Thomas,SAL0251,1866.2,EUR,2030-05-05
PAY0956,Alex Anderson,SAL0166,722.25,EUR,2030-05-06
PAY0705,Jamie Wilson,SAL0779,204.34,USD,2030-05-07
PAY0136,Quinn Wilson,SAL0278,248.23,USD,2030-05-08
PAY0175,Quinn Thomas,SAL0829,1513.16,USD,2030-05-09
PAY0039,Quinn Brown,SAL0915,308.09,EUR,2030-05-10
PAY0239,Casey Johnson,SAL0979,286.47,USD,2030-05-11
PAY0531,Taylor Taylor,SAL0208,628.62,EUR,2030-05-12
PAY0832,Jordan Brown,SAL0643,378.95,EUR,2030-05-13
PAY0763,Taylor Wilson,SAL0640,1045.02,USD,2030-05-14
PAY0423,Casey Davis,SAL0343,511.19,USD,2030-05-15
PAY0671,Riley Johnson,SAL0177,967.28,USD,2030-05-16
PAY0834,Morgan Wilson,,1592.33,USD,2030-05-17
PAY0536,Morgan Taylor,SAL0761,1676.22,USD,2030-05-18
PAY0754,Alex Anderson,SAL0759,1663.28,USD,2030-05-19
PAY0848,Jamie Taylor,SAL0971,1864.64,EUR,2030-05-20
PAY0624,Casey Anderson,SAL0008,1482.37,EUR,2030-05-21
PAY0856,Alex Smith,SAL0303,903.97,EUR,2030-05-22
PAY0759,Casey Brown,SAL0670,1653.96,USD,2030-05-23
PAY0083,Alex Johnson,SAL0037,1109.85,EUR,2030-05-24
PAY0835,Jordan Thomas,SAL0063,1166.23,EUR,2030-05-25
PAY0692,Riley Moore,,1581.93,EUR,2030-05-26
PAY0781,Robin Anderson,SAL0106,982.73,USD,2030-05-27
PAY0659,Quinn Wilson,SAL0341,1805.61,USD,2030-05-28
PAY0650,Alex Johnson,SAL0170,1540.85,EUR,2030-05-29
PAY0285,Robin Johnson,SAL0692,1689.33,USD,2030-05-30
PAY0718,Jordan Jackson,SAL0609,1364.07,USD,2030-05-31
PAY0250,Casey Thomas,SAL0689,1336.13,USD,2030-06-01
PAY0823,Quinn Taylor,SAL0855,1877.26,EUR,2030-06-02
PAY0275,Jordan Moore,SAL0539,192.08,USD,2030-06-03
PAY0573,Avery Thomas,SAL0871,688.42,EUR,2030-06-04
PAY0788,Riley Thomas,SAL0251,126.9,EUR,2030-06-05
PAY0054,Morgan Jackson,SAL0015,1106.62,USD,2030-06-06
PAY0740,Riley Anderson,SAL0901,1841.24,EUR,2030-06-07
PAY0332,Quinn Johnson,,1472.79,EUR,2030-06-08
PAY0836,Avery Moore,SAL0197,1398.24,EUR,2030-06-09
PAY0024,Avery Taylor,SAL0598,1230.92,USD,2030-06-10
PAY0356,Casey Davis,SAL0536,931.13,EUR,2030-06-11
PAY0842,Alex Johnson,SAL0557,1326.92,USD,2030-06-12
PAY0213,Morgan Jackson,SAL0102,1795.63,EUR,2030-06-13
PAY0099,Morgan Davis,SAL0059,1101.58,USD,2030-06-14
PAY0901,Casey Johnson,SAL0686,586.06,USD,2030-06-15
PAY0954,Alex Anderson,SAL0886,1274.25,EUR,2030-06-16
PAY0692,Riley Moore,,799.73,USD,2030-06-17
PAY0155,Quinn Smith,SAL0145,901.11,EUR,2030-06-18
PAY0592,Morgan Brown,SAL0937,1676.47,EUR,2030-06-19
PAY0349,Casey Thomas,SAL0276,1988.67,USD,2030-06-20
PAY0039,Quinn Brown,SAL0915,1379.05,USD,2030-06-21
PAY0717,Alex Brown,SAL0491,1269.14,USD,2030-06-22
PAY0154,Riley Brown,SAL0464,1771.89,EUR,2030-06-23
PAY0623,Quinn Wilson,SAL0694,1468.99,EUR,2030-06-24
PAY0478,Robin Wilson,SAL0850,109.74,USD,2030-06-25
PAY0916,Riley Wilson,,1567.84,EUR,2030-06-26
PAY0939,Taylor Anderson,SAL0912,405.98,EUR,2030-06-27
PAY0099,Morgan Davis,SAL0059,323.69,EUR,2030-06-28
PAY0758,Riley Taylor,SAL0508,1905.7,EUR,2030-06-29
PAY0437,Alex Taylor,,1884.18,USD,2030-06-30
PAY0430,Avery Anderson,SAL0250,205.23,EUR,2030-07-01
PAY0670,Quinn Taylor,SAL0781,1979.29,EUR,2030-07-02
PAY0878,Jordan Brown,SAL0210,376.97,USD,2030-07-03
PAY0008,Quinn Davis,SAL0168,1743.25,USD,2030-07-04
PAY0815,Jordan Jackson,SAL0028,1388.55,USD,2030-07-05
PAY0893,Riley Davis,SAL0472,1141.87,EUR,2030-07-06
PAY0681,Quinn Johnson,SAL0702,1309.35,EUR,2030-07-07
PAY0044,Jamie Brown,SAL0762,80.48,EUR,2030-07-08
PAY0107,Alex Jackson,SAL0252,1658.48,USD,2030-07-09
PAY0642,Quinn Johnson,SAL0582,1265.2,USD,2030-07-10
PAY0026,Taylor Moore,SAL0052,988.37,EUR,2030-07-11
PAY0018,Jordan Smith,SAL0261,1674.4,EUR,2030-07-12
PAY0524,Casey Wilson,,123.5,EUR,2030-07-13
PAY0362,Avery Davis,SAL0049,684.23,EUR,2030-07-14
PAY0956,Alex Anderson,SAL0166,259.08,USD,2030-07-15
PAY0602,Robin Brown,SAL0160,867.99,USD,2030-07-16
PAY0823,Quinn Taylor,SAL0855,1710.54,USD,2030-07-17
PAY0947,Casey Anderson,,1907.82,USD,2030-07-18
PAY0843,Quinn Brown,SAL0608,262.75,USD,2030-07-19
PAY0083,Alex Johnson,SAL0037,940.43,USD,2030-07-20
PAY0342,Alex Thomas,SAL0236,1144.9,USD,2030-07-21
PAY0873,Jordan Thomas,SAL0585,753.92,USD,2030-07-22
PAY0783,Jordan Anderson,SAL0763,1720.08,EUR,2030-07-23
PAY0101,Casey Moore,SAL0883,695.24,EUR,2030-07-24
PAY0817,Avery Thomas,SAL0745,1557.2,EUR,2030-07-25
PAY0658,Morgan Johnson,SAL0120,912.29,EUR,2030-07-26
PAY0692,Riley Moore,SAL0202,1426.9,EUR,2030-07-27
PAY0697,Taylor Taylor,SAL0395,1105.63,EUR,2030-07-28
PAY0369,Avery Wilson,SAL0032,759.23,EUR,2030-07-29
PAY0107,Alex Jackson,SAL0252,396.66,USD,2030-07-30
PAY0303,Morgan Jackson,,281.38,USD,2030-07-31
PAY0568,Quinn Johnson,SAL0849,99.52,USD,2030-08-01
PAY0981,Casey Johnson,SAL0807,1613.16,EUR,2030-08-02
PAY0998,Jamie Johnson,SAL0893,1762.9,USD,2030-08-03
PAY0217,Robin Jackson,SAL0714,1760.87,USD,2030-08-04
PAY0435,Avery Brown,SAL0600,456.27,EUR,2030-08-05
PAY0018,Jordan Smith,SAL0261,447.98,EUR,2030-08-06
PAY0717,Alex Brown,SAL0491,245.72,EUR,2030-08-07
PAY0985,Casey Moore,SAL0805,1252.97,EUR,2030-08-08
PAY0159,Riley Brown,SAL0616,330.94,USD,2030-08-09
PAY0589,Avery Taylor,SAL0113,910.07,EUR,2030-08-10
PAY0034,Riley Jackson,SAL0514,62.41,EUR,2030-08-11
PAY0631,Riley Thomas,SAL0325,377.03,EUR,2030-08-12
PAY0853,Robin Brown,SAL0474,475.96,USD,2030-08-13
PAY0813,Avery Thomas,SAL0575,310.77,USD,2030-08-14
PAY0688,Quinn Johnson,SAL0889,1763.39,USD,2030-08-15
PAY0306,Jamie Davis,SAL0934,165.02,USD,2030-08-16
PAY0644,Morgan Johnson,SAL0299,859.97,EUR,2030-08-17
PAY0691,Taylor Jackson,SAL0751,953.21,USD,2030-08-18
PAY0077,Robin Jackson,SAL0922,1061.43,USD,2030-08-19
PAY0434,Morgan Jackson,SAL0904,402.3,EUR,2030-08-20
PAY0430,Avery Anderson,SAL0250,1506.31,EUR,2030-08-21
PAY0876,Quinn Thomas,SAL0926,314.55,USD,2030-08-22
PAY0600,Jordan Johnson,,327.77,USD,2030-08-23
PAY0173,Taylor Brown,SAL0064,934.47,USD,2030-08-24
PAY0423,Casey Davis,SAL0343,1121.28,USD,2030-08-25
PAY0743,Riley Thomas,SAL0061,964.11,USD,2030-08-26
PAY0273,Morgan Moore,SAL0733,913.65,USD,2030-08-27
PAY0741,Quinn Davis,SAL0778,1934.91,USD,2030-08-28
PAY0225,Jordan Anderson,SAL0331,1174.46,USD,2030-08-29
PAY0112,Casey Brown,SAL0495,246.58,EUR,2030-08-30
PAY0756,Alex Thomas,SAL0200,1191.09,EUR,2030-08-31
PAY0287,Taylor Taylor,SAL0897,511.09,USD,2030-09-01
PAY0143,Jordan Jackson,SAL0789,1930.1,USD,2030-09-02
PAY0481,Quinn Thomas,SAL0005,864.86,EUR,2030-09-03
PAY0813,Avery Thomas,SAL0575,1500.14,EUR,2030-09-04
PAY0657,Alex Moore,SAL0859,531.91,USD,2030-09-05
PAY0474,Robin Anderson,SAL0138,545.1,EUR,2030-09-06
PAY0042,Riley Brown,SAL0056,401.9,EUR,2030-09-07
PAY0785,Casey Jackson,SAL0580,55.24,USD,2030-09-08
PAY0606,Riley Johnson,SAL0353,695.66,EUR,2030-09-09
PAY0954,Alex Anderson,SAL0886,269.4,EUR,2030-09-10
PAY0736,Quinn Anderson,SAL0095,1180.18,USD,2030-09-11
PAY0177,Taylor Wilson,,1366.68,USD,2030-09-12
PAY0729,Jamie Taylor,SAL0330,1471.95,USD,2030-09-13
PAY0025,Morgan Anderson,SAL0350,1772.57,EUR,2030-09-14
PAY0856,Alex Smith,SAL0303,1631.12,EUR,2030-09-15
PAY0817,Avery Thomas,SAL0409,1159.4,EUR,2030-09-16
PAY0580,Taylor Johnson,SAL0142,1457.99,EUR,2030-09-17
PAY0965,Jamie Brown,SAL0666,511.75,EUR,2030-09-18
PAY0348,Jamie Taylor,SAL0201,83.81,EUR,2030-09-19
PAY0743,Riley Thomas,,209.92,EUR,2030-09-20
PAY0356,Casey Davis,SAL0536,1678.61,USD,2030-09-21
PAY0871,Morgan Davis,SAL0319,1802.15,USD,2030-09-22
PAY0217,Robin Jackson,SAL0714,1175.52,EUR,2030-09-23
PAY0476,Jamie Taylor,SAL0300,437.74,EUR,2030-09-24
PAY0775,Casey Jackson,SAL0950,426.06,USD,2030-09-25
PAY0491,Morgan Thomas,SAL0074,1984.75,USD,2030-09-26
PAY0945,Alex Moore,SAL0579,231.21,USD,2030-09-27
PAY0786,Alex Smith,,344.32,USD,2030-09-28
PAY0900,Robin Brown,SAL0376,1740.13,EUR,2030-09-29
PAY0573,Avery Thomas,SAL0871,154.33,USD,2030-09-30
PAY0598,Jamie Thomas,SAL0854,253.79,USD,2030-10-01
PAY0254,Quinn Taylor,SAL0659,112.24,USD,2030-10-02
PAY0795,Quinn Brown,SAL0933,1854.78,EUR,2030-10-03
PAY0227,Riley Thomas,SAL0528,1264.8,USD,2030-10-04
PAY0052,Taylor Johnson,SAL0146,891.32,EUR,2030-10-05
PAY0413,Avery Smith,SAL0175,398.73,EUR,2030-10-06
PAY0908,Quinn Thomas,SAL0738,1540.5,EUR,2030-10-07
PAY0427,Robin Smith,SAL0653,94.28,EUR,2030-10-08
PAY0401,Casey Wilson,SAL0956,707.45,USD,2030-10-09
PAY0712,Taylor Smith,SAL0842,342.75,EUR,2030-10-10
PAY0829,Riley Anderson,SAL0626,1655.31,USD,2030-10-11
PAY0557,Jordan Brown,SAL0427,732.45,EUR,2030-10-12
PAY0723,Jordan Anderson,SAL0925,1497.12,USD,2030-10-13
PAY0090,Taylor Thomas,,1350.55,EUR,2030-10-14
PAY0092,Jamie Anderson,SAL0597,1018.29,USD,2030-10-15
PAY0709,Avery Johnson,SAL0786,934.78,USD,2030-10-16
PAY0101,Casey Moore,SAL0883,750.08,EUR,2030-10-17
PAY0860,Casey Davis,SAL0757,1537.02,USD,2030-10-18
PAY0072,Taylor Brown,SAL0314,1885.95,USD,2030-10-19
PAY0532,Jordan Anderson,SAL0354,154.94,USD,2030-10-20
PAY0060,Jordan Taylor,SAL0218,500.07,EUR,2030-10-21
PAY0080,Riley Davis,SAL0089,1257.88,EUR,2030-10-22
PAY0473,Quinn Wilson,SAL0072,881.09,USD,2030-10-23
PAY0511,Taylor Taylor,SAL0499,1727.02,USD,2030-10-24
PAY0674,Morgan Moore,SAL0827,1734.91,USD,2030-10-25
PAY0437,Alex Taylor,SAL0442,606.64,USD,2030-10-26
PAY0281,Morgan Brown,SAL0198,758.21,EUR,2030-10-27
PAY0354,Casey Taylor,SAL0065,1548.4,EUR,2030-10-28
PAY0468,Morgan Wilson,SAL0712,176.52,EUR,2030-10-29
PAY0999,Avery Moore,SAL0848,605.84,USD,2030-10-30
PAY0586,Riley Anderson,SAL0713,1691.08,USD,2030-10-31
PAY0564,Riley Taylor,SAL0629,896.66,USD,2030-11-01
PAY0368,Jamie Thomas,,281.09,USD,2030-11-02
PAY0605,Morgan Anderson,SAL0909,1827.36,EUR,2030-11-03
PAY0400,Riley Moore,SAL0812,827.34,USD,2030-11-04
PAY0062,Alex Jackson,SAL0353,133.12,USD,2030-11-05
PAY0858,Riley Davis,SAL0780,764.18,USD,2030-11-06
PAY0339,Alex Moore,SAL0868,1453.6,EUR,2030-11-07
PAY0685,Riley Thomas,SAL0744,431.2,USD,2030-11-08
PAY0020,Quinn Moore,SAL0717,155.07,USD,2030-11-09
PAY0633,Riley Davis,SAL0621,1746.95,EUR,2030-11-10
PAY0746,Riley Thomas,SAL0737,635.46,EUR,2030-11-11
PAY0218,Morgan Brown,SAL0011,98.34,EUR,2030-11-12
PAY0191,Robin Brown,SAL0884,1079.84,EUR,2030-11-13
PAY0262,Alex Brown,SAL0149,1212.51,EUR,2030-11-14
PAY0103,Jamie Wilson,SAL0856,60.66,USD,2030-11-15
PAY0856,Alex Smith,SAL0303,835.03,EUR,2030-11-16
PAY0327,Robin Taylor,,817.57,USD,2030-11-17
PAY0199,Avery Wilson,SAL0001,1073.0,USD,2030-11-18
PAY0797,Jamie Moore,SAL0875,112.57,EUR,2030-11-19
PAY0855,Alex Moore,SAL0130,655.67,EUR,2030-11-20
PAY0906,Riley Anderson,SAL0020,182.23,USD,2030-11-21
PAY0955,Jordan Taylor,SAL0388,1349.75,USD,2030-11-22
PAY0058,Casey Jackson,SAL0994,1510.59,EUR,2030-11-23
PAY0010,Jamie Moore,SAL0537,1885.88,USD,2030-11-24
PAY0504,Casey Wilson,SAL0808,1414.87,EUR,2030-11-25
PAY0673,Taylor Brown,SAL0899,1352.03,USD,2030-11-26
PAY0931,Casey Taylor,SAL0312,548.27,USD,2030-11-27
PAY0998,Jamie Johnson,SAL0893,1668.76,EUR,2030-11-28
PAY0651,Jamie Jackson,SAL0705,1231.91,EUR,2030-11-29
PAY0747,Casey Johnson,SAL0368,437.39,EUR,2030-11-30
PAY0677,Jamie Davis,SAL0243,1225.82,EUR,2030-12-01
PAY0112,Casey Brown,SAL0495,244.17,USD,2030-12-02
PAY0123,Morgan Johnson,SAL0596,985.79,EUR,2030-12-03
PAY0518,Avery Smith,SAL0698,678.52,USD,2030-12-04
PAY0557,Jordan Brown,SAL0427,1055.01,EUR,2030-12-05
PAY0381,Avery Davis,SAL0264,919.83,USD,2030-12-06
PAY0324,Avery Wilson,,1772.68,USD,2030-12-07
PAY0730,Quinn Taylor,SAL0235,1055.36,USD,2030-12-08
PAY0606,Riley Johnson,SAL0445,1690.0,USD,2030-12-09
PAY0471,Casey Thomas,SAL0618,556.01,USD,2030-12-10
PAY0921,Robin Johnson,SAL0358,1514.31,EUR,2030-12-11
PAY0438,Morgan Brown,SAL0768,1953.22,USD,2030-12-12
PAY0081,Morgan Thomas,SAL0460,1270.62,EUR,2030-12-13
PAY0665,Robin Wilson,SAL0943,1639.87,USD,2030-12-14
PAY0100,Jordan Johnson,SAL0479,557.07,USD,2030-12-15
PAY0901,Casey Johnson,SAL0686,1896.27,EUR,2030-12-16
PAY0705,Jamie Wilson,SAL0779,504.62,EUR,2030-12-17
PAY0610,Alex Taylor,SAL0696,1868.39,USD,2030-12-18
PAY0072,Taylor Brown,SAL0314,1103.19,EUR,2030-12-19
PAY0425,Quinn Wilson,SAL0654,232.71,USD,2030-12-20
PAY0223,Morgan Davis,SAL0157,216.0,EUR,2030-12-21
PAY0276,Quinn Thomas,SAL0544,213.86,USD,2030-12-22
PAY0739,Quinn Davis,SAL0112,1643.43,EUR,2030-12-23
PAY0858,Riley Davis,SAL0002,875.78,USD,2030-12-24
PAY0307,Casey Johnson,SAL0603,1889.38,EUR,2030-12-25
PAY0481,Quinn Thomas,SAL0005,134.11,EUR,2030-12-26
PAY0063,Jamie Taylor,SAL0317,1814.21,USD,2030-12-27
PAY0567,Alex Taylor,SAL0503,741.49,USD,2030-12-28
PAY0779,Avery Moore,SAL0238,533.82,EUR,2030-12-29
PAY0691,Taylor Jackson,SAL0751,1138.47,EUR,2030-12-30
PAY0068,Riley Taylor,SAL0381,1569.11,EUR,2030-12-31
PAY0858,Riley Davis,SAL0780,1300.29,USD,2031-01-01
PAY0830,Taylor Wilson,,1229.26,EUR,2031-01-02
PAY0819,Alex Moore,SAL0383,1239.16,EUR,2031-01-03
PAY0790,Avery Jackson,SAL0259,1874.34,EUR,2031-01-04
PAY0775,Casey Jackson,SAL0950,659.17,USD,2031-01-05
PAY0103,Jamie Wilson,SAL0856,709.13,EUR,2031-01-06
PAY0377,Taylor Anderson,SAL0369,1532.1,EUR,2031-01-07
PAY0198,Riley Anderson,SAL0433,50.67,USD,2031-01-08
PAY0845,Riley Jackson,SAL0057,1408.54,USD,2031-01-09
PAY0738,Alex Smith,SAL0019,1970.77,EUR,2031-01-10
PAY0699,Morgan Anderson,,1223.79,USD,2031-01-11
PAY0192,Robin Johnson,SAL0348,173.65,EUR,2031-01-12
PAY0073,Alex Smith,SAL0941,1797.32,USD,2031-01-13
PAY0331,Morgan Wilson,SAL0039,1638.98,USD,2031-01-14
PAY0928,Morgan Davis,SAL0096,466.02,EUR,2031-01-15
PAY0355,Casey Jackson,SAL0784,1962.97,USD,2031-01-16
PAY0620,Jordan Brown,SAL0224,1046.53,EUR,2031-01-17
PAY0190,Riley Thomas,SAL0815,1824.52,EUR,2031-01-18
PAY0579,Riley Anderson,SAL0423,639.07,USD,2031-01-19
PAY0216,Taylor Smith,SAL0257,886.39,USD,2031-01-20
PAY0657,Alex Moore,SAL0859,583.52,EUR,2031-01-21
PAY0484,Alex Jackson,SAL0838,1523.43,EUR,2031-01-22
PAY0747,Casey Johnson,SAL0368,1556.18,USD,2031-01-23
PAY0658,Morgan Johnson,SAL0120,1167.81,USD,2031-01-24
PAY0012,Taylor Brown,,1739.28,EUR,2031-01-25
PAY0216,Taylor Smith,SAL0257,579.42,EUR,2031-01-26
PAY0399,Jordan Johnson,SAL0517,1990.79,USD,2031-01-27
PAY0965,Jamie Brown,SAL0666,1842.28,EUR,2031-01-28
PAY0516,Riley Johnson,SAL0459,1252.11,USD,2031-01-29
PAY0115,Riley Johnson,SAL0641,1408.13,EUR,2031-01-30
PAY0623,Quinn Wilson,SAL0694,1156.08,USD,2031-01-31
PAY0237,Alex Thomas,SAL0944,1958.85,USD,2031-02-01
PAY0446,Quinn Thomas,SAL0590,1458.64,USD,2031-02-02
PAY0968,Robin Wilson,SAL0112,981.63,EUR,2031-02-03
PAY0327,Robin Taylor,SAL0024,1404.8,EUR,2031-02-04
PAY0990,Jordan Davis,SAL0439,873.84,USD,2031-02-05
PAY0396,Jordan Thomas,SAL0211,1517.78,EUR,2031-02-06
PAY0929,Jordan Davis,SAL0801,851.04,USD,2031-02-07
PAY0430,Avery Anderson,SAL0250,688.92,USD,2031-02-08
PAY0581,Taylor Thomas,SAL0549,98.31,EUR,2031-02-09
PAY0874,Quinn Taylor,SAL0136,1943.99,EUR,2031-02-10
PAY0791,Morgan Thomas,,783.85,EUR,2031-02-11
PAY0881,Jordan Taylor,,1810.91,EUR,2031-02-12
PAY0022,Avery Wilson,SAL0749,687.41,EUR,2031-02-13
PAY0626,Morgan Wilson,SAL0731,1591.48,EUR,2031-02-14
PAY0358,Quinn Jackson,SAL0373,1524.72,EUR,2031-02-15
PAY0871,Morgan Davis,,928.71,EUR,2031-02-16
PAY0405,Casey Davis,SAL0217,1573.46,USD,2031-02-17
PAY0443,Robin Smith,,1575.35,EUR,2031-02-18
PAY0651,Jamie Jackson,SAL0705,305.07,USD,2031-02-19
PAY0987,Jamie Moore,SAL0574,613.92,USD,2031-02-20
PAY0094,Taylor Johnson,SAL0989,1236.07,USD,2031-02-21
PAY0842,Alex Johnson,SAL0557,1867.24,EUR,2031-02-22
PAY0960,Jordan Anderson,SAL0554,391.07,EUR,2031-02-23
PAY0185,Morgan Johnson,SAL0916,1930.45,EUR,2031-02-24
PAY0458,Jordan Johnson,SAL0755,832.41,EUR,2031-02-25
PAY0827,Alex Davis,SAL0747,252.13,USD,2031-02-26
PAY0306,Jamie Davis,SAL0538,776.39,EUR,2031-02-27
PAY0291,Morgan Johnson,,807.08,USD,2031-02-28
PAY0506,Casey Wilson,SAL0724,261.28,EUR,2031-03-01
PAY0127,Alex Jackson,SAL0563,299.31,USD,2031-03-02
PAY0024,Avery Taylor,SAL0598,1886.45,EUR,2031-03-03
PAY0765,Taylor Johnson,SAL0882,1613.73,EUR,2031-03-04
PAY0919,Quinn Taylor,SAL0988,1595.43,USD,2031-03-05
PAY0432,Quinn Moore,SAL0291,337.19,USD,2031-03-06
PAY0283,Taylor Davis,SAL0578,1081.09,USD,2031-03-07
PAY0193,Morgan Thomas,,494.55,EUR,2031-03-08
PAY0480,Avery Brown,SAL0193,1739.48,USD,2031-03-09
PAY0548,Casey Jackson,SAL0790,1647.05,USD,2031-03-10
PAY0628,Jamie Johnson,SAL0075,1052.41,EUR,2031-03-11
PAY0582,Jamie Smith,SAL0551,1404.7,USD,2031-03-12
PAY0886,Riley Thomas,SAL0729,1603.99,EUR,2031-03-13
PAY0661,Quinn Moore,SAL0162,887.01,EUR,2031-03-14
PAY0678,Robin Taylor,SAL0489,961.09,USD,2031-03-15
PAY0676,Alex Johnson,SAL0791,322.89,USD,2031-03-16
PAY0823,Quinn Taylor,SAL0855,606.66,EUR,2031-03-17
PAY0837,Taylor Moore,SAL0490,1640.42,USD,2031-03-18
PAY0394,Taylor Moore,SAL0390,452.25,EUR,2031-03-19
PAY0795,Quinn Brown,SAL0933,374.4,USD,2031-03-20
PAY0658,Morgan Johnson,SAL0120,790.04,USD,2031-03-21
PAY0004,Morgan Anderson,SAL0519,1442.72,USD,2031-03-22
PAY0856,Alex Smith,SAL0972,1578.87,USD,2031-03-23
PAY0267,Robin Taylor,SAL0938,1443.78,USD,2031-03-24
PAY0841,Casey Smith,SAL0370,1958.78,EUR,2031-03-25
PAY0469,Casey Smith,SAL0960,332.41,USD,2031-03-26
PAY0870,Casey Wilson,SAL0362,645.89,USD,2031-03-27
PAY0393,Jamie Wilson,SAL0991,1287.02,USD,2031-03-28
PAY0529,Morgan Smith,,822.86,EUR,2031-03-29
PAY0146,Alex Moore,SAL0164,180.57,EUR,2031-03-30
PAY0021,Morgan Brown,SAL0695,545.5,EUR,2031-03-31
PAY0423,Casey Davis,SAL0343,1660.41,USD,2031-04-01
PAY0274,Robin Anderson,SAL0716,178.62,USD,2031-04-02
PAY0068,Riley Taylor,SAL0381,80.36,EUR,2031-04-03
PAY0409,Jamie Davis,SAL0531,336.81,EUR,2031-04-04
PAY0413,Avery Smith,SAL0484,548.14,EUR,2031-04-05
PAY0377,Taylor Anderson,SAL0369,879.89,USD,2031-04-06
PAY0080,Riley Davis,SAL0089,168.8,EUR,2031-04-07
PAY0244,Taylor Wilson,SAL0408,1683.15,USD,2031-04-08
PAY0284,Casey Moore,SAL0220,318.18,EUR,2031-04-09
PAY0645,Casey Johnson,SAL0783,1471.35,EUR,2031-04-10
PAY0517,Robin Thomas,SAL0380,307.79,USD,2031-04-11
PAY0704,Robin Johnson,SAL0500,1205.17,USD,2031-04-12
PAY0715,Riley Wilson,SAL0377,1595.08,USD,2031-04-13
PAY0528,Casey Brown,SAL0680,1121.93,USD,2031-04-14
PAY0694,Casey Thomas,SAL0451,1769.05,USD,2031-04-15
PAY0437,Alex Taylor,SAL0442,1053.63,USD,2031-04-16
PAY0457,Alex Brown,SAL0576,463.58,USD,2031-04-17
PAY0506,Casey Wilson,SAL0724,410.97,USD,2031-04-18
PAY0343,Alex Johnson,SAL0721,1398.75,EUR,2031-04-19
PAY0780,Taylor Davis,SAL0270,138.35,USD,2031-04-20
PAY0608,Alex Moore,SAL0098,1359.37,EUR,2031-04-21
PAY0496,Robin Davis,SAL0366,1118.1,EUR,2031-04-22
PAY0383,Taylor Davis,SAL0726,231.23,USD,2031-04-23
PAY0534,Jordan Moore,SAL0782,1128.41,EUR,2031-04-24
PAY0694,Casey Thomas,SAL0451,215.85,USD,2031-04-25
PAY0131,Jordan Wilson,SAL0870,1576.92,USD,2031-04-26
PAY0919,Quinn Taylor,,1739.39,EUR,2031-04-27
PAY0176,Jordan Johnson,,57.12,USD,2031-04-28
PAY0155,Quinn Smith,SAL0145,405.64,EUR,2031-04-29
PAY0694,Casey Thomas,SAL0451,692.38,EUR,2031-04-30
PAY0646,Jamie Wilson,SAL0123,88.11,USD,2031-05-01
PAY0701,Riley Johnson,,873.06,USD,2031-05-02
PAY0214,Riley Anderson,SAL0279,1836.47,EUR,2031-05-03
PAY0302,Casey Anderson,SAL0957,1422.96,USD,2031-05-04
PAY0305,Casey Davis,SAL0945,921.69,EUR,2031-05-05
PAY0602,Robin Brown,SAL0824,1848.67,EUR,2031-05-06
PAY0182,Taylor Smith,SAL0788,1069.45,USD,2031-05-07
PAY0507,Avery Taylor,SAL0033,429.56,EUR,2031-05-08
PAY0889,Casey Davis,SAL0084,324.61,EUR,2031-05-09
PAY0268,Robin Thomas,SAL0589,1580.58,USD,2031-05-10
PAY0792,Taylor Jackson,SAL0939,1064.08,USD,2031-05-11
PAY0413,Avery Smith,SAL0484,1299.64,USD,2031-05-12
PAY0138,Quinn Taylor,SAL0307,1203.16,USD,2031-05-13
PAY0897,Riley Johnson,,936.22,EUR,2031-05-14
PAY0249,Robin Thomas,SAL0379,296.68,USD,2031-05-15
PAY0394,Taylor Moore,SAL0390,1977.09,EUR,2031-05-16
PAY0018,Jordan Smith,SAL0261,1175.76,USD,2031-05-17
PAY0990,Jordan Davis,SAL0439,1128.93,USD,2031-05-18
PAY0498,Casey Anderson,SAL0199,1872.32,USD,2031-05-19
PAY0252,Robin Moore,SAL0998,1045.47,USD,2031-05-20
PAY0540,Jordan Taylor,SAL0173,1426.83,USD,2031-05-21
PAY0002,Casey Smith,SAL0438,410.51,USD,2031-05-22
PAY0188,Morgan Brown,SAL0502,1677.83,USD,2031-05-23
PAY0243,Riley Taylor,SAL0306,1204.83,USD,2031-05-24
PAY0755,Jamie Davis,,324.78,EUR,2031-05-25
PAY0074,Avery Smith,SAL0432,926.09,EUR,2031-05-26
PAY0947,Casey Anderson,SAL0709,1836.68,USD,2031-05-27
PAY0284,Casey Moore,SAL0220,622.61,EUR,2031-05-28
PAY0851,Taylor Brown,SAL0607,898.48,USD,2031-05-29
PAY0037,Avery Johnson,SAL0226,296.34,EUR,2031-05-30
PAY0941,Jordan Moore,,1170.32,USD,2031-05-31
PAY0175,Quinn Thomas,SAL0829,1854.41,EUR,2031-06-01
PAY0268,Robin Thomas,SAL0589,384.77,USD,2031-06-02
PAY0083,Alex Johnson,SAL0037,1031.04,EUR,2031-06-03
PAY0562,Robin Smith,,163.9,EUR,2031-06-04
PAY0205,Robin Thomas,SAL0223,363.79,EUR,2031-06-05
PAY0302,Casey Anderson,,315.69,EUR,2031-06-06
PAY0457,Alex Brown,SAL0576,1865.9,EUR,2031-06-07
PAY0684,Jamie Taylor,SAL0796,1583.29,USD,2031-06-08
PAY0999,Avery Moore,SAL0848,1950.71,USD,2031-06-09
PAY0918,Jordan Taylor,SAL0532,1331.03,EUR,2031-06-10
PAY0300,Quinn Moore,SAL0421,1766.22,EUR,2031-06-11
PAY0423,Casey Davis,SAL0343,1650.59,USD,2031-06-12
PAY0084,Alex Davis,SAL0415,188.22,EUR,2031-06-13
PAY0506,Casey Wilson,SAL0724,58.98,EUR,2031-06-14
PAY0469,Casey Smith,SAL0960,1976.55,USD,2031-06-15
PAY0881,Jordan Taylor,SAL0913,658.9,EUR,2031-06-16
PAY0690,Taylor Thomas,,1309.43,EUR,2031-06-17
PAY0544,Casey Johnson,SAL0985,466.01,EUR,2031-06-18
PAY0420,Morgan Smith,SAL0571,594.11,EUR,2031-06-19
PAY0105,Jamie Moore,SAL0404,1478.77,USD,2031-06-20
PAY0087,Morgan Jackson,,656.17,USD,2031-06-21
PAY0854,Morgan Moore,SAL0386,187.91,EUR,2031-06-22
PAY0545,Casey Smith,SAL0309,1560.63,EUR,2031-06-23
PAY0435,Avery Brown,,963.13,EUR,2031-06-24
PAY0555,Taylor Johnson,SAL0048,903.81,USD,2031-06-25
PAY0762,Alex Davis,SAL0566,1083.38,EUR,2031-06-26
PAY0365,Avery Thomas,SAL0992,125.89,EUR,2031-06-27
PAY0028,Jordan Smith,SAL0115,477.11,EUR,2031-06-28
PAY0081,Morgan Thomas,SAL0460,430.7,EUR,2031-06-29
PAY0245,Avery Thomas,SAL0520,494.31,EUR,2031-06-30
PAY0056,Quinn Wilson,,142.49,EUR,2031-07-01
PAY0705,Jamie Wilson,SAL0779,589.57,USD,2031-07-02
PAY0208,Alex Moore,SAL0929,704.35,USD,2031-07-03
PAY0195,Avery Davis,SAL0245,451.68,USD,2031-07-04
PAY0456,Robin Johnson,SAL0668,116.33,EUR,2031-07-05
PAY0068,Riley Taylor,SAL0381,132.89,EUR,2031-07-06
PAY0489,Casey Johnson,SAL0830,248.35,USD,2031-07-07
PAY0855,Alex Moore,SAL0130,952.26,EUR,2031-07-08
PAY0797,Jamie Moore,SAL0875,327.53,EUR,2031-07-09
PAY0717,Alex Brown,SAL0491,808.68,USD,2031-07-10
PAY0187,Taylor Thomas,SAL0833,1448.32,EUR,2031-07-11
PAY0602,Robin Brown,SAL0824,1843.84,EUR,2031-07-12
PAY0717,Alex Brown,SAL0491,395.4,USD,2031-07-13
PAY0446,Quinn Thomas,SAL0590,405.37,EUR,2031-07-14
PAY0280,Jordan Jackson,,1750.25,USD,2031-07-15
PAY0419,Quinn Jackson,SAL0587,1634.29,USD,2031-07-16
PAY0122,Casey Smith,,468.47,USD,2031-07-17
PAY0038,Taylor Thomas,SAL0633,1606.0,EUR,2031-07-18
PAY0914,Jamie Taylor,SAL0946,112.38,EUR,2031-07-19
PAY0855,Alex Moore,SAL0130,1541.72,USD,2031-07-20
PAY0953,Riley Jackson,SAL0831,1123.95,EUR,2031-07-21
PAY0739,Quinn Davis,,764.01,USD,2031-07-22
PAY0085,Jordan Wilson,SAL0156,1667.01,USD,2031-07-23
PAY0107,Alex Jackson,SAL0252,1916.92,USD,2031-07-24
PAY0975,Riley Jackson,SAL0810,446.36,USD,2031-07-25
PAY0511,Taylor Taylor,SAL0499,1878.49,USD,2031-07-26
PAY0770,Quinn Davis,SAL0470,1412.52,EUR,2031-07-27
PAY0920,Avery Smith,,1272.38,USD,2031-07-28
PAY0407,Jamie Thomas,SAL0529,1766.98,USD,2031-07-29
PAY0379,Quinn Wilson,SAL0865,1531.93,USD,2031-07-30
PAY0616,Morgan Wilson,,713.91,USD,2031-07-31
PAY0838,Casey Davis,,165.68,EUR,2031-08-01
PAY0095,Jordan Smith,SAL0160,1306.04,EUR,2031-08-02
PAY0684,Jamie Taylor,SAL0796,193.69,EUR,2031-08-03
PAY0862,Riley Brown,SAL0192,135.97,USD,2031-08-04
PAY0481,Quinn Thomas,SAL0005,1404.06,USD,2031-08-05
PAY0649,Avery Moore,SAL0424,428.0,EUR,2031-08-06
PAY0719,Taylor Moore,SAL0510,1973.77,USD,2031-08-07
PAY0159,Riley Brown,SAL0616,944.03,USD,2031-08-08
PAY0110,Casey Taylor,SAL0671,363.33,EUR,2031-08-09
PAY0349,Casey Thomas,SAL0276,464.41,EUR,2031-08-10
PAY0212,Jamie Johnson,SAL0195,812.77,EUR,2031-08-11
PAY0951,Quinn Davis,SAL0430,408.35,USD,2031-08-12
PAY0046,Morgan Jackson,SAL0706,1166.73,USD,2031-08-13
PAY0328,Riley Moore,SAL0769,695.51,USD,2031-08-14
PAY0393,Jamie Wilson,SAL0991,112.3,USD,2031-08-15
PAY0962,Riley Brown,SAL0122,1369.7,EUR,2031-08-16
PAY0394,Taylor Moore,SAL0066,1920.2,EUR,2031-08-17
PAY0536,Morgan Taylor,SAL0761,345.36,USD,2031-08-18
PAY0395,Quinn Smith,SAL0025,478.89,USD,2031-08-19
PAY0047,Jamie Taylor,,1797.95,EUR,2031-08-20
PAY0031,Casey Thomas,SAL0903,1520.76,EUR,2031-08-21
PAY0189,Jamie Thomas,,412.83,USD,2031-08-22
PAY0635,Taylor Anderson,SAL0806,875.82,USD,2031-08-23
PAY0255,Jamie Anderson,SAL0825,1694.17,EUR,2031-08-24
PAY0188,Morgan Brown,SAL0502,66.52,USD,2031-08-25
PAY0070,Riley Brown,SAL0004,413.75,EUR,2031-08-26
PAY0464,Riley Taylor,SAL0987,98.1,USD,2031-08-27
PAY0780,Taylor Davis,SAL0270,227.13,EUR,2031-08-28
PAY0821,Morgan Brown,SAL0853,1516.27,USD,2031-08-29
PAY0987,Jamie Moore,SAL0574,1917.0,USD,2031-08-30
PAY0224,Alex Moore,SAL0363,1337.49,USD,2031-08-31
PAY0881,Jordan Taylor,SAL0913,292.76,EUR,2031-09-01
PAY0289,Jordan Davis,,1152.81,EUR,2031-09-02
PAY0081,Morgan Thomas,SAL0460,901.23,EUR,2031-09-03
PAY0950,Jamie Anderson,SAL0535,1474.14,EUR,2031-09-04
PAY0297,Casey Wilson,SAL0935,1946.98,USD,2031-09-05
PAY0623,Quinn Wilson,SAL0694,1134.23,USD,2031-09-06
PAY0708,Riley Moore,SAL0461,510.85,USD,2031-09-07
PAY0054,Morgan Jackson,SAL0015,1888.08,EUR,2031-09-08
PAY0076,Taylor Wilson,SAL0940,696.81,EUR,2031-09-09
PAY0311,Taylor Jackson,SAL0505,1991.09,USD,2031-09-10
PAY0755,Jamie Davis,SAL0614,52.38,USD,2031-09-11
PAY0763,Taylor Wilson,SAL0640,1096.48,USD,2031-09-12
PAY0684,Jamie Taylor,SAL0796,541.33,EUR,2031-09-13
PAY0336,Jordan Moore,SAL0417,462.27,USD,2031-09-14
PAY0300,Quinn Moore,SAL0421,263.93,EUR,2031-09-15
PAY0141,Quinn Taylor,SAL0760,1224.76,USD,2031-09-16
PAY0511,Taylor Taylor,SAL0499,1484.65,USD,2031-09-17
PAY0486,Taylor Taylor,SAL0619,1958.42,EUR,2031-09-18
PAY0983,Robin Jackson,SAL0867,477.08,USD,2031-09-19
PAY0543,Quinn Taylor,SAL0441,750.39,USD,2031-09-20
PAY0051,Avery Anderson,SAL0527,777.21,USD,2031-09-21
PAY0081,Morgan Thomas,SAL0460,232.4,EUR,2031-09-22
PAY0883,Riley Taylor,SAL0147,821.95,USD,2031-09-23
PAY0637,Avery Anderson,SAL0688,1444.73,USD,2031-09-24
PAY0769,Riley Johnson,SAL0456,946.22,EUR,2031-09-25
PAY0381,Avery Davis,SAL0264,1097.67,USD,2031-09-26
PAY0922,Jamie Taylor,SAL0711,1320.93,USD,2031-09-27
PAY0795,Quinn Brown,SAL0933,194.35,EUR,2031-09-28
PAY0824,Casey Smith,,1728.17,USD,2031-09-29
PAY0110,Casey Taylor,SAL0671,282.7,USD,2031-09-30
PAY0933,Robin Wilson,SAL0615,1651.3,USD,2031-10-01
PAY0755,Jamie Davis,SAL0614,344.13,USD,2031-10-02
PAY0816,Morgan Moore,SAL0349,281.11,EUR,2031-10-03
PAY0693,Robin Davis,SAL0131,841.43,EUR,2031-10-04
PAY0721,Quinn Smith,SAL0697,1940.94,EUR,2031-10-05
PAY0027,Jordan Davis,SAL0636,506.04,EUR,2031-10-06
PAY0871,Morgan Davis,,1048.68,EUR,2031-10-07
PAY0476,Jamie Taylor,SAL0300,1183.37,EUR,2031-10-08
PAY0414,Jamie Davis,SAL0637,1932.36,EUR,2031-10-09
PAY0632,Jordan Taylor,SAL0467,1229.09,USD,2031-10-10
PAY0371,Jamie Brown,SAL0155,720.39,EUR,2031-10-11
PAY0533,Alex Thomas,SAL0967,934.55,USD,2031-10-12
PAY0712,Taylor Smith,SAL0842,895.99,USD,2031-10-13
PAY0114,Robin Anderson,SAL0266,472.06,EUR,2031-10-14
PAY0537,Jordan Jackson,SAL0107,1884.63,EUR,2031-10-15
PAY0895,Jamie Thomas,SAL0687,1374.4,USD,2031-10-16
PAY0663,Jordan Taylor,SAL0465,1973.34,USD,2031-10-17
PAY0152,Quinn Johnson,SAL0401,1296.97,EUR,2031-10-18
PAY0685,Riley Thomas,SAL0744,1333.13,EUR,2031-10-19
PAY0794,Casey Brown,SAL0966,710.73,USD,2031-10-20
PAY0810,Jamie Wilson,,1926.69,EUR,2031-10-21
PAY0327,Robin Taylor,SAL0024,762.98,USD,2031-10-22
PAY0744,Taylor Moore,SAL0176,528.77,USD,2031-10-23
PAY0898,Riley Jackson,SAL0628,1394.57,USD,2031-10-24
PAY0399,Jordan Johnson,SAL0517,1353.5,EUR,2031-10-25
PAY0954,Alex Anderson,SAL0886,570.8,EUR,2031-10-26
PAY0513,Quinn Brown,SAL0254,1395.17,EUR,2031-10-27
PAY0019,Jamie Davis,SAL0219,1194.31,EUR,2031-10-28
PAY0252,Robin Moore,SAL0998,1896.63,EUR,2031-10-29
PAY0961,Casey Taylor,SAL0798,1150.42,EUR,2031-10-30
PAY0456,Robin Johnson,SAL0668,1565.0,EUR,2031-10-31
PAY0473,Quinn Wilson,SAL0072,456.81,EUR,2031-11-01
PAY0537,Jordan Jackson,SAL0107,606.82,USD,2031-11-02
PAY0544,Casey Johnson,SAL0985,697.48,EUR,2031-11-03
PAY0965,Jamie Brown,SAL0666,1532.81,USD,2031-11-04
PAY0137,Jamie Anderson,SAL0477,793.51,EUR,2031-11-05
PAY0567,Alex Taylor,SAL0503,1714.22,USD,2031-11-06
PAY0938,Alex Moore,SAL0610,517.21,USD,2031-11-07
PAY0840,Avery Smith,SAL0512,1869.59,EUR,2031-11-08
PAY0255,Jamie Anderson,SAL0825,566.31,USD,2031-11-09
PAY0771,Jamie Davis,SAL0476,860.14,USD,2031-11-10
PAY0970,Casey Smith,SAL0518,652.45,USD,2031-11-11
PAY0618,Jamie Taylor,SAL0740,1332.68,EUR,2031-11-12
PAY0357,Casey Anderson,SAL0834,85.24,USD,2031-11-13
PAY0612,Casey Thomas,SAL0040,744.72,USD,2031-11-14
PAY0869,Alex Davis,SAL0873,768.3,EUR,2031-11-15
PAY0604,Morgan Davis,SAL0530,670.75,USD,2031-11-16
PAY0697,Taylor Taylor,,1491.29,USD,2031-11-17
PAY0188,Morgan Brown,SAL0502,948.28,EUR,2031-11-18
PAY0464,Riley Taylor,SAL0987,1373.49,USD,2031-11-19
PAY0217,Robin Jackson,SAL0714,1931.5,USD,2031-11-20
PAY0383,Taylor Davis,SAL0726,715.8,USD,2031-11-21
PAY0084,Alex Davis,SAL0415,933.28,EUR,2031-11-22
PAY0242,Robin Anderson,SAL0833,417.19,EUR,2031-11-23
PAY0303,Morgan Jackson,,170.79,USD,2031-11-24
PAY0987,Jamie Moore,SAL0574,746.36,USD,2031-11-25
PAY0343,Alex Johnson,SAL0721,97.94,EUR,2031-11-26
PAY0285,Robin Johnson,SAL0692,1968.96,USD,2031-11-27
PAY0876,Quinn Thomas,SAL0926,1719.85,USD,2031-11-28
PAY0640,Casey Taylor,SAL0900,413.3,EUR,2031-11-29
PAY0594,Taylor Johnson,SAL0475,879.57,EUR,2031-11-30
PAY0332,Quinn Johnson,SAL0953,1593.93,USD,2031-12-01
PAY0605,Morgan Anderson,SAL0909,1273.72,USD,2031-12-02
PAY0980,Casey Thomas,SAL0429,118.41,USD,2031-12-03
PAY0379,Quinn Wilson,SAL0865,734.58,USD,2031-12-04
PAY0916,Riley Wilson,SAL0324,1817.64,USD,2031-12-05
PAY0137,Jamie Anderson,SAL0477,1466.2,EUR,2031-12-06
PAY0353,Alex Brown,SAL0222,1452.32,EUR,2031-12-07
PAY0422,Morgan Jackson,SAL0263,465.76,USD,2031-12-08
PAY0331,Morgan Wilson,SAL0039,1401.79,EUR,2031-12-09
PAY0064,Alex Wilson,SAL0497,1792.56,USD,2031-12-10
PAY0629,Quinn Thomas,SAL0372,973.68,USD,2031-12-11
PAY0344,Robin Wilson,SAL0910,491.94,EUR,2031-12-12
PAY0946,Morgan Brown,SAL0272,117.78,EUR,2031-12-13
PAY0825,Alex Jackson,SAL0541,1953.44,USD,2031-12-14
PAY0856,Alex Smith,SAL0303,1020.78,USD,2031-12-15
PAY0469,Casey Smith,SAL0960,1714.4,EUR,2031-12-16
PAY0746,Riley Thomas,SAL0737,293.13,EUR,2031-12-17
PAY0220,Quinn Thomas,SAL0564,1906.69,USD,2031-12-18
PAY0136,Quinn Wilson,SAL0278,1142.43,USD,2031-12-19
PAY0425,Quinn Wilson,SAL0654,1597.82,EUR,2031-12-20
PAY0601,Morgan Davis,SAL0457,1726.08,EUR,2031-12-21
PAY0016,Alex Wilson,SAL0942,1519.82,USD,2031-12-22
PAY0766,Casey Jackson,SAL0150,1965.82,USD,2031-12-23
PAY0627,Morgan Taylor,SAL0185,82.93,USD,2031-12-24
PAY0883,Riley Taylor,SAL0147,1994.42,EUR,2031-12-25
PAY0976,Quinn Moore,SAL0411,1494.11,USD,2031-12-26
PAY0098,Morgan Smith,SAL0453,1281.1,USD,2031-12-27
PAY0197,Quinn Jackson,SAL0090,161.46,USD,2031-12-28
PAY0122,Casey Smith,SAL0650,461.57,USD,2031-12-29
PAY0192,Robin Johnson,SAL0348,1799.32,EUR,2031-12-30
PAY0896,Morgan Anderson,SAL0399,1717.41,USD,2031-12-31
PAY0729,Jamie Taylor,,1383.16,EUR,2032-01-01
PAY0784,Alex Johnson,SAL0887,996.86,EUR,2032-01-02
PAY0171,Riley Thomas,SAL0305,644.54,USD,2032-01-03
PAY0983,Robin Jackson,SAL0867,76.43,USD,2032-01-04
PAY0764,Casey Davis,,832.52,USD,2032-01-05
PAY0078,Jamie Taylor,,828.63,EUR,2032-01-06
PAY0343,Alex Johnson,SAL0721,661.97,EUR,2032-01-07
PAY0886,Riley Thomas,SAL0729,670.92,USD,2032-01-08
PAY0528,Casey Brown,SAL0680,181.22,USD,2032-01-09
PAY0517,Robin Thomas,SAL0078,190.44,EUR,2032-01-10
PAY0638,Casey Johnson,SAL0143,1160.67,USD,2032-01-11
PAY0009,Avery Taylor,SAL0930,1970.29,EUR,2032-01-12
PAY0958,Jordan Thomas,SAL0800,1619.46,USD,2032-01-13
PAY0690,Taylor Thomas,SAL0144,317.32,EUR,2032-01-14
PAY0425,Quinn Wilson,SAL0654,79.07,EUR,2032-01-15
PAY0096,Quinn Thomas,SAL0339,225.12,EUR,2032-01-16
PAY0969,Robin Thomas,SAL0515,525.12,EUR,2032-01-17
PAY0077,Robin Jackson,SAL0922,952.38,EUR,2032-01-18
PAY0788,Riley Thomas,SAL0251,1070.28,USD,2032-01-19
PAY0159,Riley Brown,SAL0616,1791.73,USD,2032-01-20
PAY0055,Morgan Smith,SAL0492,411.48,EUR,2032-01-21
PAY0394,Taylor Moore,SAL0390,105.22,EUR,2032-01-22
PAY0512,Riley Wilson,SAL0523,1262.19,EUR,2032-01-23
PAY0011,Jamie Thomas,SAL0321,455.61,EUR,2032-01-24
PAY0151,Avery Anderson,SAL0067,1278.43,EUR,2032-01-25
PAY0665,Robin Wilson,SAL0227,1909.94,EUR,2032-01-26
PAY0174,Jamie Jackson,SAL0516,139.08,USD,2032-01-27
PAY0964,Jamie Smith,,95.86,EUR,2032-01-28
PAY0873,Jordan Thomas,SAL0585,1986.72,EUR,2032-01-29
PAY0586,Riley Anderson,,63.43,USD,2032-01-30
PAY0429,Jordan Jackson,SAL0586,1144.46,EUR,2032-01-31
PAY0385,Alex Wilson,SAL0239,1536.9,EUR,2032-02-01
PAY0823,Quinn Taylor,SAL0855,1206.52,EUR,2032-02-02
PAY0053,Riley Wilson,SAL0420,1641.62,EUR,2032-02-03
PAY0766,Casey Jackson,SAL0150,1981.69,EUR,2032-02-04
PAY0922,Jamie Taylor,SAL0711,843.08,EUR,2032-02-05
PAY0484,Alex Jackson,SAL0838,438.4,EUR,2032-02-06
PAY0899,Avery Davis,SAL0852,1252.09,EUR,2032-02-07
PAY0024,Avery Taylor,,1288.23,EUR,2032-02-08
PAY0667,Quinn Thomas,SAL0630,484.34,USD,2032-02-09
PAY0787,Quinn Brown,SAL0332,958.61,USD,2032-02-10
PAY0520,Casey Taylor,SAL0265,364.95,USD,2032-02-11
PAY0831,Taylor Smith,SAL0970,881.8,USD,2032-02-12
PAY0370,Morgan Jackson,SAL0678,615.46,EUR,2032-02-13
PAY0401,Casey Wilson,SAL0956,599.3,EUR,2032-02-14
PAY0501,Casey Thomas,SAL0322,560.36,EUR,2032-02-15
PAY0706,Morgan Wilson,,551.93,USD,2032-02-16
PAY0770,Quinn Davis,SAL0470,286.56,USD,2032-02-17
PAY0192,Robin Johnson,SAL0140,1426.09,EUR,2032-02-18
PAY0427,Robin Smith,SAL0653,491.51,EUR,2032-02-19
PAY0638,Casey Johnson,SAL0143,1075.36,USD,2032-02-20
PAY0787,Quinn Brown,SAL0332,689.97,EUR,2032-02-21
PAY0314,Morgan Anderson,SAL0921,1460.91,USD,2032-02-22
PAY0602,Robin Brown,SAL0824,1089.7,EUR,2032-02-23
PAY0583,Avery Brown,SAL0108,1936.31,EUR,2032-02-24
PAY0264,Quinn Davis,SAL0844,274.53,EUR,2032-02-25
PAY0913,Quinn Smith,SAL0682,637.65,EUR,2032-02-26
PAY0706,Morgan Wilson,SAL0872,1579.52,EUR,2032-02-27
PAY0995,Riley Brown,SAL0365,1725.33,USD,2032-02-28
PAY0931,Casey Taylor,SAL0312,638.45,EUR,2032-02-29
PAY0572,Taylor Jackson,SAL0409,174.97,USD,2032-03-01
PAY0037,Avery Johnson,SAL0226,1799.62,EUR,2032-03-02
PAY0283,Taylor Davis,,1480.99,EUR,2032-03-03
PAY0238,Avery Smith,SAL0271,744.67,EUR,2032-03-04
PAY0122,Casey Smith,SAL0650,1274.61,EUR,2032-03-05
PAY0340,Avery Davis,,888.98,USD,2032-03-06
PAY0110,Casey Taylor,SAL0671,1891.54,EUR,2032-03-07
PAY0554,Morgan Anderson,SAL0101,418.85,EUR,2032-03-08
PAY0685,Riley Thomas,SAL0744,191.33,EUR,2032-03-09
PAY0789,Alex Taylor,SAL0813,1785.99,USD,2032-03-10
PAY0228,Riley Brown,SAL0327,1357.96,USD,2032-03-11
PAY0387,Robin Jackson,SAL0055,654.55,EUR,2032-03-12
PAY0486,Taylor Taylor,SAL0619,1329.25,USD,2032-03-13
PAY0996,Robin Moore,SAL0728,1442.7,EUR,2032-03-14
PAY0739,Quinn Davis,SAL0112,1611.94,EUR,2032-03-15
PAY0334,Robin Thomas,SAL0881,104.64,EUR,2032-03-16
PAY0451,Casey Johnson,SAL0961,1727.69,EUR,2032-03-17
PAY0181,Taylor Wilson,SAL0302,1777.94,USD,2032-03-18
PAY0610,Alex Taylor,SAL0696,1784.07,USD,2032-03-19
PAY0025,Morgan Anderson,SAL0350,639.09,EUR,2032-03-20
PAY0754,Alex Anderson,,1598.18,EUR,2032-03-21
PAY0530,Morgan Moore,SAL0014,1639.38,EUR,2032-03-22
PAY0372,Jordan Brown,SAL0704,924.49,EUR,2032-03-23
PAY0273,Morgan Moore,SAL0733,442.03,USD,2032-03-24
PAY0861,Alex Thomas,,315.77,USD,2032-03-25
PAY0925,Taylor Johnson,SAL0187,470.28,USD,2032-03-26
PAY0890,Robin Smith,SAL0685,544.6,EUR,2032-03-27
PAY0332,Quinn Johnson,SAL0953,289.57,EUR,2032-03-28
PAY0228,Riley Brown,SAL0327,1640.78,EUR,2032-03-29
PAY0296,Robin Taylor,SAL0593,982.86,EUR,2032-03-30
PAY0673,Taylor Brown,SAL0899,1802.36,USD,2032-03-31
PAY0961,Casey Taylor,SAL0798,460.69,USD,2032-04-01
PAY0303,Morgan Jackson,,500.12,EUR,2032-04-02
PAY0213,Morgan Jackson,SAL0102,106.63,EUR,2032-04-03
PAY0180,Riley Taylor,SAL0189,297.76,EUR,2032-04-04
PAY0898,Riley Jackson,SAL0035,1495.73,USD,2032-04-05
PAY0755,Jamie Davis,SAL0614,1917.34,USD,2032-04-06
PAY0636,Robin Jackson,SAL0463,906.73,EUR,2032-04-07
PAY0413,Avery Smith,SAL0484,1772.04,EUR,2032-04-08
PAY0334,Robin Thomas,SAL0881,1838.82,EUR,2032-04-09
PAY0482,Jordan Johnson,SAL0267,256.45,USD,2032-04-10
PAY0480,Avery Brown,SAL0193,751.53,USD,2032-04-11
PAY0148,Robin Brown,SAL0735,1587.81,EUR,2032-04-12
PAY0086,Jamie Anderson,,1750.81,USD,2032-04-13
PAY0080,Riley Davis,SAL0089,128.2,EUR,2032-04-14
PAY0047,Jamie Taylor,SAL0977,1439.59,USD,2032-04-15
PAY0673,Taylor Brown,,1273.04,EUR,2032-04-16
PAY0145,Morgan Davis,SAL0823,413.3,USD,2032-04-17
PAY0594,Taylor Johnson,SAL0475,1085.29,USD,2032-04-18
PAY0274,Robin Anderson,,1127.96,USD,2032-04-19
PAY0133,Jordan Taylor,SAL0124,1717.36,EUR,2032-04-20
PAY0120,Jamie Wilson,SAL0546,1277.1,USD,2032-04-21
PAY0583,Avery Brown,SAL0305,1196.13,EUR,2032-04-22
PAY0634,Taylor Anderson,SAL0879,670.76,USD,2032-04-23
PAY0909,Jordan Thomas,SAL0364,327.1,EUR,2032-04-24
PAY0951,Quinn Davis,SAL0430,537.06,EUR,2032-04-25
PAY0879,Taylor Taylor,SAL0611,1721.45,USD,2032-04-26
PAY0916,Riley Wilson,SAL0324,784.92,EUR,2032-04-27
PAY0686,Riley Moore,SAL0267,1764.19,EUR,2032-04-28
PAY0980,Casey Thomas,SAL0429,430.83,USD,2032-04-29
PAY0956,Alex Anderson,SAL0166,1953.52,EUR,2032-04-30
PAY0989,Morgan Smith,SAL0651,1029.3,EUR,2032-05-01
PAY0401,Casey Wilson,SAL0956,694.66,EUR,2032-05-02
PAY0978,Taylor Thomas,SAL0664,1727.35,EUR,2032-05-03
PAY0472,Riley Davis,SAL0481,189.17,EUR,2032-05-04
PAY0823,Quinn Taylor,SAL0855,1018.83,USD,2032-05-05
PAY0378,Jamie Johnson,SAL0006,457.95,EUR,2032-05-06
PAY0965,Jamie Brown,SAL0666,932.08,EUR,2032-05-07
PAY0195,Avery Davis,SAL0245,1828.49,USD,2032-05-08
PAY0970,Casey Smith,SAL0518,828.77,USD,2032-05-09
PAY0712,Taylor Smith,SAL0052,104.17,EUR,2032-05-10
PAY0444,Casey Wilson,SAL0962,1205.43,USD,2032-05-11
PAY0110,Casey Taylor,SAL0671,131.98,EUR,2032-05-12
PAY0987,Jamie Moore,SAL0574,1184.05,USD,2032-05-13
PAY0276,Quinn Thomas,SAL0544,1454.39,USD,2032-05-14
PAY0687,Avery Brown,SAL0522,1263.72,EUR,2032-05-15
PAY0931,Casey Taylor,SAL0312,891.36,USD,2032-05-16
PAY0745,Alex Brown,SAL0466,1053.03,EUR,2032-05-17
PAY0436,Jamie Taylor,SAL0693,258.59,USD,2032-05-18
PAY0512,Riley Wilson,SAL0523,1710.75,USD,2032-05-19
PAY0199,Avery Wilson,SAL0001,1646.9,USD,2032-05-20
PAY0864,Casey Smith,,1902.03,USD,2032-05-21
PAY0032,Riley Johnson,SAL0708,627.34,USD,2032-05-22
PAY0148,Robin Brown,SAL0735,1745.97,EUR,2032-05-23
PAY0554,Morgan Anderson,SAL0101,1792.58,USD,2032-05-24
PAY0874,Quinn Taylor,SAL0136,687.1,USD,2032-05-25
PAY0579,Riley Anderson,SAL0423,310.45,USD,2032-05-26
PAY0083,Alex Johnson,SAL0037,1161.53,EUR,2032-05-27
PAY0586,Riley Anderson,SAL0713,526.88,EUR,2032-05-28
PAY0609,Alex Johnson,SAL0297,806.05,EUR,2032-05-29
PAY0226,Casey Brown,SAL0963,656.04,USD,2032-05-30
PAY0344,Robin Wilson,SAL0910,474.54,USD,2032-05-31
PAY0090,Taylor Thomas,SAL0253,1863.82,USD,2032-06-01
PAY0205,Robin Thomas,SAL0223,83.36,USD,2032-06-02
PAY0770,Quinn Davis,SAL0470,543.22,USD,2032-06-03
PAY0047,Jamie Taylor,SAL0977,1478.84,USD,2032-06-04
PAY0749,Jordan Brown,SAL0494,349.18,EUR,2032-06-05
PAY0257,Taylor Moore,SAL0976,591.49,USD,2032-06-06
PAY0584,Robin Wilson,SAL0295,438.37,USD,2032-06-07
PAY0516,Riley Johnson,SAL0459,849.15,USD,2032-06-08
PAY0562,Robin Smith,SAL0773,728.28,USD,2032-06-09
PAY0407,Jamie Thomas,SAL0529,427.11,EUR,2032-06-10
PAY0952,Jamie Thomas,SAL0877,677.44,USD,2032-06-11
PAY0936,Riley Anderson,SAL0119,526.33,USD,2032-06-12
PAY0101,Casey Moore,SAL0883,742.79,USD,2032-06-13
PAY0153,Avery Brown,SAL0753,1336.97,USD,2032-06-14
PAY0601,Morgan Davis,,1410.14,USD,2032-06-15
PAY0228,Riley Brown,SAL0917,525.93,USD,2032-06-16
PAY0327,Robin Taylor,SAL0024,453.28,EUR,2032-06-17
PAY0963,Morgan Jackson,SAL0347,1638.39,EUR,2032-06-18
PAY0086,Jamie Anderson,SAL0384,705.63,USD,2032-06-19
PAY0495,Morgan Johnson,SAL0298,1632.08,EUR,2032-06-20
PAY0459,Quinn Jackson,SAL0504,533.27,EUR,2032-06-21
PAY0713,Jamie Smith,,1947.64,USD,2032-06-22
PAY0992,Robin Thomas,,355.86,USD,2032-06-23
PAY0442,Taylor Johnson,SAL0359,1362.4,USD,2032-06-24
PAY0564,Riley Taylor,SAL0980,1487.49,USD,2032-06-25
PAY0360,Jordan Davis,SAL0722,1878.9,USD,2032-06-26
PAY0692,Riley Moore,SAL0202,802.0,USD,2032-06-27
PAY0857,Robin Wilson,SAL0785,771.96,USD,2032-06-28
PAY0075,Alex Moore,SAL0406,245.88,EUR,2032-06-29
PAY0001,Casey Smith,SAL0746,298.5,EUR,2032-06-30
PAY0799,Alex Thomas,SAL0215,1840.53,USD,2032-07-01
PAY0053,Riley Wilson,SAL0420,1180.13,USD,2032-07-02
PAY0278,Riley Jackson,SAL0652,1338.45,USD,2032-07-03
PAY0836,Avery Moore,SAL0197,1652.72,USD,2032-07-04
PAY0498,Casey Anderson,,1407.07,EUR,2032-07-05
PAY0770,Quinn Davis,,1746.26,USD,2032-07-06
PAY0248,Riley Moore,SAL0128,650.69,USD,2032-07-07
PAY0002,Casey Smith,SAL0438,582.02,EUR,2032-07-08
PAY0394,Taylor Moore,SAL0390,916.46,EUR,2032-07-09
PAY0645,Casey Johnson,SAL0039,1235.27,EUR,2032-07-10
PAY0688,Quinn Johnson,SAL0889,1541.42,EUR,2032-07-11
PAY0343,Alex Johnson,SAL0721,1540.72,EUR,2032-07-12
PAY0952,Jamie Thomas,SAL0877,1128.83,EUR,2032-07-13
PAY0543,Quinn Taylor,SAL0441,547.07,EUR,2032-07-14
PAY0427,Robin Smith,SAL0653,840.97,USD,2032-07-15
PAY0843,Quinn Brown,SAL0608,1236.11,EUR,2032-07-16
PAY0271,Riley Davis,SAL0902,613.5,EUR,2032-07-17
PAY0537,Jordan Jackson,,452.2,USD,2032-07-18
PAY0846,Casey Jackson,SAL0795,1189.35,USD,2032-07-19
PAY0978,Taylor Thomas,SAL0664,1595.05,USD,2032-07-20
PAY0605,Morgan Anderson,SAL0909,819.27,USD,2032-07-21
PAY0960,Jordan Anderson,SAL0554,1679.6,USD,2032-07-22
PAY0832,Jordan Brown,SAL0643,944.43,EUR,2032-07-23
PAY0002,Casey Smith,,1808.38,USD,2032-07-24
PAY0263,Jordan Davis,SAL0543,1092.55,EUR,2032-07-25
PAY0055,Morgan Smith,SAL0492,481.81,USD,2032-07-26
PAY0930,Taylor Johnson,SAL0771,990.81,USD,2032-07-27
PAY0503,Robin Johnson,SAL0127,560.73,USD,2032-07-28
PAY0474,Robin Anderson,SAL0138,511.3,USD,2032-07-29
PAY0589,Avery Taylor,SAL0113,772.59,USD,2032-07-30
PAY0180,Riley Taylor,SAL0189,1375.33,EUR,2032-07-31
PAY0703,Taylor Wilson,SAL0811,1204.74,EUR,2032-08-01
PAY0108,Riley Smith,SAL0394,1938.07,EUR,2032-08-02
PAY0783,Jordan Anderson,SAL0763,559.07,USD,2032-08-03
PAY0463,Casey Taylor,SAL0054,1697.11,EUR,2032-08-04
PAY0196,Quinn Taylor,SAL0545,1030.17,EUR,2032-08-05
PAY0596,Robin Moore,SAL0669,280.71,EUR,2032-08-06
PAY0138,Quinn Taylor,SAL0307,118.09,USD,2032-08-07
PAY0487,Morgan Wilson,SAL0418,776.1,USD,2032-08-08
PAY0603,Casey Anderson,SAL0274,626.47,EUR,2032-08-09
PAY0441,Jordan Brown,SAL0622,134.37,EUR,2032-08-10
PAY0788,Riley Thomas,SAL0251,872.78,EUR,2032-08-11
PAY0923,Morgan Anderson,,636.72,USD,2032-08-12
PAY0042,Riley Brown,SAL0056,681.03,EUR,2032-08-13
PAY0529,Morgan Smith,SAL0482,981.49,EUR,2032-08-14
PAY0591,Alex Johnson,SAL0890,1880.93,USD,2032-08-15
PAY0646,Jamie Wilson,SAL0123,510.03,EUR,2032-08-16
PAY0063,Jamie Taylor,SAL0317,1022.86,EUR,2032-08-17
PAY0933,Robin Wilson,SAL0615,612.72,EUR,2032-08-18
PAY0219,Casey Thomas,SAL0832,902.29,USD,2032-08-19
PAY0512,Riley Wilson,SAL0523,489.19,USD,2032-08-20
PAY0709,Avery Johnson,SAL0786,317.5,EUR,2032-08-21
PAY0703,Taylor Wilson,SAL0811,374.14,USD,2032-08-22
PAY0641,Casey Brown,SAL0826,299.07,USD,2032-08-23
PAY0572,Taylor Jackson,SAL0409,1448.41,EUR,2032-08-24
PAY0688,Quinn Johnson,SAL0889,1284.95,EUR,2032-08-25
PAY0462,Riley Thomas,SAL0878,577.86,USD,2032-08-26
PAY0910,Quinn Davis,SAL0521,1439.11,EUR,2032-08-27
PAY0372,Jordan Brown,SAL0362,1189.69,EUR,2032-08-28
PAY0915,Morgan Smith,SAL0861,1439.97,EUR,2032-08-29
PAY0209,Riley Smith,SAL0387,689.0,EUR,2032-08-30
PAY0896,Morgan Anderson,SAL0399,156.74,USD,2032-08-31
PAY0505,Riley Brown,SAL0701,758.38,USD,2032-09-01
PAY0860,Casey Davis,SAL0757,575.03,USD,2032-09-02
PAY0963,Morgan Jackson,SAL0347,745.41,USD,2032-09-03
PAY0991,Jamie Taylor,SAL0386,1499.53,EUR,2032-09-04
PAY0960,Jordan Anderson,SAL0554,744.99,EUR,2032-09-05
PAY0268,Robin Thomas,SAL0589,438.91,EUR,2032-09-06
PAY0283,Taylor Davis,SAL0578,121.46,USD,2032-09-07
PAY0665,Robin Wilson,SAL0943,483.38,USD,2032-09-08
PAY0438,Morgan Brown,SAL0768,1754.0,USD,2032-09-09
PAY0502,Jordan Anderson,SAL0953,1306.4,USD,2032-09-10
PAY0294,Casey Thomas,SAL0071,975.15,USD,2032-09-11
PAY0014,Alex Wilson,SAL0183,737.62,USD,2032-09-12
PAY0218,Morgan Brown,SAL0037,68.8,EUR,2032-09-13
PAY0343,Alex Johnson,SAL0721,661.25,USD,2032-09-14
PAY0919,Quinn Taylor,SAL0988,687.09,USD,2032-09-15
PAY0704,Robin Johnson,,991.13,USD,2032-09-16
PAY0817,Avery Thomas,SAL0745,259.39,EUR,2032-09-17
PAY0161,Avery Jackson,SAL0256,594.47,EUR,2032-09-18
PAY0060,Jordan Taylor,SAL0218,913.25,EUR,2032-09-19
PAY0898,Riley Jackson,SAL0628,825.11,USD,2032-09-20
PAY0585,Jamie Wilson,SAL0323,1636.58,USD,2032-09-21
PAY0420,Morgan Smith,SAL0571,1782.88,EUR,2032-09-22
PAY0196,Quinn Taylor,SAL0545,1238.7,USD,2032-09-23
PAY0974,Jordan Brown,SAL0845,1087.92,EUR,2032-09-24
PAY0638,Casey Johnson,SAL0143,1086.02,USD,2032-09-25
PAY0360,Jordan Davis,SAL0722,713.74,USD,2032-09-26
PAY0456,Robin Johnson,SAL0668,848.72,EUR,2032-09-27
PAY0470,Casey Anderson,SAL0995,624.88,EUR,2032-09-28
PAY0846,Casey Jackson,SAL0795,1057.57,EUR,2032-09-29
PAY0057,Jamie Johnson,SAL0620,1144.03,EUR,2032-09-30
PAY0267,Robin Taylor,SAL0938,1288.46,EUR,2032-10-01
PAY0577,Riley Thomas,SAL0062,1060.71,USD,2032-10-02
PAY0682,Alex Smith,SAL0681,329.75,EUR,2032-10-03
PAY0376,Robin Thomas,SAL0772,1100.69,USD,2032-10-04
PAY0774,Morgan Brown,SAL0777,1103.87,EUR,2032-10-05
PAY0536,Morgan Taylor,SAL0761,1856.15,EUR,2032-10-06
PAY0227,Riley Thomas,SAL0528,691.03,USD,2032-10-07
PAY0844,Robin Johnson,SAL0665,1017.86,USD,2032-10-08
PAY0075,Alex Moore,SAL0406,254.38,USD,2032-10-09
PAY0773,Taylor Johnson,,459.34,EUR,2032-10-10
PAY0558,Casey Johnson,SAL0237,1561.95,USD,2032-10-11
PAY0984,Casey Davis,SAL0814,1100.6,EUR,2032-10-12
PAY0392,Casey Wilson,SAL0860,72.15,USD,2032-10-13
PAY0466,Jamie Johnson,SAL0866,1837.99,USD,2032-10-14
PAY0894,Jordan Anderson,SAL0990,1175.33,EUR,2032-10-15
PAY0645,Casey Johnson,SAL0783,879.19,EUR,2032-10-16
PAY0321,Jamie Thomas,SAL0880,1589.17,USD,2032-10-17
PAY0067,Avery Smith,SAL0370,1501.8,USD,2032-10-18
PAY0832,Jordan Brown,SAL0643,1510.55,EUR,2032-10-19
PAY0165,Alex Wilson,SAL0775,88.95,USD,2032-10-20
PAY0393,Jamie Wilson,SAL0991,1189.76,USD,2032-10-21
PAY0198,Riley Anderson,SAL0433,1713.02,EUR,2032-10-22
PAY0474,Robin Anderson,SAL0138,664.54,USD,2032-10-23
PAY0931,Casey Taylor,SAL0312,1169.24,EUR,2032-10-24
PAY0406,Morgan Wilson,,1029.46,USD,2032-10-25
PAY0093,Riley Thomas,SAL0581,1764.67,EUR,2032-10-26
PAY0831,Taylor Smith,SAL0970,830.9,EUR,2032-10-27
PAY0391,Taylor Davis,,451.0,EUR,2032-10-28
PAY0990,Jordan Davis,SAL0439,473.21,EUR,2032-10-29
PAY0892,Quinn Wilson,SAL0285,1158.28,USD,2032-10-30
PAY0097,Robin Jackson,SAL0203,1423.41,EUR,2032-10-31
PAY0302,Casey Anderson,SAL0853,765.1,EUR,2032-11-01
PAY0710,Avery Jackson,,1318.79,EUR,2032-11-02
PAY0807,Jordan Taylor,SAL0981,1000.32,USD,2032-11-03
PAY0895,Jamie Thomas,SAL0687,790.67,USD,2032-11-04
PAY0370,Morgan Jackson,SAL0678,133.05,USD,2032-11-05
PAY0337,Taylor Brown,SAL0573,998.01,EUR,2032-11-06
PAY0522,Riley Johnson,SAL0892,1209.28,EUR,2032-11-07
PAY0354,Casey Taylor,SAL0100,536.28,USD,2032-11-08
PAY0630,Alex Taylor,SAL0167,547.03,USD,2032-11-09
PAY0261,Taylor Davis,SAL0114,199.26,USD,2032-11-10
PAY0564,Riley Taylor,SAL0629,1919.85,EUR,2032-11-11
PAY0031,Casey Thomas,SAL0903,1094.06,EUR,2032-11-12
PAY0931,Casey Taylor,SAL0312,1951.86,USD,2032-11-13
PAY0794,Casey Brown,SAL0966,1116.38,USD,2032-11-14
PAY0201,Avery Jackson,SAL0230,564.91,EUR,2032-11-15
PAY0712,Taylor Smith,SAL0842,1870.57,USD,2032-11-16
PAY0150,Quinn Jackson,SAL0279,577.65,USD,2032-11-17
PAY0338,Jordan Taylor,SAL0337,1204.36,USD,2032-11-18
PAY0617,Quinn Johnson,SAL0212,1171.51,USD,2032-11-19
PAY0430,Avery Anderson,SAL0250,1405.59,USD,2032-11-20
PAY0086,Jamie Anderson,SAL0384,1096.33,EUR,2032-11-21
PAY0133,Jordan Taylor,SAL0124,1542.26,EUR,2032-11-22
PAY0676,Alex Johnson,SAL0791,1718.57,USD,2032-11-23
PAY0396,Jordan Thomas,SAL0211,1509.8,EUR,2032-11-24
PAY0409,Jamie Davis,SAL0531,934.35,USD,2032-11-25
PAY0605,Morgan Anderson,SAL0909,1127.95,USD,2032-11-26
PAY0962,Riley Brown,SAL0122,1672.6,EUR,2032-11-27
PAY0956,Alex Anderson,,644.88,USD,2032-11-28
PAY0467,Jordan Anderson,SAL0739,176.76,EUR,2032-11-29
PAY0016,Alex Wilson,SAL0942,1321.2,EUR,2032-11-30
PAY0991,Jamie Taylor,SAL0386,506.37,EUR,2032-12-01
PAY0400,Riley Moore,SAL0812,77.15,EUR,2032-12-02
PAY0201,Avery Jackson,SAL0230,1229.83,USD,2032-12-03
PAY0052,Taylor Johnson,SAL0146,1049.67,EUR,2032-12-04
PAY0531,Taylor Taylor,SAL0208,299.05,USD,2032-12-05
PAY0891,Avery Brown,,127.06,EUR,2032-12-06
PAY0415,Avery Thomas,SAL0375,1746.29,USD,2032-12-07
PAY0003,Jamie Moore,SAL0488,744.39,EUR,2032-12-08
PAY0702,Jamie Johnson,SAL0718,595.02,USD,2032-12-09
PAY0333,Avery Taylor,SAL0660,1394.46,EUR,2032-12-10
PAY0195,Avery Davis,SAL0245,577.91,USD,2032-12-11
PAY0432,Quinn Moore,SAL0291,166.02,EUR,2032-12-12
PAY0442,Taylor Johnson,SAL0359,1911.77,USD,2032-12-13
PAY0522,Riley Johnson,SAL0892,1906.63,USD,2032-12-14
PAY0783,Jordan Anderson,SAL0763,975.61,EUR,2032-12-15
PAY0242,Robin Anderson,SAL0583,449.14,USD,2032-12-16
PAY0964,Jamie Smith,SAL0639,632.17,USD,2032-12-17
PAY0790,Avery Jackson,SAL0259,1673.14,USD,2032-12-18
PAY0925,Taylor Johnson,SAL0187,1090.46,USD,2032-12-19
PAY0677,Jamie Davis,SAL0243,1075.39,USD,2032-12-20
PAY0022,Avery Wilson,SAL0749,976.04,USD,2032-12-21
PAY0842,Alex Johnson,SAL0557,1322.96,USD,2032-12-22
PAY0569,Jamie Moore,SAL0996,118.54,EUR,2032-12-23
PAY0994,Alex Jackson,SAL0576,1791.86,EUR,2032-12-24
PAY0871,Morgan Davis,SAL0319,752.76,EUR,2032-12-25
PAY0665,Robin Wilson,SAL0943,69.45,EUR,2032-12-26
PAY0773,Taylor Johnson,,166.87,EUR,2032-12-27
PAY0112,Casey Brown,SAL0495,1605.99,USD,2032-12-28
PAY0091,Jamie Jackson,SAL0318,1249.91,USD,2032-12-29
PAY0336,Jordan Moore,SAL0417,930.37,USD,2032-12-30
PAY0056,Quinn Wilson,,1635.34,USD,2032-12-31
PAY0728,Jordan Smith,SAL0247,197.36,EUR,2033-01-01
PAY0594,Taylor Johnson,SAL0475,98.66,EUR,2033-01-02
PAY0854,Morgan Moore,SAL0234,594.69,EUR,2033-01-03
PAY0683,Robin Anderson,SAL0391,1160.48,USD,2033-01-04
PAY0133,Jordan Taylor,SAL0124,550.83,USD,2033-01-05
PAY0541,Jamie Brown,SAL0513,489.89,EUR,2033-01-06
PAY0591,Alex Johnson,SAL0890,753.06,USD,2033-01-07
PAY0287,Taylor Taylor,,717.53,USD,2033-01-08
PAY0906,Riley Anderson,SAL0020,210.45,USD,2033-01-09
PAY0173,Taylor Brown,SAL0064,1655.42,EUR,2033-01-10
PAY0163,Avery Wilson,SAL0280,94.08,USD,2033-01-11
PAY0210,Riley Moore,,665.82,USD,2033-01-12
PAY0919,Quinn Taylor,SAL0988,203.86,EUR,2033-01-13
PAY0828,Jamie Moore,SAL0558,1136.52,USD,2033-01-14
PAY0269,Robin Johnson,SAL0617,1399.48,EUR,2033-01-15
PAY0167,Robin Thomas,SAL0174,256.25,USD,2033-01-16
PAY0106,Avery Moore,SAL0012,1848.27,USD,2033-01-17
PAY0056,Quinn Wilson,SAL0533,1767.64,EUR,2033-01-18
PAY0830,Taylor Wilson,SAL0469,856.57,EUR,2033-01-19
PAY0739,Quinn Davis,SAL0112,871.54,USD,2033-01-20
PAY0119,Jamie Taylor,SAL0255,68.86,EUR,2033-01-21
PAY0772,Jamie Thomas,SAL0053,1046.79,USD,2033-01-22
PAY0582,Jamie Smith,SAL0551,1954.02,USD,2033-01-23
PAY0515,Robin Thomas,SAL0282,1258.44,USD,2033-01-24
PAY0639,Jordan Johnson,SAL0013,148.19,USD,2033-01-25
PAY0128,Jamie Johnson,SAL0344,299.32,USD,2033-01-26
PAY0021,Morgan Brown,SAL0695,1103.65,EUR,2033-01-27
PAY0318,Quinn Moore,SAL0392,357.55,USD,2033-01-28
PAY0023,Quinn Smith,SAL0638,671.19,EUR,2033-01-29
PAY0406,Morgan Wilson,SAL0584,68.97,USD,2033-01-30
PAY0802,Jamie Brown,SAL0754,1467.36,USD,2033-01-31
PAY0320,Morgan Anderson,SAL0811,691.26,USD,2033-02-01
PAY0093,Riley Thomas,SAL0581,90.21,EUR,2033-02-02
PAY0802,Jamie Brown,SAL0754,1442.92,EUR,2033-02-03
PAY0683,Robin Anderson,SAL0391,1243.76,USD,2033-02-04
PAY0010,Jamie Moore,,1567.38,USD,2033-02-05
PAY0187,Taylor Thomas,SAL0833,1606.73,USD,2033-02-06
PAY0345,Casey Brown,SAL0446,1157.05,USD,2033-02-07
PAY0098,Morgan Smith,SAL0453,1014.22,EUR,2033-02-08
PAY0403,Jamie Wilson,SAL0932,1087.27,EUR,2033-02-09
PAY0750,Taylor Jackson,SAL0045,807.0,EUR,2033-02-10
PAY0972,Riley Smith,SAL0426,1716.41,EUR,2033-02-11
PAY0293,Alex Thomas,SAL0077,527.64,USD,2033-02-12
PAY0918,Jordan Taylor,SAL0532,1690.26,EUR,2033-02-13
PAY0761,Robin Wilson,SAL0443,281.54,USD,2033-02-14
PAY0674,Morgan Moore,SAL0027,919.05,USD,2033-02-15
PAY0039,Quinn Brown,SAL0915,230.31,EUR,2033-02-16
PAY0160,Robin Brown,SAL0058,325.97,EUR,2033-02-17
PAY0317,Robin Brown,SAL0851,1290.05,USD,2033-02-18
PAY0298,Quinn Jackson,,1537.15,EUR,2033-02-19
PAY0749,Jordan Brown,SAL0494,677.22,EUR,2033-02-20
PAY0183,Riley Davis,SAL0534,1733.3,EUR,2033-02-21
PAY0423,Casey Davis,SAL0343,236.21,USD,2033-02-22
PAY0254,Quinn Taylor,SAL0659,81.26,USD,2033-02-23
PAY0303,Morgan Jackson,SAL0885,228.62,USD,2033-02-24
PAY0735,Jordan Smith,SAL0240,1051.01,EUR,2033-02-25
PAY0832,Jordan Brown,SAL0643,1786.83,USD,2033-02-26
PAY0335,Riley Taylor,SAL0083,1780.12,EUR,2033-02-27
PAY0146,Alex Moore,SAL0164,315.09,USD,2033-02-28
PAY0561,Jamie Johnson,SAL0095,1943.33,EUR,2033-03-01
PAY0637,Avery Anderson,SAL0688,1991.7,USD,2033-03-02
PAY0195,Avery Davis,SAL0245,1258.52,USD,2033-03-03
PAY0068,Riley Taylor,SAL0381,1120.46,EUR,2033-03-04
PAY0916,Riley Wilson,,1583.29,EUR,2033-03-05
PAY0622,Robin Jackson,SAL0036,1347.84,EUR,2033-03-06
PAY0093,Riley Thomas,SAL0581,956.06,USD,2033-03-07
PAY0899,Avery Davis,SAL0852,846.38,USD,2033-03-08
PAY0271,Riley Davis,,1068.62,EUR,2033-03-09
PAY0857,Robin Wilson,SAL0785,1764.01,USD,2033-03-10
PAY0715,Riley Wilson,SAL0377,1483.27,EUR,2033-03-11
PAY0198,Riley Anderson,,107.26,EUR,2033-03-12
PAY0525,Jordan Davis,SAL0288,72.48,EUR,2033-03-13
PAY0186,Avery Thomas,SAL0720,1913.65,EUR,2033-03-14
PAY0180,Riley Taylor,SAL0189,1942.76,EUR,2033-03-15
PAY0866,Jordan Smith,SAL0206,866.98,USD,2033-03-16
PAY0027,Jordan Davis,SAL0636,1659.17,USD,2033-03-17
PAY0568,Quinn Johnson,SAL0849,511.37,EUR,2033-03-18
PAY0120,Jamie Wilson,,1270.55,USD,2033-03-19
PAY0746,Riley Thomas,SAL0737,1698.42,EUR,2033-03-20
PAY0832,Jordan Brown,SAL0643,872.62,EUR,2033-03-21
PAY0948,Morgan Wilson,SAL0858,368.2,EUR,2033-03-22
PAY0130,Alex Brown,SAL0552,296.12,EUR,2033-03-23
PAY0641,Casey Brown,SAL0826,933.47,USD,2033-03-24
PAY0631,Riley Thomas,SAL0325,1628.02,EUR,2033-03-25
PAY0674,Morgan Moore,,347.65,USD,2033-03-26
PAY0088,Avery Jackson,SAL0310,1856.87,EUR,2033-03-27
PAY0203,Jamie Anderson,SAL0567,1114.27,EUR,2033-03-28
PAY0342,Alex Thomas,,960.81,USD,2033-03-29
PAY0097,Robin Jackson,SAL0203,1296.27,EUR,2033-03-30
PAY0411,Alex Smith,SAL0657,1868.67,EUR,2033-03-31
PAY0104,Robin Jackson,SAL0382,1948.43,USD,2033-04-01
PAY0177,Taylor Wilson,SAL0917,458.48,USD,2033-04-02
PAY0979,Alex Wilson,SAL0289,1490.9,EUR,2033-04-03
PAY0444,Casey Wilson,,219.42,EUR,2033-04-04
PAY0563,Taylor Moore,SAL0213,1514.86,USD,2033-04-05
PAY0881,Jordan Taylor,SAL0913,385.53,EUR,2033-04-06
PAY0121,Alex Moore,SAL0345,601.96,USD,2033-04-07
PAY0858,Riley Davis,SAL0780,1435.0,EUR,2033-04-08
PAY0977,Alex Jackson,SAL0371,206.6,USD,2033-04-09
PAY0443,Robin Smith,SAL0053,1353.95,USD,2033-04-10
PAY0256,Avery Smith,SAL0876,1194.18,EUR,2033-04-11
PAY0605,Morgan Anderson,SAL0909,398.6,USD,2033-04-12
PAY0073,Alex Smith,SAL0941,1612.67,USD,2033-04-13
PAY0072,Taylor Brown,SAL0314,1739.03,USD,2033-04-14
PAY0849,Avery Thomas,SAL0486,246.48,USD,2033-04-15
PAY0361,Riley Anderson,SAL0468,1762.42,EUR,2033-04-16
PAY0021,Morgan Brown,SAL0695,210.41,USD,2033-04-17
PAY0960,Jordan Anderson,SAL0554,1431.05,USD,2033-04-18
PAY0364,Robin Taylor,SAL0416,1079.39,USD,2033-04-19
PAY0391,Taylor Davis,SAL0179,327.44,EUR,2033-04-20
PAY0956,Alex Anderson,SAL0166,368.15,USD,2033-04-21
PAY0977,Alex Jackson,SAL0371,1664.74,USD,2033-04-22
PAY0875,Morgan Moore,SAL0623,1879.8,USD,2033-04-23
PAY0633,Riley Davis,SAL0621,277.71,USD,2033-04-24
PAY0300,Quinn Moore,SAL0421,242.86,EUR,2033-04-25
PAY0752,Morgan Davis,SAL0473,138.9,USD,2033-04-26
PAY0728,Jordan Smith,SAL0247,1858.26,EUR,2033-04-27
PAY0085,Jordan Wilson,SAL0156,1981.72,EUR,2033-04-28
PAY0427,Robin Smith,SAL0653,1698.53,EUR,2033-04-29
PAY0574,Casey Wilson,SAL0111,761.08,USD,2033-04-30
PAY0390,Jordan Davis,SAL0022,1918.5,EUR,2033-05-01
PAY0324,Avery Wilson,SAL0036,1427.03,USD,2033-05-02
PAY0783,Jordan Anderson,SAL0763,1080.54,EUR,2033-05-03
PAY0337,Taylor Brown,SAL0573,318.32,EUR,2033-05-04
PAY0090,Taylor Thomas,,492.06,USD,2033-05-05
PAY0899,Avery Davis,,103.61,USD,2033-05-06
PAY0597,Jamie Smith,SAL0972,1677.84,USD,2033-05-07
PAY0232,Robin Wilson,SAL0190,1764.27,EUR,2033-05-08
PAY0144,Casey Wilson,SAL0928,285.2,USD,2033-05-09
PAY0824,Casey Smith,SAL0954,922.45,EUR,2033-05-10
PAY0804,Casey Wilson,SAL0959,1810.73,USD,2033-05-11
PAY0506,Casey Wilson,SAL0724,1363.79,EUR,2033-05-12
PAY0437,Alex Taylor,SAL0442,1942.05,USD,2033-05-13
PAY0420,Morgan Smith,SAL0571,1354.8,EUR,2033-05-14
PAY0477,Jamie Wilson,SAL0719,1758.86,USD,2033-05-15
PAY0994,Alex Jackson,SAL0357,1190.91,EUR,2033-05-16
PAY0825,Alex Jackson,SAL0541,737.2,EUR,2033-05-17
PAY0380,Jordan Thomas,SAL0748,88.85,EUR,2033-05-18
PAY0549,Jordan Taylor,SAL0450,902.01,USD,2033-05-19
PAY0546,Robin Anderson,SAL0588,1509.71,USD,2033-05-20
PAY0116,Avery Johnson,SAL0333,275.11,EUR,2033-05-21
PAY0293,Alex Thomas,SAL0077,191.76,EUR,2033-05-22
PAY0890,Robin Smith,SAL0685,759.76,EUR,2033-05-23
PAY0047,Jamie Taylor,SAL0537,1704.64,USD,2033-05-24
PAY0141,Quinn Taylor,,317.06,EUR,2033-05-25
PAY0772,Jamie Thomas,SAL0674,69.93,USD,2033-05-26
PAY0898,Riley Jackson,SAL0628,1628.5,USD,2033-05-27
PAY0180,Riley Taylor,SAL0189,337.35,EUR,2033-05-28
PAY0312,Riley Johnson,SAL0422,1453.41,EUR,2033-05-29
PAY0821,Morgan Brown,SAL0853,1598.67,USD,2033-05-30
PAY0415,Avery Thomas,SAL0375,693.49,EUR,2033-05-31
PAY0952,Jamie Thomas,,685.41,USD,2033-06-01
PAY0108,Riley Smith,SAL0285,1022.4,EUR,2033-06-02
PAY0159,Riley Brown,SAL0616,1035.85,EUR,2033-06-03
PAY0911,Riley Johnson,SAL0700,971.29,EUR,2033-06-04
PAY0738,Alex Smith,SAL0019,1114.72,USD,2033-06-05
PAY0930,Taylor Johnson,SAL0771,1624.0,USD,2033-06-06
PAY0200,Quinn Anderson,SAL0635,1147.44,USD,2033-06-07
PAY0225,Jordan Anderson,SAL0331,783.94,USD,2033-06-08
PAY0564,Riley Taylor,SAL0629,363.51,EUR,2033-06-09
PAY0434,Morgan Jackson,SAL0904,620.8,EUR,2033-06-10
PAY0323,Avery Jackson,SAL0923,952.02,USD,2033-06-11
PAY0863,Quinn Jackson,SAL0949,248.4,EUR,2033-06-12
PAY0006,Avery Moore,,288.88,EUR,2033-06-13
PAY0887,Taylor Anderson,,1086.54,USD,2033-06-14
PAY0093,Riley Thomas,SAL0581,472.2,EUR,2033-06-15
PAY0325,Morgan Johnson,SAL0526,81.09,USD,2033-06-16
PAY0612,Casey Thomas,,192.15,EUR,2033-06-17
PAY0439,Taylor Taylor,SAL0816,945.09,USD,2033-06-18
PAY0223,Morgan Davis,SAL0489,386.88,EUR,2033-06-19
PAY0098,Morgan Smith,SAL0453,1079.75,USD,2033-06-20
PAY0792,Taylor Jackson,,1056.58,EUR,2033-06-21
PAY0371,Jamie Brown,SAL0155,885.79,USD,2033-06-22
PAY0740,Riley Anderson,SAL0901,785.63,USD,2033-06-23
PAY0191,Robin Brown,SAL0884,1677.93,USD,2033-06-24
PAY0452,Riley Moore,SAL0351,1119.56,EUR,2033-06-25
PAY0736,Quinn Anderson,SAL0931,748.36,USD,2033-06-26
PAY0473,Quinn Wilson,SAL0072,1457.97,EUR,2033-06-27
PAY0926,Robin Jackson,SAL0511,1360.05,USD,2033-06-28
PAY0603,Casey Anderson,SAL0274,1875.45,EUR,2033-06-29
PAY0916,Riley Wilson,,162.19,EUR,2033-06-30
PAY0072,Taylor Brown,SAL0314,61.75,USD,2033-07-01
PAY0462,Riley Thomas,SAL0878,332.34,USD,2033-07-02
PAY0438,Morgan Brown,SAL0768,1916.14,EUR,2033-07-03
PAY0262,Alex Brown,SAL0149,1905.51,USD,2033-07-04
PAY0500,Morgan Anderson,SAL0968,1488.84,EUR,2033-07-05
PAY0503,Robin Johnson,SAL0127,1025.37,EUR,2033-07-06
PAY0637,Avery Anderson,SAL0688,546.65,EUR,2033-07-07
PAY0170,Jordan Smith,,1732.18,USD,2033-07-08
PAY0072,Taylor Brown,SAL0314,336.97,USD,2033-07-09
PAY0032,Riley Johnson,SAL0708,1682.72,EUR,2033-07-10
PAY0097,Robin Jackson,SAL0203,1427.02,USD,2033-07-11
PAY0045,Avery Brown,SAL0821,251.41,USD,2033-07-12
PAY0470,Casey Anderson,SAL0995,1779.66,EUR,2033-07-13
PAY0068,Riley Taylor,SAL0381,874.72,USD,2033-07-14
PAY0163,Avery Wilson,SAL0280,1771.93,EUR,2033-07-15
PAY0592,Morgan Brown,SAL0937,1127.35,USD,2033-07-16
PAY0340,Avery Davis,SAL0209,251.95,EUR,2033-07-17
PAY0486,Taylor Taylor,SAL0619,1189.8,USD,2033-07-18
PAY0034,Riley Jackson,SAL0514,855.76,USD,2033-07-19
PAY0591,Alex Johnson,SAL0890,1373.29,EUR,2033-07-20
PAY0093,Riley Thomas,SAL0581,873.49,USD,2033-07-21
PAY0571,Quinn Anderson,SAL0058,1772.9,USD,2033-07-22
PAY0366,Morgan Brown,SAL0569,1851.51,EUR,2033-07-23
PAY0069,Jamie Moore,SAL0093,717.75,USD,2033-07-24
PAY0092,Jamie Anderson,SAL0597,436.65,USD,2033-07-25
PAY0205,Robin Thomas,SAL0223,544.92,EUR,2033-07-26
PAY0629,Quinn Thomas,,270.61,EUR,2033-07-27
PAY0551,Morgan Moore,SAL0645,915.02,USD,2033-07-28
PAY0246,Riley Moore,,483.47,USD,2033-07-29
PAY0430,Avery Anderson,SAL0250,168.69,EUR,2033-07-30
PAY0602,Robin Brown,SAL0824,1973.95,EUR,2033-07-31
PAY0175,Quinn Thomas,,1489.41,USD,2033-08-01
PAY0329,Quinn Jackson,SAL0725,1983.05,EUR,2033-08-02
PAY0195,Avery Davis,SAL0245,1794.87,USD,2033-08-03
PAY0326,Jamie Wilson,SAL0301,1321.82,EUR,2033-08-04
PAY0849,Avery Thomas,SAL0190,887.01,USD,2033-08-05
PAY0053,Riley Wilson,SAL0420,932.5,EUR,2033-08-06
PAY0415,Avery Thomas,SAL0375,374.1,EUR,2033-08-07
PAY0613,Jamie Johnson,SAL0242,1004.04,EUR,2033-08-08
PAY0713,Jamie Smith,,1036.05,EUR,2033-08-09
PAY0526,Riley Jackson,,1508.96,EUR,2033-08-10
PAY0948,Morgan Wilson,SAL0858,136.96,USD,2033-08-11
PAY0700,Casey Thomas,SAL0137,1921.67,USD,2033-08-12
PAY0767,Avery Smith,SAL0140,1554.71,EUR,2033-08-13
PAY0024,Avery Taylor,SAL0598,1637.0,USD,2033-08-14
PAY0544,Casey Johnson,SAL0985,1832.05,USD,2033-08-15
PAY0326,Jamie Wilson,SAL0301,1916.38,USD,2033-08-16
PAY0937,Morgan Brown,SAL0980,377.16,EUR,2033-08-17
PAY0723,Jordan Anderson,SAL0925,779.77,EUR,2033-08-18
PAY0558,Casey Johnson,SAL0237,1255.47,USD,2033-08-19
PAY0267,Robin Taylor,SAL0938,1602.62,USD,2033-08-20
PAY0822,Alex Jackson,SAL0213,1033.37,EUR,2033-08-21
PAY0745,Alex Brown,SAL0466,427.6,USD,2033-08-22
PAY0763,Taylor Wilson,SAL0640,1707.11,EUR,2033-08-23
PAY0899,Avery Davis,SAL0852,307.91,USD,2033-08-24
PAY0834,Morgan Wilson,SAL0723,1099.81,USD,2033-08-25
PAY0172,Quinn Smith,SAL0390,576.93,USD,2033-08-26
PAY0395,Quinn Smith,SAL0025,1571.15,EUR,2033-08-27
PAY0219,Casey Thomas,SAL0832,1248.84,USD,2033-08-28
PAY0557,Jordan Brown,SAL0427,1018.01,USD,2033-08-29
PAY0640,Casey Taylor,SAL0900,1196.6,EUR,2033-08-30
PAY0345,Casey Brown,SAL0446,405.39,EUR,2033-08-31
PAY0283,Taylor Davis,SAL0578,1808.29,EUR,2033-09-01
PAY0073,Alex Smith,SAL0941,308.26,EUR,2033-09-02
PAY0835,Jordan Thomas,SAL0063,244.76,EUR,2033-09-03
PAY0885,Robin Smith,SAL0828,1891.1,EUR,2033-09-04
PAY0643,Casey Johnson,SAL0232,1713.44,EUR,2033-09-05
PAY0935,Morgan Thomas,SAL0927,1816.13,USD,2033-09-06
PAY0905,Riley Thomas,,924.71,USD,2033-09-07
PAY0787,Quinn Brown,SAL0332,358.76,EUR,2033-09-08
PAY0936,Riley Anderson,,169.11,USD,2033-09-09
PAY0004,Morgan Anderson,SAL0519,1397.61,EUR,2033-09-10
PAY0864,Casey Smith,SAL0117,578.27,USD,2033-09-11
PAY0459,Quinn Jackson,SAL0504,634.05,USD,2033-09-12
PAY0123,Morgan Johnson,SAL0596,1838.78,EUR,2033-09-13
PAY0363,Taylor Wilson,SAL0874,1230.66,USD,2033-09-14
PAY0939,Taylor Anderson,SAL0912,1726.94,USD,2033-09-15
PAY0531,Taylor Taylor,SAL0208,510.72,EUR,2033-09-16
PAY0259,Riley Wilson,SAL0578,1415.8,USD,2033-09-17
PAY0705,Jamie Wilson,SAL0779,1939.8,EUR,2033-09-18
PAY0692,Riley Moore,SAL0202,130.82,EUR,2033-09-19
PAY0273,Morgan Moore,SAL0733,1925.2,USD,2033-09-20
PAY0433,Taylor Thomas,SAL0393,1973.05,EUR,2033-09-21
PAY0529,Morgan Smith,SAL0482,1254.15,USD,2033-09-22
PAY0836,Avery Moore,SAL0197,1108.66,EUR,2033-09-23
PAY0707,Morgan Brown,SAL0186,1772.67,EUR,2033-09-24
PAY0587,Morgan Johnson,SAL0679,1078.22,USD,2033-09-25
PAY0153,Avery Brown,SAL0753,1946.69,EUR,2033-09-26
PAY0524,Casey Wilson,,981.76,EUR,2033-09-27
PAY0580,Taylor Johnson,,1040.43,EUR,2033-09-28
PAY0807,Jordan Taylor,,1568.89,EUR,2033-09-29
PAY0645,Casey Johnson,SAL0783,1571.27,EUR,2033-09-30
PAY0881,Jordan Taylor,SAL0913,1191.92,USD,2033-10-01
PAY0205,Robin Thomas,SAL0223,1745.67,USD,2033-10-02
PAY0205,Robin Thomas,SAL0223,737.7,EUR,2033-10-03
PAY0749,Jordan Brown,SAL0494,385.6,EUR,2033-10-04
PAY0924,Taylor Smith,SAL0050,401.55,USD,2033-10-05
PAY0841,Casey Smith,,366.92,EUR,2033-10-06
PAY0071,Robin Smith,SAL0919,391.26,USD,2033-10-07
PAY0143,Jordan Jackson,SAL0789,1327.49,EUR,2033-10-08
PAY0395,Quinn Smith,SAL0025,127.53,EUR,2033-10-09
PAY0603,Casey Anderson,SAL0245,1670.54,EUR,2033-10-10
PAY0917,Morgan Moore,SAL0911,1182.39,EUR,2033-10-11
PAY0314,Morgan Anderson,SAL0921,1680.11,USD,2033-10-12
PAY0668,Alex Wilson,SAL0116,196.0,USD,2033-10-13
PAY0961,Casey Taylor,SAL0798,1537.88,USD,2033-10-14
PAY0105,Jamie Moore,SAL0404,954.18,USD,2033-10-15
PAY0677,Jamie Davis,SAL0243,1711.75,USD,2033-10-16
PAY0523,Morgan Johnson,SAL0752,1081.31,EUR,2033-10-17
PAY0910,Quinn Davis,SAL0521,829.95,EUR,2033-10-18
PAY0226,Casey Brown,SAL0014,865.07,USD,2033-10-19
PAY0566,Taylor Johnson,SAL0550,303.11,EUR,2033-10-20
PAY0821,Morgan Brown,SAL0853,1881.82,USD,2033-10-21
PAY0971,Casey Johnson,SAL0509,952.91,USD,2033-10-22
PAY0699,Morgan Anderson,SAL0447,1661.02,USD,2033-10-23
PAY0683,Robin Anderson,SAL0391,450.89,USD,2033-10-24
PAY0975,Riley Jackson,,1303.68,EUR,2033-10-25
PAY0810,Jamie Wilson,SAL0655,898.78,USD,2033-10-26
PAY0442,Taylor Johnson,SAL0359,808.72,EUR,2033-10-27
PAY0042,Riley Brown,SAL0056,1835.02,USD,2033-10-28
PAY0484,Alex Jackson,SAL0838,1334.06,EUR,2033-10-29
PAY0364,Robin Taylor,SAL0416,869.44,USD,2033-10-30
PAY0812,Casey Wilson,,1590.58,EUR,2033-10-31
PAY0402,Taylor Jackson,SAL0342,591.01,EUR,2033-11-01
PAY0718,Jordan Jackson,SAL0609,1723.78,USD,2033-11-02
PAY0058,Casey Jackson,SAL0994,1996.11,EUR,2033-11-03
PAY0317,Robin Brown,SAL0851,386.25,USD,2033-11-04
PAY0622,Robin Jackson,SAL0485,1142.71,EUR,2033-11-05
PAY0251,Jamie Moore,SAL0374,1548.74,USD,2033-11-06
PAY0185,Morgan Johnson,,1572.76,USD,2033-11-07
PAY0544,Casey Johnson,SAL0985,548.28,USD,2033-11-08
PAY0323,Avery Jackson,SAL0923,1095.33,USD,2033-11-09
PAY0526,Riley Jackson,,1140.85,USD,2033-11-10
PAY0264,Quinn Davis,SAL0844,435.83,EUR,2033-11-11
PAY0343,Alex Johnson,SAL0721,1323.03,USD,2033-11-12
PAY0335,Riley Taylor,SAL0083,1755.07,EUR,2033-11-13
PAY0764,Casey Davis,SAL0684,228.17,EUR,2033-11-14
PAY0777,Robin Wilson,SAL0974,81.21,USD,2033-11-15
PAY0314,Morgan Anderson,SAL0921,1090.58,EUR,2033-11-16
PAY0989,Morgan Smith,SAL0651,1003.02,EUR,2033-11-17
PAY0735,Jordan Smith,SAL0240,938.44,EUR,2033-11-18
PAY0730,Quinn Taylor,SAL0235,822.55,EUR,2033-11-19
PAY0286,Jordan Davis,SAL0846,1321.06,EUR,2033-11-20
PAY0926,Robin Jackson,SAL0511,857.48,EUR,2033-11-21
PAY0906,Riley Anderson,SAL0020,505.99,USD,2033-11-22
PAY0024,Avery Taylor,SAL0598,1403.31,EUR,2033-11-23
PAY0054,Morgan Jackson,SAL0015,1163.94,USD,2033-11-24
PAY0457,Alex Brown,SAL0576,1406.77,USD,2033-11-25
PAY0328,Riley Moore,SAL0769,702.32,EUR,2033-11-26
PAY0258,Jordan Smith,SAL0095,89.85,USD,2033-11-27
PAY0838,Casey Davis,SAL0352,708.05,USD,2033-11-28
PAY0395,Quinn Smith,,570.67,EUR,2033-11-29
PAY0509,Robin Thomas,SAL0500,102.75,EUR,2033-11-30
PAY0509,Robin Thomas,SAL0500,93.39,EUR,2033-12-01
PAY0028,Jordan Smith,SAL0115,1869.38,USD,2033-12-02
PAY0023,Quinn Smith,SAL0638,1781.31,EUR,2033-12-03
PAY0604,Morgan Davis,SAL0530,1563.4,USD,2033-12-04
PAY0627,Morgan Taylor,SAL0185,1311.73,EUR,2033-12-05
PAY0507,Avery Taylor,SAL0033,692.51,USD,2033-12-06
PAY0544,Casey Johnson,SAL0985,858.68,EUR,2033-12-07
PAY0546,Robin Anderson,SAL0588,1054.32,EUR,2033-12-08
PAY0173,Taylor Brown,,1695.48,EUR,2033-12-09
PAY0561,Jamie Johnson,SAL0181,640.23,USD,2033-12-10
PAY0842,Alex Johnson,SAL0557,938.05,EUR,2033-12-11
PAY0516,Riley Johnson,,1541.74,USD,2033-12-12
PAY0422,Morgan Jackson,SAL0263,1460.41,USD,2033-12-13
PAY0355,Casey Jackson,SAL0290,1685.92,USD,2033-12-14
PAY0141,Quinn Taylor,,1865.32,USD,2033-12-15
PAY0106,Avery Moore,SAL0012,395.76,USD,2033-12-16
PAY0918,Jordan Taylor,SAL0532,1096.19,USD,2033-12-17
PAY0148,Robin Brown,SAL0735,866.43,EUR,2033-12-18
PAY0323,Avery Jackson,SAL0923,1618.35,EUR,2033-12-19
PAY0354,Casey Taylor,SAL0100,1848.01,EUR,2033-12-20
PAY0381,Avery Davis,SAL0264,561.71,EUR,2033-12-21
PAY0773,Taylor Johnson,SAL0163,452.18,USD,2033-12-22
PAY0739,Quinn Davis,SAL0112,1553.61,EUR,2033-12-23
PAY0219,Casey Thomas,SAL0832,1400.04,USD,2033-12-24
PAY0381,Avery Davis,SAL0264,1957.87,EUR,2033-12-25
PAY0080,Riley Davis,SAL0089,400.28,EUR,2033-12-26
PAY0064,Alex Wilson,SAL0497,53.88,EUR,2033-12-27
PAY0755,Jamie Davis,,1919.25,EUR,2033-12-28
PAY0795,Quinn Brown,SAL0933,1562.76,USD,2033-12-29
PAY0538,Quinn Smith,SAL0862,1576.48,USD,2033-12-30
PAY0676,Alex Johnson,,857.86,USD,2033-12-31
PAY0255,Jamie Anderson,SAL0825,1299.74,USD,2034-01-01
PAY0118,Avery Anderson,SAL0221,1308.14,USD,2034-01-02
PAY0461,Riley Johnson,SAL0296,542.57,USD,2034-01-03
PAY0775,Casey Jackson,SAL0029,231.65,USD,2034-01-04
PAY0144,Casey Wilson,SAL0928,140.44,EUR,2034-01-05
PAY0981,Casey Johnson,SAL0807,853.92,EUR,2034-01-06
PAY0283,Taylor Davis,SAL0578,110.62,USD,2034-01-07
PAY0133,Jordan Taylor,SAL0124,360.7,USD,2034-01-08
PAY0577,Riley Thomas,SAL0062,858.51,USD,2034-01-09
PAY0375,Casey Davis,SAL0572,633.34,EUR,2034-01-10
PAY0413,Avery Smith,SAL0165,1708.78,EUR,2034-01-11
PAY0528,Casey Brown,SAL0680,1179.93,EUR,2034-01-12
PAY0751,Quinn Jackson,SAL0548,1311.35,EUR,2034-01-13
PAY0246,Riley Moore,SAL0975,54.26,USD,2034-01-14
PAY0656,Taylor Jackson,SAL0047,264.85,EUR,2034-01-15
PAY0506,Casey Wilson,,1137.07,USD,2034-01-16
PAY0162,Robin Thomas,SAL0292,284.09,USD,2034-01-17
PAY0401,Casey Wilson,,871.49,EUR,2034-01-18
PAY0600,Jordan Johnson,SAL0895,1615.98,EUR,2034-01-19
PAY0779,Avery Moore,SAL0238,543.51,EUR,2034-01-20
PAY0129,Robin Wilson,SAL0151,71.36,EUR,2034-01-21
PAY0688,Quinn Johnson,SAL0889,631.6,EUR,2034-01-22
PAY0797,Jamie Moore,SAL0875,1191.86,USD,2034-01-23
PAY0319,Riley Anderson,SAL0822,534.86,USD,2034-01-24
PAY0897,Riley Johnson,SAL0121,930.13,USD,2034-01-25
PAY0367,Robin Anderson,SAL0803,1534.04,USD,2034-01-26
PAY0271,Riley Davis,SAL0902,782.09,USD,2034-01-27
PAY0328,Riley Moore,SAL0769,131.96,EUR,2034-01-28
PAY0114,Robin Anderson,,1027.4,USD,2034-01-29
PAY0142,Casey Brown,SAL0690,766.07,EUR,2034-01-30
PAY0250,Casey Thomas,SAL0689,830.21,EUR,2034-01-31
PAY0865,Quinn Moore,SAL0908,336.4,EUR,2034-02-01
PAY0901,Casey Johnson,SAL0686,1996.25,USD,2034-02-02
PAY0816,Morgan Moore,SAL0349,1438.99,EUR,2034-02-03
PAY0550,Avery Brown,SAL0559,297.99,EUR,2034-02-04
PAY0630,Alex Taylor,SAL0167,954.01,EUR,2034-02-05
PAY0344,Robin Wilson,SAL0910,777.02,EUR,2034-02-06
PAY0429,Jordan Jackson,SAL0586,1827.17,USD,2034-02-07
PAY0681,Quinn Johnson,SAL0702,550.32,EUR,2034-02-08
PAY0454,Morgan Thomas,SAL0955,1258.77,USD,2034-02-09
PAY0485,Morgan Moore,SAL0799,1934.67,EUR,2034-02-10
PAY0036,Avery Brown,SAL0542,1240.03,USD,2034-02-11
PAY0777,Robin Wilson,SAL0974,1592.69,USD,2034-02-12
PAY0587,Morgan Johnson,SAL0679,981.05,EUR,2034-02-13
PAY0941,Jordan Moore,SAL0973,1016.09,USD,2034-02-14
PAY0975,Riley Jackson,SAL0810,637.16,USD,2034-02-15
PAY0581,Taylor Thomas,SAL0549,1070.35,EUR,2034-02-16
PAY0535,Quinn Thomas,SAL0133,688.37,USD,2034-02-17
PAY0685,Riley Thomas,SAL0744,351.78,USD,2034-02-18
PAY0295,Jamie Jackson,SAL0244,1798.77,EUR,2034-02-19
PAY0285,Robin Johnson,SAL0692,1411.87,EUR,2034-02-20
PAY0436,Jamie Taylor,SAL0693,1506.64,USD,2034-02-21
PAY0834,Morgan Wilson,SAL0723,1321.52,USD,2034-02-22
PAY0376,Robin Thomas,SAL0772,1874.78,USD,2034-02-23
PAY0638,Casey Johnson,SAL0143,448.04,EUR,2034-02-24
PAY0286,Jordan Davis,SAL0846,1109.95,USD,2034-02-25
PAY0056,Quinn Wilson,SAL0533,897.82,EUR,2034-02-26
PAY0614,Casey Taylor,SAL0556,361.55,USD,2034-02-27
PAY0930,Taylor Johnson,SAL0771,1261.12,USD,2034-02-28
PAY0553,Robin Taylor,SAL0360,706.83,USD,2034-03-01
PAY0899,Avery Davis,SAL0852,884.81,USD,2034-03-02
PAY0127,Alex Jackson,SAL0563,1816.2,EUR,2034-03-03
PAY0340,Avery Davis,SAL0209,1954.69,USD,2034-03-04
PAY0019,Jamie Davis,,1091.2,USD,2034-03-05
PAY0650,Alex Johnson,SAL0170,529.71,USD,2034-03-06
PAY0919,Quinn Taylor,SAL0988,245.98,EUR,2034-03-07
PAY0181,Taylor Wilson,SAL0302,1527.51,EUR,2034-03-08
PAY0666,Jordan Taylor,SAL0986,533.42,EUR,2034-03-09
PAY0941,Jordan Moore,SAL0973,368.57,USD,2034-03-10
PAY0934,Casey Thomas,SAL0525,990.22,EUR,2034-03-11
PAY0095,Jordan Smith,SAL0160,151.07,EUR,2034-03-12
PAY0948,Morgan Wilson,SAL0858,192.89,EUR,2034-03-13
PAY0710,Avery Jackson,SAL0425,1527.26,USD,2034-03-14
PAY0842,Alex Johnson,SAL0557,700.38,USD,2034-03-15
PAY0876,Quinn Thomas,SAL0926,427.08,EUR,2034-03-16
PAY0991,Jamie Taylor,SAL0386,408.5,EUR,2034-03-17
PAY0539,Jamie Wilson,SAL0647,1700.93,EUR,2034-03-18
PAY0178,Jamie Thomas,SAL0898,578.32,EUR,2034-03-19
PAY0654,Robin Thomas,SAL0658,1092.36,USD,2034-03-20
PAY0549,Jordan Taylor,SAL0450,1849.86,USD,2034-03-21
PAY0482,Jordan Johnson,SAL0267,676.64,USD,2034-03-22
PAY0838,Casey Davis,SAL0352,1956.04,EUR,2034-03-23
PAY0460,Jordan Davis,SAL0767,1923.98,USD,2034-03-24
PAY0356,Casey Davis,SAL0536,202.99,EUR,2034-03-25
PAY1000,Avery Davis,SAL0075,1229.79,USD,2034-03-26
PAY0412,Morgan Johnson,SAL0419,52.84,EUR,2034-03-27
PAY0043,Jamie Davis,SAL0471,1486.38,USD,2034-03-28
PAY0430,Avery Anderson,SAL0250,578.93,EUR,2034-03-29
PAY0002,Casey Smith,SAL0438,1349.49,EUR,2034-03-30
PAY0398,Alex Anderson,SAL0141,971.95,USD,2034-03-31
PAY0944,Jordan Thomas,SAL0135,1789.91,USD,2034-04-01
PAY0449,Casey Thomas,SAL0918,657.93,EUR,2034-04-02
PAY0094,Taylor Johnson,SAL0989,1850.08,USD,2034-04-03
PAY0772,Jamie Thomas,SAL0674,1377.9,EUR,2034-04-04
PAY0497,Alex Anderson,SAL0802,1882.55,USD,2034-04-05
PAY0155,Quinn Smith,SAL0145,1650.5,EUR,2034-04-06
PAY0642,Quinn Johnson,SAL0582,1945.6,USD,2034-04-07
PAY0056,Quinn Wilson,SAL0533,74.27,EUR,2034-04-08
PAY0726,Quinn Anderson,SAL0125,708.99,EUR,2034-04-09
PAY0706,Morgan Wilson,SAL0872,1220.61,USD,2034-04-10
PAY0254,Quinn Taylor,SAL0659,864.17,USD,2034-04-11
PAY0660,Riley Johnson,SAL0809,1971.63,EUR,2034-04-12
PAY0081,Morgan Thomas,SAL0460,1820.37,USD,2034-04-13
PAY0374,Jordan Smith,SAL0683,133.01,EUR,2034-04-14
PAY0232,Robin Wilson,SAL0190,377.97,USD,2034-04-15
PAY0306,Jamie Davis,SAL0934,1104.66,EUR,2034-04-16
PAY0306,Jamie Davis,SAL0934,439.4,USD,2034-04-17
PAY0855,Alex Moore,SAL0130,237.68,EUR,2034-04-18
PAY0505,Riley Brown,SAL0701,718.67,EUR,2034-04-19
PAY0594,Taylor Johnson,SAL0124,267.3,EUR,2034-04-20
PAY0120,Jamie Wilson,SAL0546,1383.3,USD,2034-04-21
PAY0704,Robin Johnson,SAL0444,1221.21,EUR,2034-04-22
PAY0314,Morgan Anderson,SAL0921,1906.35,EUR,2034-04-23
PAY0586,Riley Anderson,SAL0713,1466.5,USD,2034-04-24
PAY0740,Riley Anderson,SAL0901,1373.88,USD,2034-04-25
PAY0869,Alex Davis,SAL0873,915.4,USD,2034-04-26
PAY0653,Morgan Thomas,,1654.6,EUR,2034-04-27
PAY0873,Jordan Thomas,SAL0585,871.39,EUR,2034-04-28
PAY0995,Riley Brown,SAL0365,1751.92,USD,2034-04-29
PAY0419,Quinn Jackson,SAL0587,1173.63,USD,2034-04-30
PAY0736,Quinn Anderson,SAL0561,1510.63,USD,2034-05-01
PAY0066,Morgan Davis,SAL0547,302.99,EUR,2034-05-02
PAY0784,Alex Johnson,,471.36,EUR,2034-05-03
PAY0421,Quinn Davis,SAL0283,1859.85,USD,2034-05-04
PAY0115,Riley Johnson,SAL0641,821.83,EUR,2034-05-05
PAY0750,Taylor Jackson,,302.07,USD,2034-05-06
PAY0947,Casey Anderson,SAL0709,1682.97,USD,2034-05-07
PAY0073,Alex Smith,SAL0941,135.41,USD,2034-05-08
PAY0087,Morgan Jackson,SAL0632,1494.52,USD,2034-05-09
PAY0922,Jamie Taylor,SAL0711,1236.2,EUR,2034-05-10
PAY0497,Alex Anderson,SAL0802,1888.38,EUR,2034-05-11
PAY0608,Alex Moore,SAL0098,765.0,USD,2034-05-12
PAY0709,Avery Johnson,SAL0786,815.23,USD,2034-05-13
PAY0234,Jordan Jackson,SAL0258,133.85,EUR,2034-05-14
PAY0265,Riley Johnson,SAL0736,625.79,EUR,2034-05-15
PAY0048,Taylor Jackson,SAL0010,1201.54,USD,2034-05-16
PAY0300,Quinn Moore,SAL0421,1135.83,EUR,2034-05-17
PAY0744,Taylor Moore,SAL0176,1051.9,USD,2034-05-18
PAY0103,Jamie Wilson,SAL0856,285.51,EUR,2034-05-19
PAY0325,Morgan Johnson,SAL0526,462.15,EUR,2034-05-20
PAY0187,Taylor Thomas,SAL0833,355.96,USD,2034-05-21
PAY0961,Casey Taylor,SAL0798,341.35,EUR,2034-05-22
PAY0768,Jamie Smith,SAL0402,1413.85,EUR,2034-05-23
PAY0417,Riley Davis,SAL0993,1631.18,USD,2034-05-24
PAY0665,Robin Wilson,SAL0943,922.91,EUR,2034-05-25
PAY0148,Robin Brown,SAL0735,1527.65,EUR,2034-05-26
PAY0210,Riley Moore,SAL0599,1609.57,USD,2034-05-27
PAY0035,Taylor Johnson,SAL0328,188.46,USD,2034-05-28
PAY0414,Jamie Davis,SAL0637,499.28,USD,2034-05-29
PAY0742,Alex Davis,SAL0241,875.33,EUR,2034-05-30
PAY0416,Jordan Thomas,SAL0043,778.17,USD,2034-05-31
PAY0585,Jamie Wilson,SAL0323,528.33,EUR,2034-06-01
PAY0790,Avery Jackson,SAL0259,160.4,EUR,2034-06-02
PAY0282,Quinn Jackson,SAL0627,762.47,USD,2034-06-03
PAY0842,Alex Johnson,SAL0557,1880.99,EUR,2034-06-04
PAY0857,Robin Wilson,SAL0785,947.46,USD,2034-06-05
PAY0561,Jamie Johnson,SAL0181,1172.38,EUR,2034-06-06
PAY0109,Avery Wilson,SAL0148,635.67,EUR,2034-06-07
PAY0421,Quinn Davis,SAL0283,807.27,USD,2034-06-08
PAY0870,Casey Wilson,SAL0362,678.42,EUR,2034-06-09
PAY0127,Alex Jackson,SAL0563,947.01,USD,2034-06-10
PAY0581,Taylor Thomas,SAL0549,1555.39,USD,2034-06-11
PAY0233,Jordan Thomas,SAL0273,1702.75,USD,2034-06-12
PAY0406,Morgan Wilson,SAL0584,61.66,USD,2034-06-13
PAY0059,Casey Jackson,SAL0746,1226.77,EUR,2034-06-14
PAY0064,Alex Wilson,SAL0648,1708.1,USD,2034-06-15
PAY0584,Robin Wilson,SAL0295,984.16,USD,2034-06-16
PAY0657,Alex Moore,SAL0859,555.2,USD,2034-06-17
PAY0259,Riley Wilson,SAL0951,518.14,USD,2034-06-18
PAY0239,Casey Johnson,SAL0979,1253.76,USD,2034-06-19
PAY0342,Alex Thomas,SAL0236,1840.97,USD,2034-06-20
PAY0574,Casey Wilson,SAL0590,709.39,USD,2034-06-21
PAY0942,Jamie Thomas,SAL0324,405.6,USD,2034-06-22
PAY0747,Casey Johnson,SAL0368,875.4,USD,2034-06-23
PAY0062,Alex Jackson,SAL0353,593.86,USD,2034-06-24
PAY0333,Avery Taylor,SAL0660,1336.69,USD,2034-06-25
PAY0313,Jamie Thomas,,1361.7,EUR,2034-06-26
PAY0267,Robin Taylor,SAL0938,1693.35,EUR,2034-06-27
PAY0707,Morgan Brown,SAL0186,1833.94,EUR,2034-06-28
PAY0297,Casey Wilson,SAL0935,1238.24,USD,2034-06-29
PAY0776,Morgan Taylor,SAL0538,107.44,EUR,2034-06-30
PAY0477,Jamie Wilson,SAL0719,1363.2,USD,2034-07-01
PAY0128,Jamie Johnson,SAL0141,1463.18,USD,2034-07-02
PAY0400,Riley Moore,SAL0812,961.51,USD,2034-07-03
PAY0752,Morgan Davis,SAL0865,1779.07,USD,2034-07-04
PAY0595,Jordan Anderson,SAL0134,632.54,EUR,2034-07-05
PAY0952,Jamie Thomas,SAL0877,454.3,EUR,2034-07-06
PAY0188,Morgan Brown,,117.38,EUR,2034-07-07
PAY0383,Taylor Davis,SAL0726,643.26,EUR,2034-07-08
PAY0331,Morgan Wilson,SAL0039,972.19,EUR,2034-07-09
PAY0534,Jordan Moore,SAL0782,1017.32,USD,2034-07-10
PAY0342,Alex Thomas,SAL0236,1573.93,EUR,2034-07-11
PAY0781,Robin Anderson,SAL0106,869.48,EUR,2034-07-12
PAY0964,Jamie Smith,SAL0639,1855.6,USD,2034-07-13
PAY0644,Morgan Johnson,SAL0299,1427.85,USD,2034-07-14
PAY0280,Jordan Jackson,SAL0027,1286.87,EUR,2034-07-15
PAY0577,Riley Thomas,SAL0062,852.66,USD,2034-07-16
PAY0481,Quinn Thomas,SAL0005,664.37,EUR,2034-07-17
PAY0583,Avery Brown,SAL0108,1069.3,USD,2034-07-18
PAY0055,Morgan Smith,SAL0492,1162.93,EUR,2034-07-19
PAY0360,Jordan Davis,,591.7,USD,2034-07-20
PAY0675,Jamie Thomas,SAL0431,883.14,EUR,2034-07-21
PAY0437,Alex Taylor,SAL0442,600.09,USD,2034-07-22
PAY0144,Casey Wilson,SAL0928,1751.17,EUR,2034-07-23
PAY0282,Quinn Jackson,SAL0627,483.74,EUR,2034-07-24
PAY0241,Riley Wilson,SAL0082,246.65,USD,2034-07-25
PAY0930,Taylor Johnson,SAL0755,1251.04,EUR,2034-07-26
PAY0295,Jamie Jackson,SAL0244,1414.62,USD,2034-07-27
PAY0173,Taylor Brown,SAL0064,1413.07,USD,2034-07-28
PAY0849,Avery Thomas,SAL0486,1203.58,EUR,2034-07-29
PAY0082,Jordan Wilson,SAL0414,1662.09,USD,2034-07-30
PAY0564,Riley Taylor,SAL0629,1505.72,EUR,2034-07-31
PAY0854,Morgan Moore,SAL0234,1027.31,USD,2034-08-01
PAY0248,Riley Moore,SAL0128,927.99,EUR,2034-08-02
PAY0865,Quinn Moore,SAL0908,1946.44,EUR,2034-08-03
PAY0581,Taylor Thomas,SAL0549,799.62,USD,2034-08-04
PAY0726,Quinn Anderson,SAL0125,1460.51,EUR,2034-08-05
PAY0300,Quinn Moore,SAL0421,1960.11,EUR,2034-08-06
PAY0044,Jamie Brown,,1054.86,EUR,2034-08-07
PAY0144,Casey Wilson,SAL0928,1603.72,USD,2034-08-08
PAY0166,Riley Anderson,SAL0159,1943.58,EUR,2034-08-09
PAY0689,Morgan Brown,SAL0758,282.69,USD,2034-08-10
PAY0982,Alex Taylor,SAL0997,213.16,EUR,2034-08-11
PAY0526,Riley Jackson,SAL0165,679.17,EUR,2034-08-12
PAY0675,Jamie Thomas,SAL0431,842.39,EUR,2034-08-13
PAY0705,Jamie Wilson,SAL0779,1069.34,EUR,2034-08-14
PAY0069,Jamie Moore,SAL0093,1012.39,USD,2034-08-15
PAY0951,Quinn Davis,SAL0430,967.01,EUR,2034-08-16
PAY0480,Avery Brown,SAL0193,1071.36,EUR,2034-08-17
PAY0305,Casey Davis,SAL0945,1085.36,USD,2034-08-18
PAY0280,Jordan Jackson,SAL0027,189.02,EUR,2034-08-19
PAY0068,Riley Taylor,SAL0381,350.12,EUR,2034-08-20
PAY0435,Avery Brown,SAL0600,1551.19,EUR,2034-08-21
PAY0287,Taylor Taylor,SAL0897,1613.27,USD,2034-08-22
PAY0495,Morgan Johnson,SAL0298,1092.1,EUR,2034-08-23
PAY0105,Jamie Moore,SAL0404,670.64,EUR,2034-08-24
PAY0199,Avery Wilson,SAL0001,932.64,USD,2034-08-25
PAY0024,Avery Taylor,SAL0358,1263.31,EUR,2034-08-26
PAY0514,Robin Johnson,SAL0677,1303.83,USD,2034-08-27
PAY0568,Quinn Johnson,SAL0849,1476.08,USD,2034-08-28
PAY0846,Casey Jackson,SAL0795,1751.67,USD,2034-08-29
PAY0307,Casey Johnson,SAL0603,73.63,EUR,2034-08-30
PAY0312,Riley Johnson,,1212.93,EUR,2034-08-31
PAY0407,Jamie Thomas,SAL0529,1980.56,EUR,2034-09-01
PAY0878,Jordan Brown,SAL0210,1238.32,USD,2034-09-02
PAY0571,Quinn Anderson,SAL0459,449.06,EUR,2034-09-03
PAY0940,Morgan Jackson,SAL0079,1976.32,USD,2034-09-04
PAY0331,Morgan Wilson,,1296.36,USD,2034-09-05
PAY0797,Jamie Moore,SAL0875,1782.13,USD,2034-09-06
PAY0621,Jordan Davis,SAL0840,378.74,EUR,2034-09-07
PAY0179,Quinn Moore,SAL0293,1627.05,USD,2034-09-08
PAY0004,Morgan Anderson,SAL0519,1827.13,USD,2034-09-09
PAY0381,Avery Davis,SAL0264,1690.99,USD,2034-09-10
PAY0148,Robin Brown,SAL0735,129.69,USD,2034-09-11
PAY0463,Casey Taylor,,946.68,EUR,2034-09-12
PAY0125,Taylor Anderson,SAL0041,1238.84,USD,2034-09-13
PAY0294,Casey Thomas,SAL0071,1803.74,EUR,2034-09-14
PAY0075,Alex Moore,SAL0406,1457.19,USD,2034-09-15
PAY0455,Jamie Wilson,SAL0452,1461.62,EUR,2034-09-16
PAY0250,Casey Thomas,SAL0689,823.04,EUR,2034-09-17
PAY0290,Jamie Johnson,SAL0540,527.15,USD,2034-09-18
PAY0665,Robin Wilson,SAL0943,1486.82,EUR,2034-09-19
PAY0836,Avery Moore,SAL0197,1264.29,EUR,2034-09-20
PAY0065,Alex Wilson,,987.1,USD,2034-09-21
PAY0052,Taylor Johnson,SAL0146,1414.6,EUR,2034-09-22
PAY0477,Jamie Wilson,SAL0719,1331.55,USD,2034-09-23
PAY0384,Taylor Johnson,SAL0109,1792.37,USD,2034-09-24
PAY0908,Quinn Thomas,SAL0738,625.06,USD,2034-09-25
PAY0612,Casey Thomas,SAL0040,712.78,EUR,2034-09-26
PAY0787,Quinn Brown,SAL0332,1680.15,EUR,2034-09-27
PAY0244,Taylor Wilson,SAL0408,947.33,USD,2034-09-28
PAY0960,Jordan Anderson,SAL0554,928.1,USD,2034-09-29
PAY0971,Casey Johnson,SAL0509,969.48,USD,2034-09-30
PAY0742,Alex Davis,SAL0961,1656.65,EUR,2034-10-01
PAY0604,Morgan Davis,SAL0530,1629.34,EUR,2034-10-02
PAY0072,Taylor Brown,SAL0314,187.67,EUR,2034-10-03
PAY0492,Casey Davis,SAL0839,444.92,USD,2034-10-04
PAY0056,Quinn Wilson,SAL0533,1267.41,USD,2034-10-05
PAY0833,Casey Thomas,SAL0624,952.4,USD,2034-10-06
PAY0910,Quinn Davis,SAL0521,1013.52,USD,2034-10-07
PAY0868,Avery Thomas,SAL0069,1044.36,EUR,2034-10-08
PAY0833,Casey Thomas,SAL0624,1035.78,EUR,2034-10-09
PAY0922,Jamie Taylor,SAL0711,1729.43,USD,2034-10-10
PAY0869,Alex Davis,,344.33,EUR,2034-10-11
PAY0780,Taylor Davis,SAL0270,1874.53,USD,2034-10-12
PAY0563,Taylor Moore,,222.02,USD,2034-10-13
PAY0998,Jamie Johnson,SAL0893,1588.77,EUR,2034-10-14
PAY0775,Casey Jackson,SAL0950,1545.68,USD,2034-10-15
PAY0559,Taylor Davis,SAL0260,1835.05,EUR,2034-10-16
PAY1000,Avery Davis,SAL0073,1752.5,USD,2034-10-17
PAY0175,Quinn Thomas,SAL0829,988.04,USD,2034-10-18
PAY0912,Jordan Smith,SAL0766,1128.89,USD,2034-10-19
PAY0775,Casey Jackson,SAL0950,1342.37,EUR,2034-10-20
PAY0352,Quinn Taylor,SAL0592,935.54,USD,2034-10-21
PAY0750,Taylor Jackson,SAL0045,870.41,EUR,2034-10-22
PAY0482,Jordan Johnson,SAL0267,1731.39,USD,2034-10-23
PAY0272,Robin Anderson,SAL0367,740.91,EUR,2034-10-24
PAY0863,Quinn Jackson,SAL0949,510.44,USD,2034-10-25
PAY0212,Jamie Johnson,SAL0984,1765.71,USD,2034-10-26
PAY0902,Jordan Anderson,SAL0983,133.28,EUR,2034-10-27
PAY0958,Jordan Thomas,,297.61,USD,2034-10-28
PAY0777,Robin Wilson,SAL0974,1367.23,USD,2034-10-29
PAY0612,Casey Thomas,,596.31,USD,2034-10-30
PAY0396,Jordan Thomas,,458.01,USD,2034-10-31
PAY0069,Jamie Moore,SAL0093,992.62,USD,2034-11-01
PAY0703,Taylor Wilson,,1517.46,USD,2034-11-02
PAY0461,Riley Johnson,SAL0296,145.98,EUR,2034-11-03
PAY0558,Casey Johnson,SAL0237,682.38,EUR,2034-11-04
PAY0002,Casey Smith,SAL0438,195.56,USD,2034-11-05
PAY0979,Alex Wilson,SAL0289,1751.79,EUR,2034-11-06
PAY0359,Jordan Thomas,SAL0104,1295.68,EUR,2034-11-07
PAY0481,Quinn Thomas,SAL0005,746.46,EUR,2034-11-08
PAY0147,Jordan Thomas,SAL0315,1629.9,USD,2034-11-09
PAY0626,Morgan Wilson,SAL0995,1555.69,EUR,2034-11-10
PAY0549,Jordan Taylor,SAL0450,892.41,USD,2034-11-11
PAY0110,Casey Taylor,SAL0671,1528.85,USD,2034-11-12
PAY0741,Quinn Davis,SAL0778,1892.56,EUR,2034-11-13
PAY0219,Casey Thomas,SAL0832,1824.52,USD,2034-11-14
PAY0583,Avery Brown,SAL0108,1042.64,USD,2034-11-15
PAY0700,Casey Thomas,,1668.24,EUR,2034-11-16
PAY0096,Quinn Thomas,,643.38,USD,2034-11-17
PAY0808,Casey Jackson,SAL0964,391.35,USD,2034-11-18
PAY0494,Casey Anderson,SAL0400,184.5,EUR,2034-11-19
PAY0396,Jordan Thomas,SAL0211,532.51,EUR,2034-11-20
PAY0046,Morgan Jackson,SAL0706,959.8,USD,2034-11-21
PAY0722,Robin Johnson,,968.34,EUR,2034-11-22
PAY0840,Avery Smith,SAL0512,723.48,EUR,2034-11-23
PAY0132,Jamie Thomas,SAL0440,1847.08,EUR,2034-11-24
PAY0780,Taylor Davis,SAL0270,878.15,EUR,2034-11-25
PAY0663,Jordan Taylor,SAL0465,365.05,USD,2034-11-26
PAY0864,Casey Smith,,838.75,USD,2034-11-27
PAY0714,Casey Brown,SAL0316,1996.95,USD,2034-11-28
PAY0592,Morgan Brown,SAL0937,583.24,EUR,2034-11-29
PAY0439,Taylor Taylor,SAL0816,1202.06,USD,2034-11-30
PAY0107,Alex Jackson,SAL0252,100.37,USD,2034-12-01
PAY0191,Robin Brown,SAL0884,294.48,EUR,2034-12-02
PAY0166,Riley Anderson,SAL0159,1943.63,USD,2034-12-03
PAY0832,Jordan Brown,SAL0643,1712.85,EUR,2034-12-04
PAY0773,Taylor Johnson,SAL0163,1171.52,EUR,2034-12-05
PAY0042,Riley Brown,SAL0056,1137.77,USD,2034-12-06
PAY0268,Robin Thomas,SAL0589,290.07,EUR,2034-12-07
PAY0365,Avery Thomas,SAL0992,1907.47,USD,2034-12-08
PAY0034,Riley Jackson,SAL0080,818.6,USD,2034-12-09
PAY0712,Taylor Smith,SAL0842,1597.2,USD,2034-12-10
PAY0618,Jamie Taylor,SAL0740,573.9,USD,2034-12-11
PAY0224,Alex Moore,SAL0363,903.55,EUR,2034-12-12
PAY0374,Jordan Smith,SAL0683,748.26,USD,2034-12-13
PAY0668,Alex Wilson,SAL0116,190.73,USD,2034-12-14
PAY0850,Casey Jackson,SAL0153,837.03,EUR,2034-12-15
PAY0923,Morgan Anderson,SAL0228,462.01,EUR,2034-12-16
PAY0461,Riley Johnson,SAL0296,821.13,EUR,2034-12-17
PAY0915,Morgan Smith,,1743.68,EUR,2034-12-18
PAY0292,Robin Wilson,SAL0080,798.27,EUR,2034-12-19
PAY0110,Casey Taylor,SAL0671,179.64,EUR,2034-12-20
PAY0623,Quinn Wilson,SAL0694,1792.57,EUR,2034-12-21
PAY0291,Morgan Johnson,SAL0180,406.28,EUR,2034-12-22
PAY0177,Taylor Wilson,SAL0917,230.73,USD,2034-12-23
PAY0298,Quinn Jackson,SAL0184,54.84,USD,2034-12-24
PAY0537,Jordan Jackson,SAL0107,173.91,USD,2034-12-25
PAY0178,Jamie Thomas,SAL0837,612.67,EUR,2034-12-26
PAY0887,Taylor Anderson,,324.33,USD,2034-12-27
PAY0733,Riley Johnson,SAL0097,1522.31,USD,2034-12-28
PAY0076,Taylor Wilson,SAL0940,787.04,USD,2034-12-29
PAY0161,Avery Jackson,SAL0256,1181.51,USD,2034-12-30
PAY0780,Taylor Davis,SAL0270,558.39,EUR,2034-12-31
PAY0433,Taylor Thomas,SAL0393,1656.6,USD,2035-01-01
PAY0201,Avery Jackson,SAL0230,614.55,EUR,2035-01-02
PAY0428,Riley Moore,SAL0653,1318.73,EUR,2035-01-03
PAY0196,Quinn Taylor,SAL0545,1411.81,EUR,2035-01-04
PAY0855,Alex Moore,SAL0130,1460.02,EUR,2035-01-05
PAY0757,Riley Smith,SAL0161,451.95,USD,2035-01-06
PAY0801,Alex Smith,SAL0905,496.24,EUR,2035-01-07
PAY0050,Alex Thomas,SAL0656,252.58,USD,2035-01-08
PAY0251,Jamie Moore,SAL0374,1120.15,USD,2035-01-09
PAY0187,Taylor Thomas,SAL0833,1280.18,EUR,2035-01-10
PAY0421,Quinn Davis,SAL0283,1533.92,USD,2035-01-11
PAY0678,Robin Taylor,SAL0489,1683.81,USD,2035-01-12
PAY0466,Jamie Johnson,SAL0866,435.95,USD,2035-01-13
PAY0682,Alex Smith,SAL0681,1428.12,USD,2035-01-14
PAY0423,Casey Davis,SAL0343,410.14,USD,2035-01-15
PAY0040,Riley Johnson,SAL0029,1754.84,EUR,2035-01-16
PAY0330,Robin Thomas,SAL0841,686.56,USD,2035-01-17
PAY0535,Quinn Thomas,SAL0133,236.88,USD,2035-01-18
PAY0586,Riley Anderson,SAL0713,121.5,EUR,2035-01-19
PAY0508,Casey Brown,SAL0836,1198.21,USD,2035-01-20
PAY0465,Quinn Davis,SAL0741,1791.03,USD,2035-01-21
PAY0037,Avery Johnson,SAL0226,301.01,USD,2035-01-22
PAY0911,Riley Johnson,SAL0700,502.61,USD,2035-01-23
PAY0505,Riley Brown,SAL0701,776.25,USD,2035-01-24
PAY0550,Avery Brown,SAL0559,1343.35,USD,2035-01-25
PAY0702,Jamie Johnson,SAL0718,455.08,EUR,2035-01-26
PAY0895,Jamie Thomas,SAL0687,425.26,USD,2035-01-27
PAY0206,Taylor Davis,SAL0804,1912.95,USD,2035-01-28
PAY0051,Avery Anderson,,1479.23,EUR,2035-01-29
PAY0130,Alex Brown,SAL0552,602.45,USD,2035-01-30
PAY0335,Riley Taylor,SAL0083,829.47,EUR,2035-01-31
PAY0524,Casey Wilson,SAL0487,59.7,EUR,2035-02-01
PAY0262,Alex Brown,SAL0149,426.99,USD,2035-02-02
PAY0723,Jordan Anderson,SAL0925,1187.52,EUR,2035-02-03
PAY0847,Riley Anderson,SAL0038,1356.54,USD,2035-02-04
PAY0977,Alex Jackson,SAL0371,1292.1,EUR,2035-02-05
PAY0202,Robin Smith,SAL0774,502.5,EUR,2035-02-06
PAY0031,Casey Thomas,SAL0903,1392.3,EUR,2035-02-07
PAY0961,Casey Taylor,SAL0798,1637.44,USD,2035-02-08
PAY0550,Avery Brown,SAL0559,357.53,USD,2035-02-09
PAY0093,Riley Thomas,SAL0581,1258.2,EUR,2035-02-10
PAY0947,Casey Anderson,SAL0709,971.83,EUR,2035-02-11
PAY0440,Alex Davis,SAL0396,1184.13,EUR,2035-02-12
PAY0973,Alex Moore,SAL0672,1985.24,EUR,2035-02-13
PAY0761,Robin Wilson,SAL0443,1453.37,USD,2035-02-14
PAY0822,Alex Jackson,SAL0605,1412.55,EUR,2035-02-15
PAY0924,Taylor Smith,SAL0050,1543.45,EUR,2035-02-16
PAY0657,Alex Moore,SAL0859,444.97,EUR,2035-02-17
PAY0444,Casey Wilson,SAL0962,630.73,EUR,2035-02-18
PAY0751,Quinn Jackson,SAL0548,942.45,EUR,2035-02-19
PAY0128,Jamie Johnson,SAL0344,1116.75,USD,2035-02-20
PAY0340,Avery Davis,,1335.73,EUR,2035-02-21
PAY0032,Riley Johnson,SAL0708,886.87,USD,2035-02-22
PAY0214,Riley Anderson,,1474.92,USD,2035-02-23
PAY0124,Morgan Taylor,SAL0268,1295.89,USD,2035-02-24
PAY0189,Jamie Thomas,SAL0413,487.98,USD,2035-02-25
PAY0500,Morgan Anderson,SAL0968,433.63,EUR,2035-02-26
PAY0922,Jamie Taylor,SAL0711,1019.35,USD,2035-02-27
PAY0684,Jamie Taylor,SAL0796,969.48,USD,2035-02-28
PAY0972,Riley Smith,SAL0426,236.07,EUR,2035-03-01
PAY0357,Casey Anderson,SAL0834,1437.58,USD,2035-03-02
PAY0071,Robin Smith,SAL0919,455.61,USD,2035-03-03
PAY0671,Riley Johnson,SAL0177,1578.32,EUR,2035-03-04
PAY0729,Jamie Taylor,SAL0330,408.69,EUR,2035-03-05
PAY0307,Casey Johnson,SAL0603,1983.42,USD,2035-03-06
PAY0789,Alex Taylor,SAL0813,721.72,EUR,2035-03-07
PAY0634,Taylor Anderson,SAL0879,262.33,USD,2035-03-08
PAY0189,Jamie Thomas,SAL0413,1622.73,EUR,2035-03-09
PAY0398,Alex Anderson,SAL0141,1166.68,USD,2035-03-10
PAY0372,Jordan Brown,SAL0871,1301.96,EUR,2035-03-11
PAY0799,Alex Thomas,SAL0215,222.44,EUR,2035-03-12
PAY0059,Casey Jackson,SAL0746,852.8,USD,2035-03-13
PAY0489,Casey Johnson,SAL0830,266.33,USD,2035-03-14
PAY0948,Morgan Wilson,SAL0858,732.31,USD,2035-03-15
PAY0020,Quinn Moore,SAL0717,1156.99,EUR,2035-03-16
PAY0669,Riley Jackson,SAL0249,1520.98,USD,2035-03-17
PAY0946,Morgan Brown,SAL0272,580.2,EUR,2035-03-18
PAY0192,Robin Johnson,SAL0348,989.96,USD,2035-03-19
PAY0601,Morgan Davis,SAL0457,1599.4,EUR,2035-03-20
PAY0531,Taylor Taylor,SAL0208,1604.43,EUR,2035-03-21
PAY0788,Riley Thomas,SAL0251,188.76,EUR,2035-03-22
PAY0025,Morgan Anderson,SAL0350,194.13,EUR,2035-03-23
PAY0583,Avery Brown,,830.89,EUR,2035-03-24
PAY0124,Morgan Taylor,SAL0268,1342.69,USD,2035-03-25
PAY0399,Jordan Johnson,SAL0517,657.52,USD,2035-03-26
PAY0444,Casey Wilson,SAL0962,1082.79,EUR,2035-03-27
PAY0077,Robin Jackson,SAL0922,1836.16,USD,2035-03-28
PAY0820,Morgan Brown,SAL0612,1260.65,USD,2035-03-29
PAY0279,Jamie Smith,SAL0764,1911.81,USD,2035-03-30
PAY0265,Riley Johnson,SAL0736,691.8,EUR,2035-03-31
PAY0585,Jamie Wilson,SAL0323,672.54,USD,2035-04-01
PAY0233,Jordan Thomas,SAL0273,1152.67,USD,2035-04-02
PAY0855,Alex Moore,SAL0130,450.55,EUR,2035-04-03
PAY0393,Jamie Wilson,SAL0991,987.08,USD,2035-04-04
PAY0283,Taylor Davis,SAL0578,1759.96,USD,2035-04-05
PAY0590,Robin Thomas,SAL0380,1702.81,USD,2035-04-06
PAY0748,Quinn Taylor,SAL0924,954.66,USD,2035-04-07
PAY0792,Taylor Jackson,SAL0939,1615.86,USD,2035-04-08
PAY0995,Riley Brown,SAL0365,1688.75,EUR,2035-04-09
PAY0304,Taylor Smith,SAL0051,316.6,EUR,2035-04-10
PAY0323,Avery Jackson,SAL0923,1862.4,USD,2035-04-11
PAY0440,Alex Davis,SAL0396,1044.65,EUR,2035-04-12
PAY0986,Avery Brown,SAL0673,1230.13,USD,2035-04-13
PAY0025,Morgan Anderson,SAL0350,1840.04,EUR,2035-04-14
PAY0378,Jamie Johnson,SAL0006,1972.45,USD,2035-04-15
PAY0948,Morgan Wilson,,536.53,USD,2035-04-16
PAY0967,Jamie Anderson,SAL0507,143.38,USD,2035-04-17
PAY0110,Casey Taylor,SAL0671,696.42,EUR,2035-04-18
PAY0810,Jamie Wilson,SAL0655,1340.68,EUR,2035-04-19
PAY0883,Riley Taylor,SAL0147,1637.59,EUR,2035-04-20
PAY0909,Jordan Thomas,SAL0364,1527.44,EUR,2035-04-21
PAY0012,Taylor Brown,,320.91,EUR,2035-04-22
PAY0898,Riley Jackson,SAL0628,176.76,EUR,2035-04-23
PAY0170,Jordan Smith,SAL0501,1246.48,EUR,2035-04-24
PAY0993,Robin Moore,SAL0888,1038.03,USD,2035-04-25
PAY0868,Avery Thomas,,256.64,EUR,2035-04-26
PAY0816,Morgan Moore,SAL0349,1343.65,EUR,2035-04-27
PAY0973,Alex Moore,SAL0672,1034.49,USD,2035-04-28
PAY0448,Riley Johnson,SAL0229,1294.4,USD,2035-04-29
PAY0077,Robin Jackson,SAL0922,309.87,EUR,2035-04-30
PAY0072,Taylor Brown,SAL0314,796.42,USD,2035-05-01
PAY0931,Casey Taylor,SAL0312,211.86,EUR,2035-05-02
PAY0562,Robin Smith,SAL0773,1974.32,EUR,2035-05-03
PAY0189,Jamie Thomas,,401.06,USD,2035-05-04
PAY0699,Morgan Anderson,SAL0447,1567.16,USD,2035-05-05
PAY0429,Jordan Jackson,SAL0586,1294.43,EUR,2035-05-06
PAY0684,Jamie Taylor,SAL0796,1361.02,USD,2035-05-07
PAY0037,Avery Johnson,SAL0226,65.03,EUR,2035-05-08
PAY0828,Jamie Moore,SAL0710,267.08,EUR,2035-05-09
PAY0530,Morgan Moore,SAL0014,323.01,USD,2035-05-10
PAY0909,Jordan Thomas,,1134.33,EUR,2035-05-11
PAY0337,Taylor Brown,SAL0573,687.15,USD,2035-05-12
PAY0240,Taylor Jackson,SAL0644,1202.56,EUR,2035-05-13
PAY0306,Jamie Davis,,126.08,EUR,2035-05-14
PAY0971,Casey Johnson,SAL0509,777.4,USD,2035-05-15
PAY0356,Casey Davis,SAL0536,1350.68,EUR,2035-05-16
PAY0705,Jamie Wilson,SAL0779,333.96,USD,2035-05-17
PAY0992,Robin Thomas,SAL0378,1862.49,EUR,2035-05-18
PAY0011,Jamie Thomas,SAL0321,1346.56,EUR,2035-05-19
PAY0080,Riley Davis,,1530.38,USD,2035-05-20
PAY0638,Casey Johnson,SAL0143,1710.4,USD,2035-05-21
PAY0001,Casey Smith,SAL0787,611.01,EUR,2035-05-22
PAY0257,Taylor Moore,SAL0976,699.19,USD,2035-05-23
PAY0669,Riley Jackson,SAL0249,1817.46,EUR,2035-05-24
PAY0479,Jordan Jackson,SAL0675,1609.74,EUR,2035-05-25
PAY0885,Robin Smith,SAL0828,1123.68,USD,2035-05-26
PAY0739,Quinn Davis,SAL0112,1133.16,USD,2035-05-27
PAY0932,Alex Smith,SAL0196,721.49,USD,2035-05-28
PAY0571,Quinn Anderson,SAL0058,1138.71,USD,2035-05-29
PAY0735,Jordan Smith,SAL0240,1656.62,EUR,2035-05-30
PAY0612,Casey Thomas,SAL0040,1454.97,USD,2035-05-31
PAY0698,Riley Wilson,SAL0602,680.17,EUR,2035-06-01
PAY0009,Avery Taylor,SAL0930,1165.72,USD,2035-06-02
PAY0355,Casey Jackson,SAL0290,1173.03,USD,2035-06-03
PAY0369,Avery Wilson,SAL0032,888.35,USD,2035-06-04
PAY0100,Jordan Johnson,SAL0479,348.79,EUR,2035-06-05
PAY0737,Jamie Taylor,SAL0818,144.52,EUR,2035-06-06
PAY0553,Robin Taylor,,932.08,EUR,2035-06-07
PAY0132,Jamie Thomas,SAL0440,828.19,USD,2035-06-08
PAY0590,Robin Thomas,SAL0380,484.21,USD,2035-06-09
PAY0636,Robin Jackson,SAL0463,323.03,USD,2035-06-10
PAY0604,Morgan Davis,SAL0530,429.18,EUR,2035-06-11
PAY0331,Morgan Wilson,SAL0039,1245.1,EUR,2035-06-12
PAY0268,Robin Thomas,SAL0589,1559.05,EUR,2035-06-13
PAY0049,Casey Brown,SAL0158,1615.28,USD,2035-06-14
PAY0591,Alex Johnson,SAL0890,518.76,USD,2035-06-15
PAY0266,Casey Smith,SAL0894,637.89,USD,2035-06-16
PAY0869,Alex Davis,,936.02,USD,2035-06-17
PAY0421,Quinn Davis,SAL0283,716.92,EUR,2035-06-18
PAY0512,Riley Wilson,SAL0523,709.17,EUR,2035-06-19
PAY0595,Jordan Anderson,SAL0134,106.15,USD,2035-06-20
PAY0898,Riley Jackson,SAL0628,788.71,USD,2035-06-21
PAY0805,Morgan Moore,SAL0035,169.8,USD,2035-06-22
PAY0907,Taylor Jackson,SAL0506,1599.92,EUR,2035-06-23
PAY0399,Jordan Johnson,SAL0517,211.01,USD,2035-06-24
PAY0180,Riley Taylor,SAL0189,595.09,USD,2035-06-25
PAY0591,Alex Johnson,SAL0890,1814.4,USD,2035-06-26
PAY0955,Jordan Taylor,SAL0388,626.21,USD,2035-06-27
PAY0035,Taylor Johnson,SAL0328,638.97,EUR,2035-06-28
PAY0146,Alex Moore,SAL0164,282.49,USD,2035-06-29
PAY0677,Jamie Davis,SAL0243,1228.04,EUR,2035-06-30
PAY0115,Riley Johnson,SAL0641,481.52,USD,2035-07-01
PAY0943,Quinn Jackson,SAL0667,470.13,USD,2035-07-02
PAY0204,Casey Davis,SAL0498,639.04,EUR,2035-07-03
PAY0204,Casey Davis,SAL0498,865.07,USD,2035-07-04
PAY0217,Robin Jackson,SAL0714,524.86,EUR,2035-07-05
PAY0094,Taylor Johnson,SAL0989,1000.07,USD,2035-07-06
PAY0190,Riley Thomas,SAL0815,408.42,EUR,2035-07-07
PAY0716,Taylor Jackson,SAL0311,409.2,EUR,2035-07-08
PAY0256,Avery Smith,SAL0876,597.51,EUR,2035-07-09
PAY0498,Casey Anderson,SAL0199,740.1,EUR,2035-07-10
PAY0377,Taylor Anderson,SAL0369,1995.13,USD,2035-07-11
PAY0524,Casey Wilson,SAL0487,1570.29,USD,2035-07-12
PAY0132,Jamie Thomas,SAL0440,1926.63,EUR,2035-07-13
PAY0010,Jamie Moore,SAL0230,197.16,EUR,2035-07-14
PAY0837,Taylor Moore,SAL0490,611.48,USD,2035-07-15
PAY0960,Jordan Anderson,SAL0554,1249.13,EUR,2035-07-16
PAY0061,Taylor Thomas,SAL0340,1829.25,USD,2035-07-17
PAY0185,Morgan Johnson,SAL0916,1939.93,EUR,2035-07-18
PAY0083,Alex Johnson,SAL0037,1334.73,EUR,2035-07-19
PAY0651,Jamie Jackson,SAL0705,1172.22,USD,2035-07-20
PAY0910,Quinn Davis,SAL0521,979.74,USD,2035-07-21
PAY0188,Morgan Brown,SAL0502,1456.65,USD,2035-07-22
PAY0435,Avery Brown,SAL0600,1366.59,EUR,2035-07-23
PAY0672,Jordan Wilson,SAL0207,1858.35,USD,2035-07-24
PAY0902,Jordan Anderson,SAL0983,883.78,EUR,2035-07-25
PAY0273,Morgan Moore,SAL0733,1383.71,USD,2035-07-26
PAY0981,Casey Johnson,SAL0807,189.64,USD,2035-07-27
PAY0041,Jamie Davis,SAL0434,1454.9,EUR,2035-07-28
PAY0438,Morgan Brown,SAL0768,212.1,USD,2035-07-29
PAY0190,Riley Thomas,SAL0815,128.08,USD,2035-07-30
PAY0323,Avery Jackson,SAL0923,1821.24,USD,2035-07-31
PAY0726,Quinn Anderson,SAL0125,192.64,USD,2035-08-01
PAY0080,Riley Davis,SAL0089,1334.48,EUR,2035-08-02
PAY0511,Taylor Taylor,SAL0499,1943.25,EUR,2035-08-03
PAY0889,Casey Davis,SAL0084,443.33,EUR,2035-08-04
PAY0793,Quinn Davis,SAL0524,1770.65,EUR,2035-08-05
PAY0573,Avery Thomas,,130.43,USD,2035-08-06
PAY0566,Taylor Johnson,,109.15,EUR,2035-08-07
PAY0987,Jamie Moore,,884.54,EUR,2035-08-08
PAY0474,Robin Anderson,SAL0138,1596.38,USD,2035-08-09
PAY0199,Avery Wilson,SAL0001,1620.69,EUR,2035-08-10
PAY0742,Alex Davis,SAL0241,1888.98,USD,2035-08-11
PAY0800,Jordan Wilson,SAL0562,1902.86,EUR,2035-08-12
PAY0532,Jordan Anderson,SAL0175,1515.17,EUR,2035-08-13
PAY0774,Morgan Brown,SAL0777,910.51,EUR,2035-08-14
PAY0923,Morgan Anderson,SAL0228,593.43,EUR,2035-08-15
PAY0190,Riley Thomas,SAL0815,648.31,USD,2035-08-16
PAY0307,Casey Johnson,SAL0603,302.75,EUR,2035-08-17
PAY0572,Taylor Jackson,SAL0409,700.92,USD,2035-08-18
PAY0565,Morgan Thomas,SAL0448,1739.42,USD,2035-08-19
PAY0215,Jamie Smith,,1009.77,USD,2035-08-20
PAY0190,Riley Thomas,SAL0815,1247.08,USD,2035-08-21
PAY0437,Alex Taylor,SAL0442,320.04,USD,2035-08-22
PAY0033,Jamie Jackson,SAL0277,1743.92,EUR,2035-08-23
PAY0538,Quinn Smith,SAL0862,1585.47,EUR,2035-08-24
PAY0977,Alex Jackson,SAL0371,1968.73,USD,2035-08-25
PAY0946,Morgan Brown,SAL0272,1010.86,EUR,2035-08-26
PAY0168,Jordan Wilson,SAL0896,276.62,EUR,2035-08-27
PAY0957,Casey Johnson,SAL0604,97.24,USD,2035-08-28
PAY0712,Taylor Smith,SAL0842,232.53,EUR,2035-08-29
PAY0854,Morgan Moore,,523.88,EUR,2035-08-30
PAY0552,Morgan Jackson,SAL0389,159.4,EUR,2035-08-31
PAY0401,Casey Wilson,SAL0956,819.68,EUR,2035-09-01
PAY0975,Riley Jackson,SAL0839,821.08,EUR,2035-09-02
PAY0915,Morgan Smith,,1704.97,EUR,2035-09-03
PAY0896,Morgan Anderson,,1977.46,USD,2035-09-04
PAY0714,Casey Brown,SAL0316,1781.82,EUR,2035-09-05
PAY0511,Taylor Taylor,SAL0499,806.01,EUR,2035-09-06
PAY0283,Taylor Davis,SAL0578,448.96,USD,2035-09-07
PAY0330,Robin Thomas,SAL0841,1173.7,USD,2035-09-08
PAY0731,Quinn Thomas,SAL0099,1880.08,EUR,2035-09-09
PAY0346,Casey Jackson,SAL0428,217.3,USD,2035-09-10
PAY0331,Morgan Wilson,SAL0039,1370.5,EUR,2035-09-11
PAY0244,Taylor Wilson,SAL0408,96.85,EUR,2035-09-12
PAY0715,Riley Wilson,SAL0377,1444.62,USD,2035-09-13
PAY0716,Taylor Jackson,SAL0311,560.02,EUR,2035-09-14
PAY0119,Jamie Taylor,SAL0255,1149.65,USD,2035-09-15
PAY0709,Avery Johnson,SAL0786,1785.5,USD,2035-09-16
PAY0515,Robin Thomas,SAL0282,813.43,EUR,2035-09-17
PAY0090,Taylor Thomas,SAL0253,1397.3,USD,2035-09-18
PAY0091,Jamie Jackson,SAL0318,1905.73,USD,2035-09-19
PAY0014,Alex Wilson,SAL0183,169.44,USD,2035-09-20
PAY0326,Jamie Wilson,SAL0301,841.05,EUR,2035-09-21
PAY0192,Robin Johnson,SAL0314,693.84,USD,2035-09-22
PAY0382,Robin Moore,SAL0907,980.76,EUR,2035-09-23
PAY0022,Avery Wilson,SAL0749,434.32,USD,2035-09-24
PAY0062,Alex Jackson,SAL0353,1866.22,EUR,2035-09-25
PAY0615,Casey Thomas,SAL0002,1689.55,EUR,2035-09-26
PAY0151,Avery Anderson,SAL0067,1926.03,USD,2035-09-27
PAY0611,Avery Johnson,SAL0340,1828.2,USD,2035-09-28
PAY0431,Taylor Thomas,SAL0060,1403.13,USD,2035-09-29
PAY0135,Riley Anderson,SAL0691,232.15,EUR,2035-09-30
PAY0465,Quinn Davis,SAL0741,1962.86,EUR,2035-10-01
PAY0871,Morgan Davis,SAL0319,966.54,EUR,2035-10-02
PAY0116,Avery Johnson,SAL0333,1439.97,USD,2035-10-03
PAY0482,Jordan Johnson,SAL0267,178.06,USD,2035-10-04
PAY0568,Quinn Johnson,SAL0849,1940.81,USD,2035-10-05
PAY0280,Jordan Jackson,SAL0027,1305.07,USD,2035-10-06
PAY0718,Jordan Jackson,SAL0442,907.48,USD,2035-10-07
PAY0650,Alex Johnson,SAL0170,1906.12,USD,2035-10-08
PAY0055,Morgan Smith,SAL0492,1534.11,USD,2035-10-09
PAY0366,Morgan Brown,SAL0569,1335.94,USD,2035-10-10
PAY0045,Avery Brown,SAL0821,703.54,USD,2035-10-11
PAY0246,Riley Moore,SAL0975,1638.05,EUR,2035-10-12
PAY0660,Riley Johnson,SAL0809,1744.56,USD,2035-10-13
PAY0784,Alex Johnson,SAL0034,345.67,EUR,2035-10-14
PAY0682,Alex Smith,SAL0681,984.03,EUR,2035-10-15
PAY0690,Taylor Thomas,,1312.33,EUR,2035-10-16
PAY0961,Casey Taylor,SAL0798,1631.46,USD,2035-10-17
PAY0759,Casey Brown,SAL0670,1059.82,EUR,2035-10-18
PAY0295,Jamie Jackson,SAL0244,1617.39,EUR,2035-10-19
PAY0247,Riley Wilson,SAL0094,1836.39,EUR,2035-10-20
PAY0964,Jamie Smith,SAL0639,65.55,EUR,2035-10-21
PAY0792,Taylor Jackson,SAL0939,1736.81,USD,2035-10-22
PAY0733,Riley Johnson,SAL0097,938.97,USD,2035-10-23
PAY0161,Avery Jackson,SAL0256,323.41,USD,2035-10-24
PAY0003,Jamie Moore,SAL0488,1032.71,EUR,2035-10-25
PAY0093,Riley Thomas,SAL0581,66.81,USD,2035-10-26
PAY0269,Robin Johnson,SAL0617,326.03,EUR,2035-10-27
PAY0330,Robin Thomas,,616.02,USD,2035-10-28
PAY0472,Riley Davis,SAL0481,1490.78,EUR,2035-10-29
PAY0649,Avery Moore,SAL0424,921.72,EUR,2035-10-30
PAY0984,Casey Davis,SAL0814,1859.44,EUR,2035-10-31
PAY0377,Taylor Anderson,SAL0369,1186.0,EUR,2035-11-01
PAY0706,Morgan Wilson,SAL0461,1239.33,EUR,2035-11-02
PAY0055,Morgan Smith,SAL0492,937.75,EUR,2035-11-03
PAY0857,Robin Wilson,SAL0785,1378.46,USD,2035-11-04
PAY0066,Morgan Davis,SAL0547,84.06,EUR,2035-11-05
PAY0661,Quinn Moore,SAL0162,319.9,EUR,2035-11-06
PAY0099,Morgan Davis,,1571.65,USD,2035-11-07
PAY0353,Alex Brown,SAL0222,1683.69,USD,2035-11-08
PAY0745,Alex Brown,SAL0466,1421.67,EUR,2035-11-09
PAY0427,Robin Smith,SAL0653,982.57,USD,2035-11-10
PAY0031,Casey Thomas,,1011.04,USD,2035-11-11
PAY0025,Morgan Anderson,SAL0350,1503.18,USD,2035-11-12
PAY0360,Jordan Davis,SAL0722,1666.17,USD,2035-11-13
PAY0318,Quinn Moore,SAL0392,113.76,EUR,2035-11-14
PAY0270,Jamie Taylor,SAL0965,457.42,EUR,2035-11-15
PAY0634,Taylor Anderson,SAL0264,938.64,USD,2035-11-16
PAY0157,Riley Smith,SAL0139,1025.77,USD,2035-11-17
PAY0489,Casey Johnson,SAL0830,414.44,EUR,2035-11-18
PAY0897,Riley Johnson,SAL0121,228.01,EUR,2035-11-19
PAY0086,Jamie Anderson,,1852.05,EUR,2035-11-20
PAY0334,Robin Thomas,SAL0881,518.13,USD,2035-11-21
PAY0151,Avery Anderson,SAL0067,1887.7,EUR,2035-11-22
PAY0904,Riley Wilson,SAL0732,875.4,USD,2035-11-23
PAY0666,Jordan Taylor,SAL0986,816.05,EUR,2035-11-24
PAY0352,Quinn Taylor,SAL0592,374.57,EUR,2035-11-25
PAY0012,Taylor Brown,SAL0676,126.83,USD,2035-11-26
PAY0330,Robin Thomas,SAL0841,1332.77,USD,2035-11-27
PAY0581,Taylor Thomas,SAL0549,218.4,EUR,2035-11-28
PAY0710,Avery Jackson,SAL0425,1199.0,EUR,2035-11-29
PAY0428,Riley Moore,SAL0661,1760.95,EUR,2035-11-30
PAY0556,Robin Jackson,SAL0178,161.19,USD,2035-12-01
PAY0212,Jamie Johnson,SAL0195,870.58,USD,2035-12-02
PAY0518,Avery Smith,SAL0698,1673.58,USD,2035-12-03
PAY0852,Jordan Smith,SAL0887,163.51,USD,2035-12-04
PAY0398,Alex Anderson,SAL0141,1210.62,USD,2035-12-05
PAY0070,Riley Brown,SAL0004,272.22,USD,2035-12-06
PAY0756,Alex Thomas,SAL0200,1656.7,USD,2035-12-07
PAY0663,Jordan Taylor,SAL0465,499.75,EUR,2035-12-08
PAY0924,Taylor Smith,SAL0050,1889.48,USD,2035-12-09
PAY0001,Casey Smith,SAL0787,1492.21,USD,2035-12-10
PAY0618,Jamie Taylor,SAL0740,1285.05,EUR,2035-12-11
PAY0055,Morgan Smith,SAL0492,864.09,USD,2035-12-12
PAY0884,Jordan Jackson,,1048.1,USD,2035-12-13
PAY0739,Quinn Davis,,1288.62,USD,2035-12-14
PAY0476,Jamie Taylor,SAL0300,1570.63,EUR,2035-12-15
PAY0179,Quinn Moore,SAL0293,727.59,USD,2035-12-16
PAY1000,Avery Davis,SAL0073,1959.98,USD,2035-12-17
PAY0644,Morgan Johnson,,66.32,EUR,2035-12-18
PAY0660,Riley Johnson,SAL0809,923.34,EUR,2035-12-19
PAY0783,Jordan Anderson,SAL0763,1189.83,USD,2035-12-20
PAY0643,Casey Johnson,SAL0232,873.27,USD,2035-12-21
PAY0837,Taylor Moore,SAL0490,1733.85,USD,2035-12-22
PAY0187,Taylor Thomas,,1633.97,EUR,2035-12-23
PAY0412,Morgan Johnson,,1015.72,EUR,2035-12-24
PAY0378,Jamie Johnson,SAL0006,1085.0,USD,2035-12-25
PAY0040,Riley Johnson,SAL0029,1112.26,EUR,2035-12-26
PAY0336,Jordan Moore,SAL0417,823.2,USD,2035-12-27
PAY0082,Jordan Wilson,SAL0414,1204.64,USD,2035-12-28
PAY0395,Quinn Smith,SAL0025,1053.71,USD,2035-12-29
PAY0387,Robin Jackson,SAL0055,922.72,EUR,2035-12-30
PAY0849,Avery Thomas,SAL0486,683.49,USD,2035-12-31
PAY0002,Casey Smith,SAL0438,1368.16,USD,2036-01-01
PAY0092,Jamie Anderson,SAL0597,521.58,EUR,2036-01-02
PAY0446,Quinn Thomas,SAL0590,680.74,EUR,2036-01-03
PAY0761,Robin Wilson,SAL0443,679.3,EUR,2036-01-04
PAY0292,Robin Wilson,SAL0080,1685.28,EUR,2036-01-05
PAY0884,Jordan Jackson,,668.32,USD,2036-01-06
PAY0776,Morgan Taylor,SAL0538,1557.75,USD,2036-01-07
PAY0930,Taylor Johnson,SAL0771,991.55,USD,2036-01-08
PAY0124,Morgan Taylor,,1916.67,EUR,2036-01-09
PAY0121,Alex Moore,SAL0345,230.98,EUR,2036-01-10
PAY0721,Quinn Smith,SAL0697,1955.14,EUR,2036-01-11
PAY0879,Taylor Taylor,SAL0611,1559.04,USD,2036-01-12
PAY0880,Taylor Johnson,,576.05,USD,2036-01-13
PAY0103,Jamie Wilson,SAL0856,1678.78,EUR,2036-01-14
PAY0581,Taylor Thomas,SAL0549,1271.6,USD,2036-01-15
PAY0099,Morgan Davis,,85.13,USD,2036-01-16
PAY0624,Casey Anderson,SAL0008,1285.56,USD,2036-01-17
PAY0819,Alex Moore,SAL0383,1269.85,EUR,2036-01-18
PAY0455,Jamie Wilson,SAL0452,1939.63,EUR,2036-01-19
PAY0637,Avery Anderson,,341.01,USD,2036-01-20
PAY0904,Riley Wilson,SAL0732,1229.22,USD,2036-01-21
PAY0345,Casey Brown,,377.89,USD,2036-01-22
PAY0291,Morgan Johnson,SAL0180,431.35,USD,2036-01-23
PAY0146,Alex Moore,SAL0164,800.54,EUR,2036-01-24
PAY0087,Morgan Jackson,SAL0632,1169.72,EUR,2036-01-25
PAY0134,Robin Johnson,SAL0407,612.15,USD,2036-01-26
PAY0333,Avery Taylor,SAL0660,1774.05,USD,2036-01-27
PAY0989,Morgan Smith,SAL0651,812.51,EUR,2036-01-28
PAY0846,Casey Jackson,SAL0795,1821.22,EUR,2036-01-29
PAY0839,Riley Wilson,SAL0169,1811.28,USD,2036-01-30
PAY0883,Riley Taylor,SAL0147,1882.5,USD,2036-01-31
PAY0549,Jordan Taylor,SAL0450,597.34,EUR,2036-02-01
PAY0649,Avery Moore,SAL0424,1654.31,EUR,2036-02-02
PAY0273,Morgan Moore,,1349.2,EUR,2036-02-03
PAY0089,Casey Taylor,SAL0247,1495.75,USD,2036-02-04
PAY0336,Jordan Moore,SAL0417,1116.71,EUR,2036-02-05
PAY0375,Casey Davis,SAL0572,1014.32,EUR,2036-02-06
PAY0221,Jordan Davis,SAL0843,660.72,USD,2036-02-07
PAY0690,Taylor Thomas,SAL0144,948.41,EUR,2036-02-08
PAY0457,Alex Brown,SAL0576,1040.39,EUR,2036-02-09
PAY0919,Quinn Taylor,SAL0988,1554.33,USD,2036-02-10
PAY0939,Taylor Anderson,SAL0574,636.49,EUR,2036-02-11
PAY0122,Casey Smith,SAL0650,1739.72,USD,2036-02-12
PAY0611,Avery Johnson,SAL0340,645.92,USD,2036-02-13
PAY0113,Riley Moore,SAL0068,1211.97,EUR,2036-02-14
PAY0275,Jordan Moore,SAL0881,1654.33,USD,2036-02-15
PAY0082,Jordan Wilson,SAL0414,1839.64,USD,2036-02-16
PAY0007,Avery Brown,SAL0449,921.33,EUR,2036-02-17
PAY0768,Jamie Smith,SAL0402,575.8,EUR,2036-02-18
PAY0295,Jamie Jackson,SAL0244,521.29,USD,2036-02-19
PAY0252,Robin Moore,SAL0998,1140.23,EUR,2036-02-20
PAY0150,Quinn Jackson,SAL0279,308.68,USD,2036-02-21
PAY0922,Jamie Taylor,SAL0711,1332.97,USD,2036-02-22
PAY0808,Casey Jackson,SAL0964,1775.2,USD,2036-02-23
PAY0790,Avery Jackson,SAL0259,1554.97,USD,2036-02-24
PAY0907,Taylor Jackson,SAL0506,1724.02,EUR,2036-02-25
PAY0224,Alex Moore,SAL0363,1816.01,USD,2036-02-26
PAY0210,Riley Moore,SAL0599,1173.4,EUR,2036-02-27
PAY0892,Quinn Wilson,SAL0285,748.04,EUR,2036-02-28
PAY0825,Alex Jackson,SAL0541,896.56,EUR,2036-02-29
PAY0637,Avery Anderson,SAL0688,266.47,USD,2036-03-01
PAY0260,Robin Smith,SAL0699,1080.63,EUR,2036-03-02
PAY0788,Riley Thomas,SAL0251,206.48,EUR,2036-03-03
PAY0655,Jamie Wilson,SAL0042,1822.27,USD,2036-03-04
PAY0864,Casey Smith,SAL0117,202.87,EUR,2036-03-05
PAY0067,Avery Smith,SAL0370,1523.81,USD,2036-03-06
PAY0113,Riley Moore,SAL0068,1851.42,EUR,2036-03-07
PAY0194,Taylor Taylor,SAL0154,1698.14,EUR,2036-03-08
PAY0863,Quinn Jackson,SAL0949,537.85,USD,2036-03-09
PAY0722,Robin Johnson,SAL0958,219.39,EUR,2036-03-10
PAY0719,Taylor Moore,,875.2,USD,2036-03-11
PAY0118,Avery Anderson,SAL0221,247.93,EUR,2036-03-12
PAY0853,Robin Brown,SAL0474,281.13,EUR,2036-03-13
PAY0433,Taylor Thomas,SAL0393,1261.8,USD,2036-03-14
PAY0438,Morgan Brown,SAL0768,1226.84,EUR,2036-03-15
PAY0384,Taylor Johnson,SAL0109,1256.01,EUR,2036-03-16
PAY0231,Riley Anderson,SAL0483,1013.44,USD,2036-03-17
PAY0243,Riley Taylor,SAL0306,693.36,USD,2036-03-18
PAY0354,Casey Taylor,SAL0100,1370.5,EUR,2036-03-19
PAY0689,Morgan Brown,SAL0758,244.92,USD,2036-03-20
PAY0604,Morgan Davis,SAL0530,1574.21,USD,2036-03-21
PAY0607,Robin Jackson,SAL0076,1874.73,EUR,2036-03-22
PAY0174,Jamie Jackson,,770.13,USD,2036-03-23
PAY0180,Riley Taylor,SAL0189,1725.09,USD,2036-03-24
PAY0389,Alex Wilson,,258.78,EUR,2036-03-25
PAY0497,Alex Anderson,SAL0802,773.62,EUR,2036-03-26
PAY0867,Taylor Johnson,SAL0649,174.65,EUR,2036-03-27
PAY0226,Casey Brown,SAL0963,606.21,EUR,2036-03-28
PAY0070,Riley Brown,SAL0004,1709.14,USD,2036-03-29
PAY0135,Riley Anderson,SAL0691,1771.72,EUR,2036-03-30
PAY0970,Casey Smith,SAL0518,124.36,USD,2036-03-31
PAY0876,Quinn Thomas,SAL0466,993.11,USD,2036-04-01
PAY0538,Quinn Smith,SAL0862,1382.47,USD,2036-04-02
PAY0660,Riley Johnson,,296.69,EUR,2036-04-03
PAY0477,Jamie Wilson,SAL0719,1721.6,USD,2036-04-04
PAY0098,Morgan Smith,SAL0453,1248.05,USD,2036-04-05
PAY0835,Jordan Thomas,SAL0063,1649.19,USD,2036-04-06
PAY0977,Alex Jackson,SAL0371,530.06,USD,2036-04-07
PAY0110,Casey Taylor,SAL0671,1374.82,EUR,2036-04-08
PAY0323,Avery Jackson,SAL0923,102.46,USD,2036-04-09
PAY0901,Casey Johnson,SAL0710,1000.28,EUR,2036-04-10
PAY0607,Robin Jackson,SAL0076,1209.97,USD,2036-04-11
PAY0888,Alex Johnson,SAL0313,545.88,EUR,2036-04-12
PAY0784,Alex Johnson,SAL0034,305.32,EUR,2036-04-13
PAY0051,Avery Anderson,SAL0527,1142.9,USD,2036-04-14
PAY0340,Avery Davis,SAL0209,653.87,EUR,2036-04-15
PAY0456,Robin Johnson,SAL0668,666.61,EUR,2036-04-16
PAY0505,Riley Brown,SAL0701,513.59,USD,2036-04-17
PAY0968,Robin Wilson,SAL0898,1451.71,USD,2036-04-18
PAY0297,Casey Wilson,SAL0935,945.51,EUR,2036-04-19
PAY0754,Alex Anderson,SAL0759,1436.42,USD,2036-04-20
PAY0933,Robin Wilson,SAL0615,1034.73,USD,2036-04-21
PAY0202,Robin Smith,SAL0774,1121.45,USD,2036-04-22
PAY0974,Jordan Brown,SAL0171,1749.13,EUR,2036-04-23
PAY0604,Morgan Davis,SAL0530,781.83,USD,2036-04-24
PAY0983,Robin Jackson,SAL0867,55.7,USD,2036-04-25
PAY0948,Morgan Wilson,SAL0858,755.24,USD,2036-04-26
PAY0580,Taylor Johnson,SAL0142,434.12,USD,2036-04-27
PAY0912,Jordan Smith,SAL0766,1069.8,EUR,2036-04-28
PAY0389,Alex Wilson,SAL0091,1098.07,USD,2036-04-29
PAY0060,Jordan Taylor,SAL0218,1981.2,EUR,2036-04-30
PAY0032,Riley Johnson,,1045.05,EUR,2036-05-01
PAY0045,Avery Brown,SAL0821,409.17,USD,2036-05-02
PAY0341,Quinn Johnson,SAL0246,551.11,USD,2036-05-03
PAY0026,Taylor Moore,,67.23,USD,2036-05-04
PAY0103,Jamie Wilson,SAL0856,762.11,USD,2036-05-05
PAY0845,Riley Jackson,SAL0057,1684.0,EUR,2036-05-06
PAY0957,Casey Johnson,SAL0604,62.52,EUR,2036-05-07
PAY0024,Avery Taylor,SAL0598,1573.11,USD,2036-05-08
PAY0732,Morgan Anderson,SAL0284,755.52,EUR,2036-05-09
PAY0445,Morgan Johnson,SAL0493,1252.83,EUR,2036-05-10
PAY0489,Casey Johnson,SAL0830,412.83,EUR,2036-05-11
PAY0785,Casey Jackson,SAL0580,919.99,USD,2036-05-12
PAY0160,Robin Brown,SAL0385,1025.93,USD,2036-05-13
PAY0807,Jordan Taylor,SAL0981,741.03,USD,2036-05-14
PAY0200,Quinn Anderson,SAL0635,1666.9,EUR,2036-05-15
PAY0494,Casey Anderson,SAL0400,758.74,USD,2036-05-16
PAY0522,Riley Johnson,,1699.83,EUR,2036-05-17
PAY0324,Avery Wilson,SAL0036,1472.41,USD,2036-05-18
PAY0669,Riley Jackson,SAL0249,1912.96,EUR,2036-05-19
PAY0614,Casey Taylor,SAL0556,1585.54,EUR,2036-05-20
PAY0248,Riley Moore,,1468.67,USD,2036-05-21
PAY0683,Robin Anderson,SAL0391,189.66,EUR,2036-05-22
PAY0139,Robin Johnson,SAL0797,631.47,USD,2036-05-23
PAY0775,Casey Jackson,SAL0950,492.19,EUR,2036-05-24
PAY0131,Jordan Wilson,SAL0870,454.06,EUR,2036-05-25
PAY0721,Quinn Smith,SAL0697,537.99,EUR,2036-05-26
PAY0912,Jordan Smith,SAL0766,1206.65,EUR,2036-05-27
PAY0036,Avery Brown,SAL0542,1124.85,USD,2036-05-28
PAY0933,Robin Wilson,SAL0615,478.78,USD,2036-05-29
PAY0297,Casey Wilson,SAL0935,1693.73,EUR,2036-05-30
PAY0034,Riley Jackson,SAL0514,1906.57,USD,2036-05-31
PAY0126,Robin Davis,SAL0982,1873.33,EUR,2036-06-01
PAY0697,Taylor Taylor,SAL0395,175.61,EUR,2036-06-02
PAY0109,Avery Wilson,SAL0762,1386.9,USD,2036-06-03
PAY0057,Jamie Johnson,SAL0620,300.15,USD,2036-06-04
PAY0848,Jamie Taylor,SAL0971,425.53,USD,2036-06-05
PAY0546,Robin Anderson,SAL0588,1187.61,EUR,2036-06-06
PAY0031,Casey Thomas,SAL0903,1370.43,EUR,2036-06-07
PAY0100,Jordan Johnson,SAL0479,605.48,EUR,2036-06-08
PAY0742,Alex Davis,SAL0241,364.4,USD,2036-06-09
PAY0683,Robin Anderson,SAL0391,594.36,EUR,2036-06-10
PAY0778,Jordan Moore,SAL0784,1057.73,USD,2036-06-11
PAY0649,Avery Moore,SAL0424,248.91,USD,2036-06-12
PAY0509,Robin Thomas,SAL0500,1282.09,EUR,2036-06-13
PAY0864,Casey Smith,SAL0117,1986.65,USD,2036-06-14
PAY0232,Robin Wilson,SAL0190,948.95,EUR,2036-06-15
PAY0602,Robin Brown,SAL0824,397.12,EUR,2036-06-16
PAY0989,Morgan Smith,SAL0651,1237.16,USD,2036-06-17
PAY0157,Riley Smith,SAL0139,188.51,USD,2036-06-18
PAY0941,Jordan Moore,SAL0973,1200.46,USD,2036-06-19
PAY0726,Quinn Anderson,SAL0125,142.35,USD,2036-06-20
PAY0945,Alex Moore,SAL0184,199.88,EUR,2036-06-21
PAY0288,Jordan Anderson,SAL0742,384.89,EUR,2036-06-22
PAY0387,Robin Jackson,SAL0055,872.1,USD,2036-06-23
PAY0809,Riley Smith,SAL0817,966.9,EUR,2036-06-24
PAY0455,Jamie Wilson,SAL0452,1703.38,EUR,2036-06-25
PAY0271,Riley Davis,SAL0902,978.63,USD,2036-06-26
PAY0521,Robin Anderson,SAL0555,774.56,EUR,2036-06-27
PAY0842,Alex Johnson,SAL0557,871.14,USD,2036-06-28
PAY0028,Jordan Smith,SAL0115,1529.08,USD,2036-06-29
PAY0275,Jordan Moore,SAL0539,474.76,USD,2036-06-30
PAY0846,Casey Jackson,SAL0944,1924.09,EUR,2036-07-01
PAY0207,Avery Johnson,SAL0172,1675.57,USD,2036-07-02
PAY0102,Riley Thomas,SAL0730,1491.16,EUR,2036-07-03
PAY0534,Jordan Moore,,400.03,USD,2036-07-04
PAY0648,Quinn Smith,SAL0707,416.35,USD,2036-07-05
PAY0165,Alex Wilson,SAL0775,504.88,EUR,2036-07-06
PAY0541,Jamie Brown,SAL0513,455.42,EUR,2036-07-07
PAY0492,Casey Davis,SAL0839,809.74,USD,2036-07-08
PAY0488,Robin Johnson,SAL0948,1555.03,EUR,2036-07-09
PAY0096,Quinn Thomas,SAL0339,1486.91,USD,2036-07-10
PAY0288,Jordan Anderson,SAL0742,1340.12,EUR,2036-07-11
PAY0658,Morgan Johnson,SAL0120,956.39,EUR,2036-07-12
PAY0089,Casey Taylor,,1971.28,USD,2036-07-13
PAY0876,Quinn Thomas,SAL0926,1290.3,USD,2036-07-14
PAY0526,Riley Jackson,SAL0165,830.9,USD,2036-07-15
PAY0510,Jordan Smith,SAL0750,1927.83,EUR,2036-07-16
PAY0805,Morgan Moore,SAL0035,106.13,USD,2036-07-17
PAY0704,Robin Johnson,SAL0444,1427.89,USD,2036-07-18
PAY0989,Morgan Smith,SAL0651,308.58,USD,2036-07-19
PAY0461,Riley Johnson,SAL0296,1892.94,USD,2036-07-20
PAY0664,Taylor Smith,SAL0936,1594.23,USD,2036-07-21
PAY0617,Quinn Johnson,,1363.73,USD,2036-07-22
PAY0761,Robin Wilson,SAL0443,659.71,USD,2036-07-23
PAY0855,Alex Moore,SAL0130,1315.19,EUR,2036-07-24
PAY0789,Alex Taylor,SAL0813,1533.52,EUR,2036-07-25
PAY0665,Robin Wilson,SAL0943,356.82,EUR,2036-07-26
PAY0559,Taylor Davis,SAL0260,1410.53,EUR,2036-07-27
PAY0921,Robin Johnson,SAL0358,1794.17,USD,2036-07-28
PAY0662,Riley Thomas,,880.3,USD,2036-07-29
PAY0404,Jordan Anderson,SAL0952,65.73,EUR,2036-07-30
PAY0818,Quinn Taylor,SAL0021,425.19,USD,2036-07-31
PAY0478,Robin Wilson,SAL0850,673.84,USD,2036-08-01
PAY0619,Taylor Johnson,SAL0819,1384.54,USD,2036-08-02
PAY0258,Jordan Smith,SAL0095,1727.15,USD,2036-08-03
PAY0039,Quinn Brown,SAL0915,797.5,EUR,2036-08-04
PAY0787,Quinn Brown,SAL0332,1980.65,USD,2036-08-05
PAY0166,Riley Anderson,SAL0159,986.56,EUR,2036-08-06
PAY0109,Avery Wilson,SAL0148,1998.01,USD,2036-08-07
PAY0356,Casey Davis,SAL0536,505.77,EUR,2036-08-08
PAY0619,Taylor Johnson,SAL0819,1677.79,USD,2036-08-09
PAY0819,Alex Moore,SAL0383,1261.17,USD,2036-08-10
PAY0511,Taylor Taylor,SAL0499,596.86,USD,2036-08-11
PAY0465,Quinn Davis,SAL0741,1363.03,USD,2036-08-12
PAY0348,Jamie Taylor,SAL0201,1621.61,USD,2036-08-13
PAY0812,Casey Wilson,SAL0003,971.65,USD,2036-08-14
PAY0431,Taylor Thomas,SAL0060,793.44,EUR,2036-08-15
PAY0365,Avery Thomas,,1563.29,EUR,2036-08-16
PAY0427,Robin Smith,SAL0653,535.72,USD,2036-08-17
PAY0661,Quinn Moore,SAL0162,310.42,EUR,2036-08-18
PAY0154,Riley Brown,,448.19,USD,2036-08-19
PAY0373,Casey Wilson,SAL0360,1949.46,EUR,2036-08-20
PAY0286,Jordan Davis,SAL0846,1281.53,USD,2036-08-21
PAY0630,Alex Taylor,SAL0167,1813.4,EUR,2036-08-22
PAY0049,Casey Brown,SAL0158,1221.83,EUR,2036-08-23
PAY0063,Jamie Taylor,SAL0032,942.92,USD,2036-08-24
PAY0120,Jamie Wilson,,1197.97,EUR,2036-08-25
PAY0171,Riley Thomas,SAL0305,937.89,EUR,2036-08-26
PAY0556,Robin Jackson,SAL0178,1240.52,EUR,2036-08-27
PAY0917,Morgan Moore,SAL0911,895.59,EUR,2036-08-28
PAY0377,Taylor Anderson,SAL0369,553.52,USD,2036-08-29
PAY0966,Casey Wilson,SAL0553,1415.55,USD,2036-08-30
PAY0807,Jordan Taylor,SAL0981,150.41,EUR,2036-08-31
PAY0341,Quinn Johnson,SAL0233,101.32,USD,2036-09-01
PAY0383,Taylor Davis,SAL0726,1905.23,EUR,2036-09-02
PAY0586,Riley Anderson,SAL0713,1667.08,EUR,2036-09-03
PAY0713,Jamie Smith,SAL0906,1322.61,USD,2036-09-04
PAY0516,Riley Johnson,SAL0459,1890.18,USD,2036-09-05
PAY0161,Avery Jackson,,558.48,USD,2036-09-06
PAY0486,Taylor Taylor,SAL0619,1940.83,EUR,2036-09-07
PAY0365,Avery Thomas,SAL0992,1172.19,EUR,2036-09-08
PAY0298,Quinn Jackson,SAL0184,1530.96,USD,2036-09-09
PAY0919,Quinn Taylor,SAL0988,1720.9,USD,2036-09-10
PAY0204,Casey Davis,SAL0498,314.64,EUR,2036-09-11
PAY0365,Avery Thomas,SAL0992,190.6,USD,2036-09-12
PAY0776,Morgan Taylor,SAL0538,636.29,USD,2036-09-13
PAY0888,Alex Johnson,SAL0313,1961.66,USD,2036-09-14
PAY0159,Riley Brown,SAL0719,884.27,USD,2036-09-15
PAY0997,Robin Moore,SAL0062,1985.8,USD,2036-09-16
PAY0041,Jamie Davis,SAL0434,1311.31,USD,2036-09-17
PAY0191,Robin Brown,SAL0884,1140.61,USD,2036-09-18
PAY0049,Casey Brown,SAL0158,1048.69,USD,2036-09-19
PAY0190,Riley Thomas,SAL0815,1551.07,USD,2036-09-20
PAY0036,Avery Brown,SAL0542,1222.11,USD,2036-09-21
PAY0367,Robin Anderson,SAL0803,456.37,EUR,2036-09-22
PAY0191,Robin Brown,,769.3,EUR,2036-09-23
PAY0239,Casey Johnson,SAL0979,1530.02,USD,2036-09-24
PAY0718,Jordan Jackson,SAL0609,859.16,USD,2036-09-25
PAY0516,Riley Johnson,SAL0459,470.48,EUR,2036-09-26
PAY0642,Quinn Johnson,SAL0582,1210.51,EUR,2036-09-27
PAY0036,Avery Brown,,1507.06,USD,2036-09-28
PAY0793,Quinn Davis,SAL0524,1364.82,USD,2036-09-29
PAY0866,Jordan Smith,SAL0206,1375.27,USD,2036-09-30
PAY0352,Quinn Taylor,,143.24,USD,2036-10-01
PAY0104,Robin Jackson,SAL0382,595.88,EUR,2036-10-02
PAY0264,Quinn Davis,SAL0844,1366.64,USD,2036-10-03
PAY0699,Morgan Anderson,SAL0447,1099.46,USD,2036-10-04
PAY0354,Casey Taylor,SAL0100,1778.63,EUR,2036-10-05
PAY0651,Jamie Jackson,SAL0705,1016.8,EUR,2036-10-06
PAY0622,Robin Jackson,SAL0485,1317.62,EUR,2036-10-07
PAY0031,Casey Thomas,SAL0903,319.76,EUR,2036-10-08
PAY0032,Riley Johnson,SAL0708,946.41,EUR,2036-10-09
PAY0917,Morgan Moore,SAL0911,1518.81,USD,2036-10-10
PAY0053,Riley Wilson,SAL0420,1137.27,EUR,2036-10-11
PAY0922,Jamie Taylor,SAL0711,1918.68,EUR,2036-10-12
PAY0341,Quinn Johnson,SAL0188,650.84,EUR,2036-10-13
PAY0362,Avery Davis,SAL0049,198.26,EUR,2036-10-14
PAY0846,Casey Jackson,SAL0795,455.52,USD,2036-10-15
PAY0270,Jamie Taylor,SAL0965,140.7,EUR,2036-10-16
PAY0494,Casey Anderson,SAL0400,826.93,USD,2036-10-17
PAY0670,Quinn Taylor,SAL0781,563.61,USD,2036-10-18
PAY0336,Jordan Moore,SAL0417,1331.59,EUR,2036-10-19
PAY0026,Taylor Moore,SAL0052,440.56,USD,2036-10-20
PAY0113,Riley Moore,SAL0068,1281.03,USD,2036-10-21
PAY0430,Avery Anderson,,959.51,USD,2036-10-22
PAY0944,Jordan Thomas,SAL0135,1639.12,EUR,2036-10-23
PAY0990,Jordan Davis,SAL0439,1220.01,EUR,2036-10-24
PAY0710,Avery Jackson,SAL0425,1117.86,EUR,2036-10-25
PAY0832,Jordan Brown,SAL0643,923.25,EUR,2036-10-26
PAY0757,Riley Smith,SAL0161,1473.82,EUR,2036-10-27
PAY0806,Riley Wilson,SAL0294,1303.53,EUR,2036-10-28
PAY0713,Jamie Smith,SAL0906,597.3,EUR,2036-10-29
PAY0366,Morgan Brown,SAL0569,1358.87,EUR,2036-10-30
PAY0360,Jordan Davis,SAL0722,1247.51,EUR,2036-10-31
PAY0077,Robin Jackson,,719.03,EUR,2036-11-01
PAY0695,Alex Brown,SAL0869,182.21,USD,2036-11-02
PAY0359,Jordan Thomas,SAL0104,57.04,USD,2036-11-03
PAY0391,Taylor Davis,SAL0179,874.49,EUR,2036-11-04
PAY0111,Avery Johnson,SAL0031,1684.44,USD,2036-11-05
PAY0764,Casey Davis,SAL0684,1833.52,USD,2036-11-06
PAY0896,Morgan Anderson,SAL0687,471.75,USD,2036-11-07
PAY0875,Morgan Moore,SAL0623,651.24,EUR,2036-11-08
PAY0477,Jamie Wilson,SAL0719,1125.94,USD,2036-11-09
PAY0834,Morgan Wilson,SAL0723,1025.67,USD,2036-11-10
PAY0238,Avery Smith,SAL0271,639.77,USD,2036-11-11
PAY0240,Taylor Jackson,SAL0644,561.79,USD,2036-11-12
PAY0250,Casey Thomas,SAL0689,1360.79,USD,2036-11-13
PAY0743,Riley Thomas,SAL0061,490.04,EUR,2036-11-14
PAY0155,Quinn Smith,SAL0145,1508.05,EUR,2036-11-15
PAY0060,Jordan Taylor,SAL0218,639.77,USD,2036-11-16
PAY0603,Casey Anderson,SAL0274,764.61,USD,2036-11-17
PAY0997,Robin Moore,SAL0969,779.08,EUR,2036-11-18
PAY0462,Riley Thomas,SAL0878,670.65,USD,2036-11-19
PAY0011,Jamie Thomas,SAL0321,1078.09,EUR,2036-11-20
PAY0960,Jordan Anderson,SAL0554,1003.47,EUR,2036-11-21
PAY0630,Alex Taylor,SAL0167,1258.76,EUR,2036-11-22
PAY0524,Casey Wilson,SAL0487,1948.26,USD,2036-11-23
PAY0814,Jamie Davis,SAL0030,694.07,USD,2036-11-24
PAY0702,Jamie Johnson,SAL0718,1260.63,USD,2036-11-25
PAY0490,Jordan Anderson,SAL0458,479.66,USD,2036-11-26
PAY0200,Quinn Anderson,SAL0635,130.05,USD,2036-11-27
PAY0747,Casey Johnson,,1647.29,EUR,2036-11-28
PAY0631,Riley Thomas,SAL0325,1233.07,USD,2036-11-29
PAY0417,Riley Davis,SAL0993,1393.82,EUR,2036-11-30
PAY0721,Quinn Smith,SAL0697,522.22,USD,2036-12-01
PAY0384,Taylor Johnson,SAL0109,248.13,USD,2036-12-02
PAY0380,Jordan Thomas,SAL0748,1813.98,EUR,2036-12-03
PAY0521,Robin Anderson,SAL0555,1461.27,USD,2036-12-04
PAY0568,Quinn Johnson,SAL0849,1771.17,EUR,2036-12-05
PAY0674,Morgan Moore,SAL0827,172.41,USD,2036-12-06
PAY0305,Casey Davis,SAL0945,649.26,USD,2036-12-07
PAY0362,Avery Davis,SAL0049,1359.85,USD,2036-12-08
PAY0069,Jamie Moore,SAL0093,1493.78,EUR,2036-12-09
PAY0078,Jamie Taylor,SAL0103,1547.71,EUR,2036-12-10
PAY0962,Riley Brown,SAL0122,1430.44,USD,2036-12-11
PAY0600,Jordan Johnson,SAL0895,1976.51,EUR,2036-12-12
PAY0173,Taylor Brown,SAL0064,1948.82,USD,2036-12-13
PAY0976,Quinn Moore,SAL0411,1814.44,EUR,2036-12-14
PAY0371,Jamie Brown,SAL0155,648.23,USD,2036-12-15
PAY0138,Quinn Taylor,,250.81,EUR,2036-12-16
PAY0226,Casey Brown,SAL0963,795.77,EUR,2036-12-17
PAY0638,Casey Johnson,SAL0143,164.8,USD,2036-12-18
PAY0712,Taylor Smith,SAL0842,1610.12,USD,2036-12-19
PAY0982,Alex Taylor,SAL0997,1657.24,USD,2036-12-20
PAY0786,Alex Smith,SAL0191,1630.58,EUR,2036-12-21
PAY0057,Jamie Johnson,SAL0620,1318.25,EUR,2036-12-22
PAY0569,Jamie Moore,SAL0996,793.84,USD,2036-12-23
PAY0050,Alex Thomas,SAL0656,578.43,USD,2036-12-24
PAY0453,Riley Taylor,SAL0565,1158.97,USD,2036-12-25
PAY0786,Alex Smith,SAL0191,1848.84,EUR,2036-12-26
PAY0825,Alex Jackson,SAL0541,1273.23,USD,2036-12-27
PAY0716,Taylor Jackson,,109.49,EUR,2036-12-28
PAY0127,Alex Jackson,SAL0409,712.22,EUR,2036-12-29
PAY0087,Morgan Jackson,SAL0632,423.18,EUR,2036-12-30
PAY0867,Taylor Johnson,SAL0649,731.81,EUR,2036-12-31
PAY0690,Taylor Thomas,SAL0144,137.16,USD,2037-01-01
PAY0026,Taylor Moore,SAL0052,1281.92,EUR,2037-01-02
PAY0639,Jordan Johnson,SAL0013,611.67,USD,2037-01-03
PAY0880,Taylor Johnson,SAL0613,74.95,EUR,2037-01-04
PAY0862,Riley Brown,SAL0192,929.75,EUR,2037-01-05
PAY0038,Taylor Thomas,SAL0633,715.08,USD,2037-01-06
PAY0758,Riley Taylor,SAL0508,1030.22,EUR,2037-01-07
PAY0072,Taylor Brown,SAL0314,448.26,USD,2037-01-08
PAY0471,Casey Thomas,SAL0618,1689.95,EUR,2037-01-09
PAY0662,Riley Thomas,SAL0066,1139.78,EUR,2037-01-10
PAY0356,Casey Davis,SAL0536,879.86,USD,2037-01-11
PAY0285,Robin Johnson,SAL0692,1920.01,EUR,2037-01-12
PAY0286,Jordan Davis,SAL0846,1203.58,USD,2037-01-13
PAY0574,Casey Wilson,SAL0244,427.38,EUR,2037-01-14
PAY0045,Avery Brown,,1669.88,EUR,2037-01-15
PAY0320,Morgan Anderson,SAL0336,1770.3,USD,2037-01-16
PAY0486,Taylor Taylor,SAL0619,692.08,EUR,2037-01-17
PAY0073,Alex Smith,SAL0941,1605.4,EUR,2037-01-18
PAY0316,Jordan Johnson,SAL0820,1903.94,EUR,2037-01-19
PAY0215,Jamie Smith,SAL0231,1519.3,EUR,2037-01-20
PAY0376,Robin Thomas,SAL0772,143.17,EUR,2037-01-21
PAY0885,Robin Smith,SAL0828,1143.55,EUR,2037-01-22
PAY0919,Quinn Taylor,SAL0988,974.75,USD,2037-01-23
PAY0043,Jamie Davis,,481.07,EUR,2037-01-24
PAY0114,Robin Anderson,SAL0266,1735.84,EUR,2037-01-25
PAY0226,Casey Brown,SAL0963,1551.93,EUR,2037-01-26
PAY0983,Robin Jackson,,1206.35,USD,2037-01-27
PAY0816,Morgan Moore,SAL0349,1341.73,USD,2037-01-28
PAY0853,Robin Brown,SAL0474,1817.15,USD,2037-01-29
PAY0431,Taylor Thomas,SAL0060,475.75,USD,2037-01-30
PAY0033,Jamie Jackson,SAL0277,1801.64,EUR,2037-01-31
PAY0554,Morgan Anderson,SAL0101,1378.94,EUR,2037-02-01
PAY0291,Morgan Johnson,SAL0180,1015.66,USD,2037-02-02
PAY0021,Morgan Brown,SAL0695,681.7,USD,2037-02-03
PAY0837,Taylor Moore,SAL0490,597.42,EUR,2037-02-04
PAY0031,Casey Thomas,SAL0903,335.79,USD,2037-02-05
PAY0950,Jamie Anderson,SAL0535,1878.38,EUR,2037-02-06
PAY0393,Jamie Wilson,SAL0991,1432.78,USD,2037-02-07
PAY0468,Morgan Wilson,SAL0712,1002.66,EUR,2037-02-08
PAY0557,Jordan Brown,SAL0427,1387.37,EUR,2037-02-09
PAY0139,Robin Johnson,SAL0797,1780.28,USD,2037-02-10
PAY0507,Avery Taylor,SAL0033,284.59,USD,2037-02-11
PAY0692,Riley Moore,SAL0202,877.58,EUR,2037-02-12
PAY0242,Robin Anderson,SAL0193,743.41,EUR,2037-02-13
PAY0569,Jamie Moore,SAL0996,1300.59,EUR,2037-02-14
PAY0598,Jamie Thomas,,909.17,EUR,2037-02-15
PAY0201,Avery Jackson,SAL0230,1831.35,USD,2037-02-16
PAY0818,Quinn Taylor,SAL0021,1485.98,USD,2037-02-17
PAY0115,Riley Johnson,SAL0641,1579.35,USD,2037-02-18
PAY0718,Jordan Jackson,SAL0609,1172.43,USD,2037-02-19
PAY0174,Jamie Jackson,SAL0516,296.19,EUR,2037-02-20
PAY0510,Jordan Smith,SAL0750,645.35,USD,2037-02-21
PAY0691,Taylor Jackson,SAL0751,145.2,EUR,2037-02-22
PAY0581,Taylor Thomas,SAL0549,1912.09,USD,2037-02-23
PAY0218,Morgan Brown,SAL0011,1824.48,USD,2037-02-24
PAY0566,Taylor Johnson,SAL0550,477.39,USD,2037-02-25
PAY0424,Quinn Smith,SAL0455,830.48,EUR,2037-02-26
PAY0913,Quinn Smith,SAL0027,559.37,EUR,2037-02-27
PAY0644,Morgan Johnson,SAL0299,1192.25,EUR,2037-02-28
PAY0123,Morgan Johnson,SAL0596,1718.79,EUR,2037-03-01
PAY0428,Riley Moore,,315.26,EUR,2037-03-02
PAY0227,Riley Thomas,SAL0528,1408.69,EUR,2037-03-03
PAY0068,Riley Taylor,,1218.64,USD,2037-03-04
PAY0919,Quinn Taylor,SAL0988,916.67,USD,2037-03-05
PAY0563,Taylor Moore,SAL0213,133.02,USD,2037-03-06
PAY0891,Avery Brown,SAL0216,675.92,USD,2037-03-07
PAY0403,Jamie Wilson,SAL0932,1019.4,EUR,2037-03-08
PAY0573,Avery Thomas,SAL0871,224.21,USD,2037-03-09
PAY0430,Avery Anderson,SAL0250,474.21,EUR,2037-03-10
PAY0514,Robin Johnson,SAL0677,570.64,EUR,2037-03-11
PAY0867,Taylor Johnson,SAL0649,1564.68,USD,2037-03-12
PAY0132,Jamie Thomas,SAL0440,1349.29,USD,2037-03-13
PAY0769,Riley Johnson,SAL0456,992.39,EUR,2037-03-14
PAY0256,Avery Smith,SAL0876,1391.59,EUR,2037-03-15
PAY0094,Taylor Johnson,SAL0496,1572.47,EUR,2037-03-16
PAY0262,Alex Brown,SAL0149,1839.42,USD,2037-03-17
PAY0507,Avery Taylor,SAL0033,526.85,EUR,2037-03-18
PAY0873,Jordan Thomas,SAL0585,907.95,EUR,2037-03-19
PAY0741,Quinn Davis,SAL0778,1800.89,EUR,2037-03-20
PAY0476,Jamie Taylor,SAL0300,1464.3,EUR,2037-03-21
PAY0833,Casey Thomas,SAL0624,1295.36,EUR,2037-03-22
PAY0754,Alex Anderson,SAL0759,967.96,EUR,2037-03-23
PAY0245,Avery Thomas,SAL0520,1149.17,USD,2037-03-24
PAY0947,Casey Anderson,SAL0709,1546.98,USD,2037-03-25
PAY0570,Quinn Moore,SAL0436,631.99,USD,2037-03-26
PAY0787,Quinn Brown,SAL0332,954.44,USD,2037-03-27
PAY0505,Riley Brown,SAL0701,264.09,EUR,2037-03-28
PAY0133,Jordan Taylor,SAL0124,1724.68,EUR,2037-03-29
PAY0570,Quinn Moore,SAL0436,1343.26,EUR,2037-03-30
PAY0244,Taylor Wilson,SAL0408,387.25,EUR,2037-03-31
PAY0407,Jamie Thomas,SAL0529,832.52,USD,2037-04-01
PAY0859,Avery Davis,SAL0329,1934.49,EUR,2037-04-02
PAY0601,Morgan Davis,SAL0457,691.16,EUR,2037-04-03
PAY0385,Alex Wilson,SAL0239,662.44,USD,2037-04-04
PAY0693,Robin Davis,SAL0131,1935.14,EUR,2037-04-05
PAY0032,Riley Johnson,SAL0708,1185.04,EUR,2037-04-06
PAY0104,Robin Jackson,SAL0382,1674.09,EUR,2037-04-07
PAY0596,Robin Moore,SAL0669,847.13,USD,2037-04-08
PAY0323,Avery Jackson,SAL0923,1822.71,USD,2037-04-09
PAY0533,Alex Thomas,SAL0606,514.76,EUR,2037-04-10
PAY0826,Jamie Taylor,SAL0086,956.78,EUR,2037-04-11
PAY0597,Jamie Smith,SAL0972,916.95,USD,2037-04-12
PAY0724,Taylor Brown,SAL0914,1200.24,USD,2037-04-13
PAY0620,Jordan Brown,SAL0224,731.13,EUR,2037-04-14
PAY0221,Jordan Davis,SAL0843,1440.09,EUR,2037-04-15
PAY0450,Robin Thomas,SAL0286,1544.84,USD,2037-04-16
PAY0447,Casey Smith,SAL0070,1236.54,EUR,2037-04-17
PAY0799,Alex Thomas,SAL0215,728.47,USD,2037-04-18
PAY0702,Jamie Johnson,SAL0718,254.48,USD,2037-04-19
PAY0544,Casey Johnson,SAL0985,1591.63,EUR,2037-04-20
PAY0194,Taylor Taylor,,893.33,USD,2037-04-21
PAY0492,Casey Davis,SAL0839,1375.81,EUR,2037-04-22
PAY0520,Casey Taylor,,1511.06,EUR,2037-04-23
PAY0463,Casey Taylor,SAL0054,1121.87,EUR,2037-04-24
PAY0673,Taylor Brown,SAL0899,738.23,USD,2037-04-25
PAY0347,Robin Jackson,,767.63,EUR,2037-04-26
PAY0904,Riley Wilson,SAL0732,138.68,USD,2037-04-27
PAY0601,Morgan Davis,SAL0457,1099.75,EUR,2037-04-28
PAY0959,Casey Taylor,SAL0059,1611.65,USD,2037-04-29
PAY0559,Taylor Davis,,195.1,USD,2037-04-30
PAY0303,Morgan Jackson,SAL0885,1721.68,USD,2037-05-01
PAY0411,Alex Smith,SAL0657,1248.25,EUR,2037-05-02
PAY0384,Taylor Johnson,SAL0109,488.78,EUR,2037-05-03
PAY0715,Riley Wilson,SAL0377,857.39,USD,2037-05-04
PAY0015,Jamie Johnson,SAL0570,1928.37,USD,2037-05-05
PAY0496,Robin Davis,SAL0366,1345.18,EUR,2037-05-06
PAY0689,Morgan Brown,SAL0758,760.2,EUR,2037-05-07
PAY0850,Casey Jackson,,349.07,USD,2037-05-08
PAY0372,Jordan Brown,SAL0704,1899.74,EUR,2037-05-09
PAY0337,Taylor Brown,SAL0573,1629.07,EUR,2037-05-10
PAY0037,Avery Johnson,SAL0226,1778.39,EUR,2037-05-11
PAY0583,Avery Brown,SAL0108,222.5,USD,2037-05-12
PAY0383,Taylor Davis,SAL0726,1614.42,USD,2037-05-13
PAY0731,Quinn Thomas,,678.43,USD,2037-05-14
PAY0384,Taylor Johnson,SAL0109,261.0,EUR,2037-05-15
PAY0715,Riley Wilson,SAL0377,1621.76,USD,2037-05-16
PAY0238,Avery Smith,SAL0271,646.96,EUR,2037-05-17
PAY0102,Riley Thomas,SAL0730,1276.78,EUR,2037-05-18
PAY0963,Morgan Jackson,SAL0347,402.68,EUR,2037-05-19
PAY0520,Casey Taylor,SAL0265,1065.51,EUR,2037-05-20
PAY0475,Casey Taylor,,927.78,USD,2037-05-21
PAY0636,Robin Jackson,SAL0463,451.85,USD,2037-05-22
PAY0699,Morgan Anderson,SAL0447,1683.13,EUR,2037-05-23
PAY0754,Alex Anderson,SAL0759,1568.26,EUR,2037-05-24
PAY0430,Avery Anderson,SAL0250,794.9,USD,2037-05-25
PAY0237,Alex Thomas,SAL0944,1340.66,USD,2037-05-26
PAY0481,Quinn Thomas,SAL0005,1950.82,USD,2037-05-27
PAY0948,Morgan Wilson,SAL0858,1106.32,EUR,2037-05-28
PAY0627,Morgan Taylor,,989.28,EUR,2037-05-29
PAY0119,Jamie Taylor,SAL0255,991.66,USD,2037-05-30
PAY0463,Casey Taylor,SAL0054,992.18,USD,2037-05-31
PAY0296,Robin Taylor,SAL0593,956.81,USD,2037-06-01
PAY0012,Taylor Brown,SAL0676,992.21,EUR,2037-06-02
PAY0847,Riley Anderson,SAL0038,861.27,USD,2037-06-03
PAY0047,Jamie Taylor,SAL0977,1113.92,EUR,2037-06-04
PAY0940,Morgan Jackson,SAL0079,250.81,EUR,2037-06-05
PAY0750,Taylor Jackson,SAL0045,491.07,USD,2037-06-06
PAY0336,Jordan Moore,SAL0417,690.59,EUR,2037-06-07
PAY0007,Avery Brown,SAL0449,632.1,USD,2037-06-08
PAY0872,Alex Taylor,SAL0625,1817.1,USD,2037-06-09
PAY0912,Jordan Smith,,1580.02,EUR,2037-06-10
PAY0875,Morgan Moore,SAL0623,1932.25,EUR,2037-06-11
PAY0554,Morgan Anderson,SAL0101,304.84,USD,2037-06-12
PAY0996,Robin Moore,SAL0728,1381.22,USD,2037-06-13
PAY0817,Avery Thomas,SAL0745,778.84,USD,2037-06-14
PAY0445,Morgan Johnson,,1180.18,EUR,2037-06-15
PAY0315,Casey Moore,SAL0857,391.55,EUR,2037-06-16
PAY0634,Taylor Anderson,SAL0879,535.49,EUR,2037-06-17
PAY0674,Morgan Moore,,385.15,USD,2037-06-18
PAY0882,Taylor Wilson,SAL0727,1164.2,USD,2037-06-19
PAY0727,Avery Smith,SAL0891,765.33,EUR,2037-06-20
PAY0238,Avery Smith,SAL0271,1693.93,USD,2037-06-21
PAY0531,Taylor Taylor,SAL0208,500.04,EUR,2037-06-22
PAY0291,Morgan Johnson,SAL0180,211.23,EUR,2037-06-23
PAY0830,Taylor Wilson,SAL0469,1616.7,USD,2037-06-24
PAY0603,Casey Anderson,,544.76,USD,2037-06-25
PAY0453,Riley Taylor,,288.13,USD,2037-06-26
PAY0505,Riley Brown,SAL0701,1819.33,USD,2037-06-27
PAY0644,Morgan Johnson,SAL0299,419.33,EUR,2037-06-28
PAY0741,Quinn Davis,SAL0778,1427.74,USD,2037-06-29
PAY0305,Casey Davis,SAL0945,1528.82,EUR,2037-06-30
PAY0950,Jamie Anderson,SAL0535,1721.19,USD,2037-07-01
PAY0023,Quinn Smith,SAL0638,1025.62,USD,2037-07-02
PAY0653,Morgan Thomas,SAL0646,302.66,EUR,2037-07-03
PAY0719,Taylor Moore,SAL0510,814.71,USD,2037-07-04
PAY0792,Taylor Jackson,SAL0939,1201.66,USD,2037-07-05
PAY0127,Alex Jackson,SAL0563,554.79,EUR,2037-07-06
PAY0966,Casey Wilson,SAL0553,956.34,EUR,2037-07-07
PAY0293,Alex Thomas,SAL0077,595.64,EUR,2037-07-08
PAY0286,Jordan Davis,SAL0074,1443.09,EUR,2037-07-09
PAY0964,Jamie Smith,SAL0639,504.7,USD,2037-07-10
PAY0507,Avery Taylor,SAL0033,510.85,USD,2037-07-11
PAY0822,Alex Jackson,SAL0190,1592.93,EUR,2037-07-12
PAY0926,Robin Jackson,SAL0511,1961.05,EUR,2037-07-13
PAY0734,Quinn Smith,SAL0648,1108.55,USD,2037-07-14
PAY0250,Casey Thomas,SAL0689,1967.28,USD,2037-07-15
PAY0306,Jamie Davis,SAL0934,1982.11,EUR,2037-07-16
PAY0220,Quinn Thomas,SAL0758,614.54,EUR,2037-07-17
PAY0178,Jamie Thomas,SAL0837,1704.98,EUR,2037-07-18
PAY0464,Riley Taylor,SAL0987,632.85,EUR,2037-07-19
PAY0459,Quinn Jackson,SAL0504,259.63,EUR,2037-07-20
PAY0342,Alex Thomas,SAL0236,814.8,EUR,2037-07-21
PAY0802,Jamie Brown,SAL0754,734.63,EUR,2037-07-22
PAY0700,Casey Thomas,SAL0137,1590.99,USD,2037-07-23
PAY0392,Casey Wilson,SAL0860,459.67,EUR,2037-07-24
PAY0884,Jordan Jackson,,1528.51,USD,2037-07-25
PAY0088,Avery Jackson,SAL0310,1386.3,EUR,2037-07-26
PAY0286,Jordan Davis,SAL0846,896.05,USD,2037-07-27
PAY0872,Alex Taylor,SAL0625,1732.66,USD,2037-07-28
PAY0765,Taylor Johnson,SAL0882,849.05,EUR,2037-07-29
PAY0118,Avery Anderson,,909.38,EUR,2037-07-30
PAY0894,Jordan Anderson,SAL0990,129.72,USD,2037-07-31
PAY0287,Taylor Taylor,SAL0897,783.68,EUR,2037-08-01
PAY0664,Taylor Smith,SAL0936,1503.59,EUR,2037-08-02
PAY0606,Riley Johnson,,1895.39,USD,2037-08-03
PAY0241,Riley Wilson,SAL0082,1130.1,EUR,2037-08-04
PAY0524,Casey Wilson,SAL0487,113.34,USD,2037-08-05
PAY0359,Jordan Thomas,SAL0104,425.56,USD,2037-08-06
PAY0510,Jordan Smith,SAL0750,1252.73,USD,2037-08-07
PAY0922,Jamie Taylor,,1585.62,USD,2037-08-08
PAY0156,Avery Wilson,SAL0225,1970.58,EUR,2037-08-09
PAY0708,Riley Moore,SAL0461,54.5,EUR,2037-08-10
PAY0158,Morgan Taylor,SAL0770,903.41,EUR,2037-08-11
PAY0080,Riley Davis,SAL0089,645.77,USD,2037-08-12
PAY0045,Avery Brown,SAL0821,1445.03,USD,2037-08-13
PAY0645,Casey Johnson,SAL0783,1883.4,EUR,2037-08-14
PAY0407,Jamie Thomas,SAL0529,610.17,EUR,2037-08-15
PAY0944,Jordan Thomas,SAL0135,257.94,USD,2037-08-16
PAY0278,Riley Jackson,SAL0652,1928.02,USD,2037-08-17
PAY0298,Quinn Jackson,SAL0184,532.78,EUR,2037-08-18
PAY0891,Avery Brown,SAL0216,307.42,EUR,2037-08-19
PAY0582,Jamie Smith,,1726.3,EUR,2037-08-20
PAY0550,Avery Brown,SAL0559,920.93,EUR,2037-08-21
PAY0931,Casey Taylor,SAL0312,495.94,USD,2037-08-22
PAY0069,Jamie Moore,SAL0093,196.56,EUR,2037-08-23
PAY0001,Casey Smith,,1939.24,EUR,2037-08-24
PAY0401,Casey Wilson,,457.25,USD,2037-08-25
PAY0156,Avery Wilson,SAL0225,1072.74,EUR,2037-08-26
PAY0391,Taylor Davis,SAL0179,445.82,USD,2037-08-27
PAY0087,Morgan Jackson,SAL0632,653.94,EUR,2037-08-28
PAY0392,Casey Wilson,SAL0860,1644.0,EUR,2037-08-29
PAY0988,Jordan Anderson,SAL0435,653.93,USD,2037-08-30
PAY0387,Robin Jackson,SAL0055,1532.47,USD,2037-08-31
PAY0298,Quinn Jackson,SAL0184,203.23,USD,2037-09-01
PAY0757,Riley Smith,SAL0161,710.03,USD,2037-09-02
PAY0538,Quinn Smith,,1378.16,USD,2037-09-03
PAY0879,Taylor Taylor,SAL0611,630.24,EUR,2037-09-04
PAY0325,Morgan Johnson,SAL0526,1021.66,USD,2037-09-05
PAY0014,Alex Wilson,SAL0183,158.33,EUR,2037-09-06
PAY0759,Casey Brown,SAL0670,959.61,USD,2037-09-07
PAY0153,Avery Brown,,841.22,EUR,2037-09-08
PAY0502,Jordan Anderson,SAL0230,149.06,EUR,2037-09-09
PAY0980,Casey Thomas,SAL0429,1545.65,EUR,2037-09-10
PAY0348,Jamie Taylor,SAL0201,76.12,EUR,2037-09-11
PAY0445,Morgan Johnson,SAL0493,1809.07,USD,2037-09-12
PAY0903,Avery Wilson,SAL0092,70.41,USD,2037-09-13
PAY0252,Robin Moore,,918.6,USD,2037-09-14
PAY0955,Jordan Taylor,SAL0388,197.18,EUR,2037-09-15
PAY0907,Taylor Jackson,SAL0506,1286.82,USD,2037-09-16
PAY0670,Quinn Taylor,SAL0781,258.37,EUR,2037-09-17
PAY0724,Taylor Brown,SAL0914,307.86,USD,2037-09-18
PAY0241,Riley Wilson,SAL0082,140.13,USD,2037-09-19
PAY0210,Riley Moore,SAL0599,296.34,USD,2037-09-20
PAY0400,Riley Moore,SAL0812,1691.47,EUR,2037-09-21
PAY0455,Jamie Wilson,SAL0452,979.4,EUR,2037-09-22
PAY0426,Morgan Smith,SAL0631,251.12,EUR,2037-09-23
PAY0251,Jamie Moore,SAL0374,887.24,USD,2037-09-24
PAY0395,Quinn Smith,,212.4,USD,2037-09-25
PAY0031,Casey Thomas,SAL0903,1669.46,EUR,2037-09-26
PAY0992,Robin Thomas,SAL0378,1928.19,USD,2037-09-27
PAY0687,Avery Brown,SAL0522,514.54,EUR,2037-09-28
PAY0379,Quinn Wilson,SAL0865,1222.52,USD,2037-09-29
PAY0920,Avery Smith,,1323.61,EUR,2037-09-30
PAY0419,Quinn Jackson,SAL0587,1851.81,EUR,2037-10-01
PAY0586,Riley Anderson,SAL0713,385.11,EUR,2037-10-02
PAY0632,Jordan Taylor,SAL0467,435.23,EUR,2037-10-03
PAY0935,Morgan Thomas,,951.76,EUR,2037-10-04
PAY0886,Riley Thomas,SAL0729,979.28,EUR,2037-10-05
PAY0461,Riley Johnson,SAL0296,649.4,USD,2037-10-06
PAY0155,Quinn Smith,,1164.14,USD,2037-10-07
PAY0998,Jamie Johnson,SAL0893,86.59,EUR,2037-10-08
PAY0106,Avery Moore,SAL0012,1735.08,USD,2037-10-09
PAY0022,Avery Wilson,SAL0749,1156.87,USD,2037-10-10
PAY0584,Robin Wilson,SAL0295,740.96,USD,2037-10-11
PAY0107,Alex Jackson,SAL0252,1764.01,EUR,2037-10-12
PAY0192,Robin Johnson,SAL0348,319.92,EUR,2037-10-13
PAY0401,Casey Wilson,SAL0956,114.45,EUR,2037-10-14
PAY0423,Casey Davis,SAL0343,1211.09,USD,2037-10-15
PAY0384,Taylor Johnson,SAL0109,1668.86,USD,2037-10-16
PAY0568,Quinn Johnson,SAL0630,339.2,USD,2037-10-17
PAY0558,Casey Johnson,SAL0237,1516.68,USD,2037-10-18
PAY0458,Jordan Johnson,SAL0755,1827.31,EUR,2037-10-19
PAY0131,Jordan Wilson,SAL0870,1164.58,USD,2037-10-20
PAY0549,Jordan Taylor,SAL0450,1067.32,USD,2037-10-21
PAY0382,Robin Moore,SAL0907,1958.84,EUR,2037-10-22
PAY0373,Casey Wilson,SAL0129,357.93,USD,2037-10-23
PAY0518,Avery Smith,SAL0698,679.93,EUR,2037-10-24
PAY0887,Taylor Anderson,SAL0594,1585.66,USD,2037-10-25
PAY0415,Avery Thomas,SAL0375,1210.5,USD,2037-10-26
PAY0173,Taylor Brown,SAL0064,637.33,USD,2037-10-27
PAY0931,Casey Taylor,,1453.42,USD,2037-10-28
PAY0147,Jordan Thomas,SAL0759,123.97,USD,2037-10-29
PAY0242,Robin Anderson,SAL0583,181.73,EUR,2037-10-30
PAY0081,Morgan Thomas,SAL0460,1003.34,EUR,2037-10-31
PAY0441,Jordan Brown,SAL0622,152.37,EUR,2037-11-01
PAY0776,Morgan Taylor,SAL0538,831.08,EUR,2037-11-02
PAY0439,Taylor Taylor,SAL0305,1512.35,EUR,2037-11-03
PAY0690,Taylor Thomas,SAL0608,1733.01,USD,2037-11-04
PAY0112,Casey Brown,,500.84,EUR,2037-11-05
PAY0911,Riley Johnson,SAL0700,1714.66,USD,2037-11-06
PAY0356,Casey Davis,,390.31,EUR,2037-11-07
PAY0031,Casey Thomas,,940.51,USD,2037-11-08
PAY0720,Jamie Smith,SAL0558,1789.28,USD,2037-11-09
PAY0928,Morgan Davis,SAL0096,590.61,USD,2037-11-10
PAY0812,Casey Wilson,SAL0003,148.42,USD,2037-11-11
PAY0220,Quinn Thomas,SAL0564,398.49,EUR,2037-11-12
PAY0190,Riley Thomas,SAL0832,1285.41,EUR,2037-11-13
PAY0329,Quinn Jackson,,157.18,USD,2037-11-14
PAY0155,Quinn Smith,SAL0145,191.61,USD,2037-11-15
PAY0913,Quinn Smith,SAL0682,236.88,USD,2037-11-16
PAY0289,Jordan Davis,SAL0105,1897.06,EUR,2037-11-17
PAY0565,Morgan Thomas,SAL0448,1617.75,EUR,2037-11-18
PAY0196,Quinn Taylor,SAL0545,583.1,USD,2037-11-19
PAY0330,Robin Thomas,SAL0841,633.35,EUR,2037-11-20
PAY0990,Jordan Davis,SAL0439,1207.78,USD,2037-11-21
PAY0406,Morgan Wilson,SAL0584,220.82,EUR,2037-11-22
PAY0771,Jamie Davis,SAL0476,998.31,USD,2037-11-23
PAY0321,Jamie Thomas,SAL0880,1955.64,EUR,2037-11-24
PAY0090,Taylor Thomas,SAL0253,1498.7,EUR,2037-11-25
PAY0765,Taylor Johnson,SAL0882,1536.08,USD,2037-11-26
PAY0520,Casey Taylor,SAL0265,699.7,EUR,2037-11-27
PAY0958,Jordan Thomas,SAL0800,1017.55,USD,2037-11-28
PAY0040,Riley Johnson,SAL0029,1605.21,USD,2037-11-29
PAY0803,Taylor Taylor,SAL0205,306.35,EUR,2037-11-30
PAY0829,Riley Anderson,SAL0626,1578.48,USD,2037-12-01
PAY0220,Quinn Thomas,SAL0564,1711.54,EUR,2037-12-02
PAY0040,Riley Johnson,SAL0029,513.02,USD,2037-12-03
PAY0957,Casey Johnson,SAL0604,899.85,USD,2037-12-04
PAY0148,Robin Brown,SAL0735,156.73,EUR,2037-12-05
PAY0643,Casey Johnson,,1321.66,EUR,2037-12-06
PAY0632,Jordan Taylor,SAL0467,420.2,USD,2037-12-07
PAY0772,Jamie Thomas,SAL0674,1830.16,USD,2037-12-08
PAY0025,Morgan Anderson,SAL0350,263.14,USD,2037-12-09
PAY0275,Jordan Moore,SAL0539,237.29,USD,2037-12-10
PAY0983,Robin Jackson,SAL0867,996.9,USD,2037-12-11
PAY0478,Robin Wilson,SAL0850,598.04,EUR,2037-12-12
PAY0441,Jordan Brown,SAL0622,523.99,USD,2037-12-13
PAY0342,Alex Thomas,SAL0236,1430.06,EUR,2037-12-14
PAY0210,Riley Moore,SAL0599,1868.56,USD,2037-12-15
PAY0599,Quinn Brown,,1338.63,EUR,2037-12-16
PAY0702,Jamie Johnson,SAL0718,1135.77,USD,2037-12-17
PAY0483,Alex Wilson,SAL0023,116.84,EUR,2037-12-18
PAY0374,Jordan Smith,SAL0683,355.36,USD,2037-12-19
PAY0676,Alex Johnson,SAL0791,1362.8,EUR,2037-12-20
PAY0052,Taylor Johnson,SAL0146,943.3,EUR,2037-12-21
PAY0363,Taylor Wilson,,1055.74,USD,2037-12-22
PAY0581,Taylor Thomas,SAL0549,1548.86,EUR,2037-12-23
PAY0507,Avery Taylor,SAL0033,1216.91,EUR,2037-12-24
PAY0379,Quinn Wilson,,1955.04,USD,2037-12-25
PAY0430,Avery Anderson,SAL0250,805.68,EUR,2037-12-26
PAY0418,Riley Wilson,SAL0987,1077.37,EUR,2037-12-27
PAY0339,Alex Moore,SAL0868,1144.31,EUR,2037-12-28
PAY0844,Robin Johnson,SAL0665,643.43,EUR,2037-12-29
PAY0877,Casey Davis,SAL0346,1601.43,EUR,2037-12-30
PAY0929,Jordan Davis,SAL0801,1855.95,USD,2037-12-31
PAY0500,Morgan Anderson,SAL0968,905.85,USD,2038-01-01
PAY0712,Taylor Smith,SAL0842,731.51,EUR,2038-01-02
PAY0347,Robin Jackson,SAL0065,1552.53,EUR,2038-01-03
PAY0826,Jamie Taylor,SAL0086,1370.16,USD,2038-01-04
PAY0582,Jamie Smith,SAL0551,988.01,USD,2038-01-05
PAY0999,Avery Moore,SAL0848,602.18,EUR,2038-01-06
PAY0203,Jamie Anderson,SAL0445,251.82,EUR,2038-01-07
PAY0255,Jamie Anderson,SAL0825,781.15,EUR,2038-01-08
PAY0378,Jamie Johnson,SAL0006,162.72,EUR,2038-01-09
PAY0157,Riley Smith,SAL0139,1987.38,USD,2038-01-10
PAY0603,Casey Anderson,SAL0274,1123.59,USD,2038-01-11
PAY0019,Jamie Davis,SAL0219,1280.64,USD,2038-01-12
PAY0446,Quinn Thomas,SAL0590,654.22,USD,2038-01-13
PAY0956,Alex Anderson,SAL0166,1606.75,EUR,2038-01-14
PAY0462,Riley Thomas,SAL0878,1358.94,USD,2038-01-15
PAY0515,Robin Thomas,SAL0282,485.63,USD,2038-01-16
PAY0109,Avery Wilson,SAL0148,490.75,USD,2038-01-17
PAY0111,Avery Johnson,SAL0031,257.4,EUR,2038-01-18
PAY0482,Jordan Johnson,SAL0267,1521.46,USD,2038-01-19
PAY0760,Alex Brown,SAL0405,429.57,USD,2038-01-20
PAY0949,Alex Anderson,SAL0088,333.28,USD,2038-01-21
PAY0902,Jordan Anderson,SAL0983,838.23,USD,2038-01-22
PAY0025,Morgan Anderson,SAL0350,302.8,EUR,2038-01-23
PAY0802,Jamie Brown,SAL0754,962.79,USD,2038-01-24
PAY0528,Casey Brown,SAL0680,769.48,USD,2038-01-25
PAY0384,Taylor Johnson,SAL0109,1057.34,USD,2038-01-26
PAY0024,Avery Taylor,SAL0598,1821.02,EUR,2038-01-27
PAY0473,Quinn Wilson,SAL0072,134.72,USD,2038-01-28
PAY0377,Taylor Anderson,SAL0369,297.82,EUR,2038-01-29
PAY0134,Robin Johnson,SAL0407,1247.71,EUR,2038-01-30
PAY0132,Jamie Thomas,SAL0440,686.45,EUR,2038-01-31
PAY0469,Casey Smith,SAL0960,1125.73,EUR,2038-02-01
PAY0506,Casey Wilson,SAL0088,332.26,EUR,2038-02-02
PAY0939,Taylor Anderson,SAL0912,1096.55,EUR,2038-02-03
PAY0644,Morgan Johnson,SAL0299,1743.2,USD,2038-02-04
PAY0693,Robin Davis,SAL0131,131.03,USD,2038-02-05
PAY0026,Taylor Moore,SAL0052,1089.38,USD,2038-02-06
PAY0050,Alex Thomas,SAL0656,1194.96,USD,2038-02-07
PAY0094,Taylor Johnson,SAL0989,1536.36,EUR,2038-02-08
PAY0884,Jordan Jackson,SAL0703,564.2,USD,2038-02-09
PAY0192,Robin Johnson,SAL0348,1501.5,USD,2038-02-10
PAY0198,Riley Anderson,SAL0433,1480.59,EUR,2038-02-11
PAY0080,Riley Davis,SAL0381,328.88,EUR,2038-02-12
PAY0794,Casey Brown,SAL0966,1126.81,USD,2038-02-13
PAY0618,Jamie Taylor,SAL0740,560.58,EUR,2038-02-14
PAY0062,Alex Jackson,SAL0353,252.11,USD,2038-02-15
PAY0475,Casey Taylor,SAL0248,217.55,USD,2038-02-16
PAY0149,Taylor Thomas,SAL0233,917.62,USD,2038-02-17
PAY0478,Robin Wilson,SAL0850,1029.54,EUR,2038-02-18
PAY0539,Jamie Wilson,SAL0647,1595.15,EUR,2038-02-19
PAY0413,Avery Smith,SAL0484,1644.18,EUR,2038-02-20
PAY0190,Riley Thomas,SAL0815,435.97,EUR,2038-02-21
PAY0576,Riley Jackson,SAL0152,1825.33,EUR,2038-02-22
PAY0046,Morgan Jackson,SAL0753,1540.91,EUR,2038-02-23
PAY0489,Casey Johnson,SAL0830,574.15,USD,2038-02-24
PAY0035,Taylor Johnson,,483.84,EUR,2038-02-25
PAY0471,Casey Thomas,SAL0618,1182.22,EUR,2038-02-26
PAY0020,Quinn Moore,SAL0717,1236.49,USD,2038-02-27
PAY0184,Robin Anderson,SAL0541,223.48,EUR,2038-02-28
PAY0295,Jamie Jackson,SAL0244,1675.24,USD,2038-03-01
PAY0419,Quinn Jackson,SAL0587,1627.68,EUR,2038-03-02
PAY0143,Jordan Jackson,SAL0789,1309.51,USD,2038-03-03
PAY0166,Riley Anderson,SAL0895,220.8,USD,2038-03-04
PAY0777,Robin Wilson,SAL0974,841.79,EUR,2038-03-05
PAY0324,Avery Wilson,,678.13,EUR,2038-03-06
PAY0236,Jordan Smith,SAL0595,169.79,EUR,2038-03-07
PAY0366,Morgan Brown,SAL0569,954.56,EUR,2038-03-08
PAY0144,Casey Wilson,SAL0928,1289.38,EUR,2038-03-09
PAY0207,Avery Johnson,SAL0172,961.23,USD,2038-03-10
PAY0884,Jordan Jackson,SAL0703,1977.04,EUR,2038-03-11
PAY0501,Casey Thomas,SAL0322,190.04,EUR,2038-03-12
PAY0596,Robin Moore,SAL0669,986.92,EUR,2038-03-13
PAY0918,Jordan Taylor,SAL0532,1980.95,USD,2038-03-14
PAY0683,Robin Anderson,SAL0391,1866.58,USD,2038-03-15
PAY0631,Riley Thomas,SAL0325,1529.83,USD,2038-03-16
PAY0281,Morgan Brown,SAL0198,96.07,USD,2038-03-17
PAY0710,Avery Jackson,SAL0425,1892.39,EUR,2038-03-18
PAY0882,Taylor Wilson,SAL0727,923.09,USD,2038-03-19
PAY0096,Quinn Thomas,SAL0339,1062.02,EUR,2038-03-20
PAY0525,Jordan Davis,SAL0288,1883.24,USD,2038-03-21
PAY0586,Riley Anderson,SAL0713,1563.5,USD,2038-03-22
PAY0553,Robin Taylor,SAL0360,752.38,USD,2038-03-23
PAY0458,Jordan Johnson,SAL0755,1253.52,USD,2038-03-24
PAY0326,Jamie Wilson,SAL0301,468.16,EUR,2038-03-25
PAY0370,Morgan Jackson,SAL0441,981.36,EUR,2038-03-26
PAY0091,Jamie Jackson,SAL0318,1924.98,EUR,2038-03-27
PAY0495,Morgan Johnson,SAL0298,351.8,EUR,2038-03-28
PAY0572,Taylor Jackson,SAL0409,1840.58,EUR,2038-03-29
PAY0976,Quinn Moore,SAL0411,692.66,USD,2038-03-30
PAY0474,Robin Anderson,SAL0138,984.37,EUR,2038-03-31
PAY0306,Jamie Davis,SAL0934,558.51,USD,2038-04-01
PAY0404,Jordan Anderson,SAL0952,1174.19,USD,2038-04-02
PAY0708,Riley Moore,SAL0461,1237.47,EUR,2038-04-03
PAY0784,Alex Johnson,SAL0034,762.32,USD,2038-04-04
PAY0541,Jamie Brown,SAL0513,672.89,USD,2038-04-05
PAY0279,Jamie Smith,SAL0764,807.73,EUR,2038-04-06
PAY0690,Taylor Thomas,SAL0144,1195.52,USD,2038-04-07
PAY0579,Riley Anderson,SAL0423,562.8,EUR,2038-04-08
PAY0512,Riley Wilson,SAL0523,1403.23,EUR,2038-04-09
PAY0649,Avery Moore,SAL0424,1955.5,EUR,2038-04-10
PAY0005,Jordan Davis,SAL0462,1754.17,USD,2038-04-11
PAY0029,Taylor Johnson,SAL0118,1406.44,USD,2038-04-12
PAY0671,Riley Johnson,SAL0177,1909.84,USD,2038-04-13
PAY0094,Taylor Johnson,SAL0989,1675.81,USD,2038-04-14
PAY0457,Alex Brown,SAL0576,388.59,USD,2038-04-15
PAY0341,Quinn Johnson,SAL0188,1578.35,USD,2038-04-16
PAY0606,Riley Johnson,SAL0445,212.17,EUR,2038-04-17
PAY0593,Jordan Thomas,SAL0326,1699.87,EUR,2038-04-18
PAY0393,Jamie Wilson,SAL0991,542.14,USD,2038-04-19
PAY0030,Quinn Davis,SAL0947,500.43,USD,2038-04-20
PAY0514,Robin Johnson,,322.87,USD,2038-04-21
PAY0385,Alex Wilson,SAL0239,1944.45,USD,2038-04-22
PAY0171,Riley Thomas,,1784.83,EUR,2038-04-23
PAY0739,Quinn Davis,SAL0112,1867.73,USD,2038-04-24
PAY0880,Taylor Johnson,SAL0613,1081.99,EUR,2038-04-25
PAY0663,Jordan Taylor,SAL0465,1274.79,EUR,2038-04-26
PAY0709,Avery Johnson,SAL0786,668.17,EUR,2038-04-27
PAY0511,Taylor Taylor,SAL0499,1976.26,USD,2038-04-28
PAY0023,Quinn Smith,SAL0638,465.98,USD,2038-04-29
PAY0612,Casey Thomas,SAL0040,610.48,EUR,2038-04-30
PAY0102,Riley Thomas,,1273.39,USD,2038-05-01
PAY0064,Alex Wilson,SAL0497,856.25,USD,2038-05-02
PAY0877,Casey Davis,SAL0346,515.53,USD,2038-05-03
PAY0867,Taylor Johnson,SAL0467,1202.56,EUR,2038-05-04
PAY0404,Jordan Anderson,SAL0049,79.15,USD,2038-05-05
PAY0425,Quinn Wilson,SAL0654,182.05,USD,2038-05-06
PAY0915,Morgan Smith,SAL0861,1587.37,USD,2038-05-07
PAY0087,Morgan Jackson,SAL0632,834.52,EUR,2038-05-08
PAY0667,Quinn Thomas,SAL0630,1781.72,USD,2038-05-09
PAY0660,Riley Johnson,SAL0809,1699.14,EUR,2038-05-10
PAY0011,Jamie Thomas,SAL0281,413.68,USD,2038-05-11
PAY0669,Riley Jackson,SAL0249,551.66,EUR,2038-05-12
PAY0507,Avery Taylor,,1924.8,EUR,2038-05-13
PAY0839,Riley Wilson,SAL0467,898.26,USD,2038-05-14
PAY0074,Avery Smith,SAL0432,652.76,USD,2038-05-15
PAY0420,Morgan Smith,SAL0571,97.4,USD,2038-05-16
PAY0060,Jordan Taylor,,216.09,EUR,2038-05-17
PAY0456,Robin Johnson,SAL0668,1365.89,USD,2038-05-18
PAY0584,Robin Wilson,SAL0150,1783.12,EUR,2038-05-19
PAY0196,Quinn Taylor,SAL0545,384.87,EUR,2038-05-20
PAY0222,Taylor Moore,SAL0568,80.83,EUR,2038-05-21
PAY0894,Jordan Anderson,SAL0990,378.18,EUR,2038-05-22
PAY0038,Taylor Thomas,SAL0633,823.83,USD,2038-05-23
PAY0298,Quinn Jackson,SAL0184,1042.0,USD,2038-05-24
PAY0909,Jordan Thomas,SAL0364,1263.85,EUR,2038-05-25
PAY0715,Riley Wilson,SAL0377,1905.21,EUR,2038-05-26
PAY0727,Avery Smith,SAL0891,1941.83,USD,2038-05-27
PAY0800,Jordan Wilson,SAL0562,1712.79,EUR,2038-05-28
PAY0454,Morgan Thomas,SAL0955,1925.26,USD,2038-05-29
PAY0154,Riley Brown,,1380.27,USD,2038-05-30
PAY0091,Jamie Jackson,SAL0318,1975.9,EUR,2038-05-31
PAY0397,Robin Jackson,SAL0835,880.11,EUR,2038-06-01
PAY0006,Avery Moore,SAL0017,1732.55,USD,2038-06-02
PAY0628,Jamie Johnson,,1133.44,USD,2038-06-03
PAY0383,Taylor Davis,SAL0726,78.11,USD,2038-06-04
PAY0113,Riley Moore,SAL0068,1499.08,USD,2038-06-05
PAY0642,Quinn Johnson,SAL0582,542.85,USD,2038-06-06
PAY0832,Jordan Brown,SAL0643,1822.77,USD,2038-06-07
PAY0069,Jamie Moore,SAL0093,969.82,USD,2038-06-08
PAY0414,Jamie Davis,,497.58,EUR,2038-06-09
PAY0522,Riley Johnson,SAL0892,730.42,USD,2038-06-10
PAY0784,Alex Johnson,,174.9,EUR,2038-06-11
PAY0521,Robin Anderson,SAL0040,318.57,EUR,2038-06-12
PAY0207,Avery Johnson,SAL0172,901.86,USD,2038-06-13
PAY0234,Jordan Jackson,SAL0258,1535.96,USD,2038-06-14
PAY0549,Jordan Taylor,SAL0450,356.17,EUR,2038-06-15
PAY0139,Robin Johnson,SAL0797,1433.28,USD,2038-06-16
PAY0875,Morgan Moore,SAL0623,1050.87,EUR,2038-06-17
PAY0941,Jordan Moore,SAL0973,301.35,EUR,2038-06-18
PAY0297,Casey Wilson,SAL0935,142.93,USD,2038-06-19
PAY0712,Taylor Smith,SAL0842,301.55,EUR,2038-06-20
PAY0596,Robin Moore,,1081.45,USD,2038-06-21
PAY0724,Taylor Brown,,579.85,USD,2038-06-22
PAY0539,Jamie Wilson,SAL0647,435.11,EUR,2038-06-23
PAY0147,Jordan Thomas,SAL0315,273.72,EUR,2038-06-24
PAY0440,Alex Davis,SAL0396,1915.57,USD,2038-06-25
PAY0179,Quinn Moore,SAL0293,860.31,EUR,2038-06-26
PAY0829,Riley Anderson,SAL0626,1804.71,EUR,2038-06-27
PAY0337,Taylor Brown,SAL0573,1467.42,EUR,2038-06-28
PAY0976,Quinn Moore,SAL0411,52.8,EUR,2038-06-29
PAY0199,Avery Wilson,SAL0001,1888.59,EUR,2038-06-30
PAY0811,Riley Thomas,SAL0793,1181.56,USD,2038-07-01
PAY0107,Alex Jackson,SAL0252,615.79,EUR,2038-07-02
PAY0930,Taylor Johnson,SAL0771,1471.29,USD,2038-07-03
PAY0688,Quinn Johnson,SAL0889,1181.21,EUR,2038-07-04
PAY0062,Alex Jackson,SAL0353,57.01,USD,2038-07-05
PAY0253,Alex Thomas,SAL0275,61.84,USD,2038-07-06
PAY0281,Morgan Brown,SAL0198,1167.63,EUR,2038-07-07
PAY0323,Avery Jackson,SAL0923,430.53,EUR,2038-07-08
PAY0646,Jamie Wilson,SAL0123,776.33,USD,2038-07-09
PAY0413,Avery Smith,,1596.71,USD,2038-07-10
PAY0052,Taylor Johnson,SAL0146,1969.01,EUR,2038-07-11
PAY0278,Riley Jackson,SAL0652,1846.41,USD,2038-07-12
PAY0632,Jordan Taylor,SAL0467,1019.04,EUR,2038-07-13
PAY0034,Riley Jackson,,1747.21,USD,2038-07-14
PAY0462,Riley Thomas,SAL0878,257.69,USD,2038-07-15
PAY0849,Avery Thomas,SAL0486,683.02,EUR,2038-07-16
PAY0578,Avery Anderson,SAL0361,1423.04,USD,2038-07-17
PAY0132,Jamie Thomas,SAL0440,1967.19,EUR,2038-07-18
PAY0709,Avery Johnson,SAL0786,514.02,EUR,2038-07-19
PAY0843,Quinn Brown,SAL0608,1809.7,USD,2038-07-20
PAY0337,Taylor Brown,SAL0573,279.58,EUR,2038-07-21
PAY0687,Avery Brown,SAL0522,1807.13,USD,2038-07-22
PAY0575,Jordan Jackson,SAL0715,1916.69,EUR,2038-07-23
PAY0413,Avery Smith,SAL0484,1475.13,USD,2038-07-24
PAY0524,Casey Wilson,,737.62,EUR,2038-07-25
PAY0428,Riley Moore,,1219.19,USD,2038-07-26
PAY0881,Jordan Taylor,SAL0913,925.97,USD,2038-07-27
PAY0702,Jamie Johnson,SAL0718,696.15,EUR,2038-07-28
PAY0759,Casey Brown,SAL0670,537.72,USD,2038-07-29
PAY0713,Jamie Smith,SAL0906,1121.51,EUR,2038-07-30
PAY0571,Quinn Anderson,SAL0058,1827.55,USD,2038-07-31
PAY0979,Alex Wilson,,729.83,USD,2038-08-01
PAY0348,Jamie Taylor,SAL0201,788.89,EUR,2038-08-02
PAY0099,Morgan Davis,,580.97,EUR,2038-08-03
PAY0241,Riley Wilson,SAL0082,1359.66,USD,2038-08-04
PAY0604,Morgan Davis,SAL0530,811.31,USD,2038-08-05
PAY0020,Quinn Moore,SAL0717,1474.52,EUR,2038-08-06
PAY0511,Taylor Taylor,SAL0499,959.76,EUR,2038-08-07
PAY0495,Morgan Johnson,SAL0987,1577.13,USD,2038-08-08
PAY0955,Jordan Taylor,SAL0388,1508.93,EUR,2038-08-09
PAY0294,Casey Thomas,SAL0071,762.72,EUR,2038-08-10
PAY0865,Quinn Moore,SAL0908,1557.29,EUR,2038-08-11
PAY0007,Avery Brown,SAL0449,822.06,USD,2038-08-12
PAY0201,Avery Jackson,SAL0230,1307.85,EUR,2038-08-13
PAY0427,Robin Smith,SAL0653,1250.18,EUR,2038-08-14
PAY0084,Alex Davis,SAL0415,1383.78,EUR,2038-08-15
PAY0315,Casey Moore,SAL0857,265.12,USD,2038-08-16
PAY0748,Quinn Taylor,SAL0924,1665.26,EUR,2038-08-17
PAY0635,Taylor Anderson,SAL0806,1856.19,EUR,2038-08-18
PAY0368,Jamie Thomas,SAL0262,931.25,EUR,2038-08-19
PAY0753,Casey Brown,,812.45,EUR,2038-08-20
PAY0678,Robin Taylor,SAL0489,1843.23,USD,2038-08-21
PAY0930,Taylor Johnson,SAL0771,1911.87,USD,2038-08-22
PAY0631,Riley Thomas,SAL0325,1576.49,EUR,2038-08-23
PAY0996,Robin Moore,,1039.4,USD,2038-08-24
PAY0930,Taylor Johnson,SAL0771,862.45,USD,2038-08-25
PAY0640,Casey Taylor,SAL0900,1992.2,USD,2038-08-26
PAY0478,Robin Wilson,SAL0850,1003.17,USD,2038-08-27
PAY0678,Robin Taylor,SAL0489,1356.35,EUR,2038-08-28
PAY0864,Casey Smith,,1766.31,USD,2038-08-29
PAY0779,Avery Moore,SAL0238,1271.52,EUR,2038-08-30
PAY0293,Alex Thomas,SAL0077,1188.54,USD,2038-08-31
PAY0215,Jamie Smith,SAL0231,1027.05,EUR,2038-09-01
PAY0919,Quinn Taylor,SAL0988,1184.2,EUR,2038-09-02
PAY0547,Quinn Smith,SAL0437,1380.13,USD,2038-09-03
PAY0230,Robin Davis,SAL0308,1541.71,USD,2038-09-04
PAY0121,Alex Moore,SAL0345,815.55,USD,2038-09-05
PAY0492,Casey Davis,SAL0839,1403.99,EUR,2038-09-06
PAY0745,Alex Brown,SAL0466,928.46,EUR,2038-09-07
PAY0986,Avery Brown,SAL0673,322.33,USD,2038-09-08
PAY0615,Casey Thomas,SAL0002,195.93,EUR,2038-09-09
PAY0970,Casey Smith,SAL0518,115.09,USD,2038-09-10
PAY0575,Jordan Jackson,SAL0894,722.12,EUR,2038-09-11
PAY0026,Taylor Moore,SAL0052,1964.82,USD,2038-09-12
PAY0484,Alex Jackson,SAL0838,540.38,USD,2038-09-13
PAY0790,Avery Jackson,SAL0259,1877.18,EUR,2038-09-14
PAY0313,Jamie Thomas,SAL0847,813.67,USD,2038-09-15
PAY0673,Taylor Brown,SAL0363,1857.98,USD,2038-09-16
PAY0233,Jordan Thomas,SAL0273,1370.15,USD,2038-09-17
PAY0773,Taylor Johnson,SAL0495,903.32,EUR,2038-09-18
PAY0316,Jordan Johnson,SAL0820,1745.14,USD,2038-09-19
PAY0035,Taylor Johnson,SAL0328,761.12,EUR,2038-09-20
PAY0842,Alex Johnson,SAL0557,737.77,USD,2038-09-21
PAY0868,Avery Thomas,SAL0069,681.49,EUR,2038-09-22
PAY0511,Taylor Taylor,SAL0499,1940.57,USD,2038-09-23
PAY0784,Alex Johnson,SAL0694,1024.46,EUR,2038-09-24
PAY0843,Quinn Brown,SAL0608,1360.72,USD,2038-09-25
PAY0374,Jordan Smith,SAL0683,849.39,USD,2038-09-26
PAY0416,Jordan Thomas,SAL0043,562.56,EUR,2038-09-27
PAY0129,Robin Wilson,SAL0151,1403.85,USD,2038-09-28
PAY0254,Quinn Taylor,SAL0659,1338.34,USD,2038-09-29
PAY0464,Riley Taylor,SAL0987,1861.81,USD,2038-09-30
PAY0591,Alex Johnson,SAL0890,341.85,EUR,2038-10-01
PAY0150,Quinn Jackson,SAL0279,95.56,USD,2038-10-02
PAY0025,Morgan Anderson,SAL0350,891.75,EUR,2038-10-03
PAY0896,Morgan Anderson,SAL0399,1914.56,USD,2038-10-04
PAY0486,Taylor Taylor,SAL0619,1188.84,USD,2038-10-05
PAY0875,Morgan Moore,SAL0623,941.34,EUR,2038-10-06
PAY0677,Jamie Davis,SAL0243,405.53,USD,2038-10-07
PAY0942,Jamie Thomas,SAL0355,513.46,USD,2038-10-08
PAY0030,Quinn Davis,SAL0947,1686.21,USD,2038-10-09
PAY0551,Morgan Moore,SAL0645,1315.16,USD,2038-10-10
PAY0186,Avery Thomas,SAL0720,98.54,USD,2038-10-11
PAY0931,Casey Taylor,SAL0312,1738.49,USD,2038-10-12
PAY0928,Morgan Davis,SAL0096,1322.12,EUR,2038-10-13
PAY0781,Robin Anderson,SAL0106,1569.84,EUR,2038-10-14
PAY0298,Quinn Jackson,SAL0184,1007.44,EUR,2038-10-15
PAY0228,Riley Brown,SAL0327,333.32,EUR,2038-10-16
PAY0760,Alex Brown,SAL0405,1337.46,USD,2038-10-17
PAY0131,Jordan Wilson,SAL0870,1953.28,USD,2038-10-18
PAY0491,Morgan Thomas,SAL0074,1422.19,EUR,2038-10-19
PAY0738,Alex Smith,,1494.27,EUR,2038-10-20
PAY0211,Morgan Thomas,SAL0287,1157.34,USD,2038-10-21
PAY0866,Jordan Smith,SAL0713,353.48,EUR,2038-10-22
PAY0083,Alex Johnson,SAL0037,755.48,USD,2038-10-23
PAY0842,Alex Johnson,SAL0557,538.69,EUR,2038-10-24
PAY0237,Alex Thomas,SAL0944,77.48,USD,2038-10-25
PAY0240,Taylor Jackson,SAL0644,581.54,EUR,2038-10-26
PAY0296,Robin Taylor,SAL0593,1741.68,EUR,2038-10-27
PAY0997,Robin Moore,SAL0969,1025.24,EUR,2038-10-28
PAY0531,Taylor Taylor,,647.31,EUR,2038-10-29
PAY0938,Alex Moore,SAL0610,1049.67,USD,2038-10-30
PAY0954,Alex Anderson,,188.84,EUR,2038-10-31
PAY0035,Taylor Johnson,SAL0285,52.55,USD,2038-11-01
PAY0743,Riley Thomas,SAL0061,1056.09,EUR,2038-11-02
PAY0043,Jamie Davis,SAL0471,1448.61,USD,2038-11-03
PAY0297,Casey Wilson,SAL0935,1686.69,EUR,2038-11-04
PAY0709,Avery Johnson,SAL0786,1746.39,EUR,2038-11-05
PAY0363,Taylor Wilson,SAL0874,1186.13,USD,2038-11-06
PAY0669,Riley Jackson,SAL0249,1535.42,EUR,2038-11-07
PAY0879,Taylor Taylor,SAL0611,514.53,EUR,2038-11-08
PAY0438,Morgan Brown,SAL0768,1684.99,USD,2038-11-09
PAY0079,Morgan Wilson,SAL0356,1955.35,EUR,2038-11-10
PAY0866,Jordan Smith,SAL0206,55.39,USD,2038-11-11
PAY0997,Robin Moore,SAL0969,1569.92,EUR,2038-11-12
PAY0693,Robin Davis,SAL0131,382.57,EUR,2038-11-13
PAY0436,Jamie Taylor,SAL0693,1900.65,EUR,2038-11-14
PAY0427,Robin Smith,SAL0653,490.87,EUR,2038-11-15
PAY0494,Casey Anderson,SAL0400,1477.42,EUR,2038-11-16
PAY0859,Avery Davis,SAL0329,1828.42,EUR,2038-11-17
PAY0718,Jordan Jackson,,1950.17,USD,2038-11-18
PAY0227,Riley Thomas,SAL0528,50.98,EUR,2038-11-19
PAY0391,Taylor Davis,SAL0179,1132.77,EUR,2038-11-20
PAY0975,Riley Jackson,SAL0810,775.84,USD,2038-11-21
PAY0700,Casey Thomas,SAL0137,973.43,USD,2038-11-22
PAY0909,Jordan Thomas,SAL0364,113.91,USD,2038-11-23
PAY0208,Alex Moore,SAL0929,1807.38,EUR,2038-11-24
PAY0611,Avery Johnson,SAL0340,1225.94,EUR,2038-11-25
PAY0760,Alex Brown,SAL0405,1325.21,EUR,2038-11-26
PAY0516,Riley Johnson,SAL0707,676.52,EUR,2038-11-27
PAY0334,Robin Thomas,SAL0881,1532.16,EUR,2038-11-28
PAY0136,Quinn Wilson,SAL0278,1376.89,EUR,2038-11-29
PAY0888,Alex Johnson,SAL0313,598.5,EUR,2038-11-30
PAY0569,Jamie Moore,SAL0996,1451.66,EUR,2038-12-01
PAY0461,Riley Johnson,SAL0296,764.46,USD,2038-12-02
PAY0497,Alex Anderson,SAL0802,498.05,EUR,2038-12-03
PAY0173,Taylor Brown,SAL0903,1168.19,EUR,2038-12-04
PAY0802,Jamie Brown,,1368.32,EUR,2038-12-05
PAY0592,Morgan Brown,SAL0937,1083.88,EUR,2038-12-06
PAY0305,Casey Davis,SAL0945,1601.64,EUR,2038-12-07
PAY0245,Avery Thomas,SAL0520,758.18,EUR,2038-12-08
PAY0062,Alex Jackson,SAL0353,1042.82,EUR,2038-12-09
PAY0176,Jordan Johnson,,1055.24,USD,2038-12-10
PAY0081,Morgan Thomas,SAL0460,831.5,EUR,2038-12-11
PAY0778,Jordan Moore,SAL0784,916.21,EUR,2038-12-12
PAY0310,Morgan Johnson,SAL0480,1176.24,EUR,2038-12-13
PAY0168,Jordan Wilson,SAL0896,1541.46,EUR,2038-12-14
PAY0813,Avery Thomas,SAL0575,1202.77,USD,2038-12-15
PAY0332,Quinn Johnson,SAL0953,1927.46,EUR,2038-12-16
PAY0917,Morgan Moore,SAL0911,1091.75,EUR,2038-12-17
PAY0867,Taylor Johnson,SAL0649,1130.11,EUR,2038-12-18
PAY0809,Riley Smith,SAL0817,523.39,EUR,2038-12-19
PAY0585,Jamie Wilson,SAL0323,152.01,EUR,2038-12-20
PAY0470,Casey Anderson,SAL0995,586.25,USD,2038-12-21
PAY0728,Jordan Smith,SAL0247,354.58,EUR,2038-12-22
PAY0281,Morgan Brown,SAL0198,1937.22,EUR,2038-12-23
PAY0201,Avery Jackson,SAL0230,703.15,EUR,2038-12-24
PAY0321,Jamie Thomas,SAL0880,1170.17,EUR,2038-12-25
PAY0238,Avery Smith,SAL0271,248.85,USD,2038-12-26
PAY0484,Alex Jackson,SAL0838,1944.9,EUR,2038-12-27
PAY0697,Taylor Taylor,,921.37,EUR,2038-12-28
PAY0092,Jamie Anderson,SAL0597,533.42,EUR,2038-12-29
PAY0254,Quinn Taylor,SAL0659,1117.9,EUR,2038-12-30
PAY0341,Quinn Johnson,SAL0188,561.39,USD,2038-12-31
PAY0407,Jamie Thomas,SAL0529,1093.9,EUR,2039-01-01
PAY0001,Casey Smith,SAL0787,1672.75,USD,2039-01-02
PAY0208,Alex Moore,SAL0929,1842.99,EUR,2039-01-03
PAY0985,Casey Moore,SAL0805,949.0,EUR,2039-01-04
PAY0930,Taylor Johnson,SAL0771,1049.81,EUR,2039-01-05
PAY0659,Quinn Wilson,SAL0341,591.39,USD,2039-01-06
PAY0670,Quinn Taylor,SAL0781,1874.46,USD,2039-01-07
PAY0766,Casey Jackson,SAL0150,690.17,EUR,2039-01-08
PAY0568,Quinn Johnson,SAL0849,1343.8,USD,2039-01-09
PAY0812,Casey Wilson,SAL0003,539.78,USD,2039-01-10
PAY0683,Robin Anderson,,348.72,EUR,2039-01-11
PAY0622,Robin Jackson,SAL0485,1585.87,EUR,2039-01-12
PAY0954,Alex Anderson,SAL0886,1587.23,EUR,2039-01-13
PAY0555,Taylor Johnson,,848.7,EUR,2039-01-14
PAY0921,Robin Johnson,SAL0358,1847.11,USD,2039-01-15
PAY0827,Alex Davis,,1331.6,EUR,2039-01-16
PAY0773,Taylor Johnson,SAL0163,1739.46,USD,2039-01-17
PAY0167,Robin Thomas,,1427.78,EUR,2039-01-18
PAY0166,Riley Anderson,SAL0159,533.75,USD,2039-01-19
PAY0916,Riley Wilson,,1626.43,EUR,2039-01-20
PAY0134,Robin Johnson,SAL0407,1314.97,EUR,2039-01-21
PAY0526,Riley Jackson,SAL0165,416.7,USD,2039-01-22
PAY0241,Riley Wilson,SAL0082,1269.81,USD,2039-01-23
PAY0746,Riley Thomas,,1111.84,USD,2039-01-24
PAY0246,Riley Moore,SAL0975,1528.68,USD,2039-01-25
PAY0251,Jamie Moore,SAL0374,671.95,EUR,2039-01-26
PAY0646,Jamie Wilson,SAL0123,1051.52,EUR,2039-01-27
PAY0600,Jordan Johnson,SAL0895,1431.87,EUR,2039-01-28
PAY0324,Avery Wilson,SAL0036,1275.53,USD,2039-01-29
PAY0441,Jordan Brown,SAL0622,384.14,EUR,2039-01-30
PAY0108,Riley Smith,SAL0394,1854.39,EUR,2039-01-31
PAY0240,Taylor Jackson,SAL0644,1075.65,EUR,2039-02-01
PAY0464,Riley Taylor,SAL0987,354.82,EUR,2039-02-02
PAY0267,Robin Taylor,SAL0938,350.53,USD,2039-02-03
PAY0962,Riley Brown,SAL0122,1365.3,EUR,2039-02-04
PAY0455,Jamie Wilson,,1736.5,USD,2039-02-05
PAY0486,Taylor Taylor,SAL0619,1741.55,EUR,2039-02-06
PAY0511,Taylor Taylor,SAL0499,1585.91,EUR,2039-02-07
PAY0487,Morgan Wilson,,1892.25,EUR,2039-02-08
PAY0774,Morgan Brown,SAL0777,952.4,EUR,2039-02-09
PAY0051,Avery Anderson,SAL0527,341.61,EUR,2039-02-10
PAY0334,Robin Thomas,SAL0881,573.84,USD,2039-02-11
PAY0242,Robin Anderson,,404.89,USD,2039-02-12
PAY0346,Casey Jackson,SAL0428,1284.93,EUR,2039-02-13
PAY0714,Casey Brown,SAL0316,879.3,USD,2039-02-14
PAY0656,Taylor Jackson,SAL0047,1618.23,EUR,2039-02-15
PAY0497,Alex Anderson,SAL0502,121.27,EUR,2039-02-16
PAY0874,Quinn Taylor,SAL0136,745.08,EUR,2039-02-17
PAY0296,Robin Taylor,SAL0593,951.45,USD,2039-02-18
PAY0918,Jordan Taylor,SAL0532,1852.71,EUR,2039-02-19
PAY0757,Riley Smith,SAL0161,1432.91,EUR,2039-02-20
PAY0943,Quinn Jackson,SAL0667,347.17,EUR,2039-02-21
PAY0070,Riley Brown,SAL0004,1227.08,USD,2039-02-22
PAY0740,Riley Anderson,SAL0901,1835.23,EUR,2039-02-23
PAY0583,Avery Brown,SAL0108,252.8,EUR,2039-02-24
PAY0756,Alex Thomas,SAL0200,1910.96,EUR,2039-02-25
PAY0561,Jamie Johnson,SAL0181,1579.47,EUR,2039-02-26
PAY0799,Alex Thomas,,504.05,EUR,2039-02-27
PAY0667,Quinn Thomas,SAL0630,1237.01,EUR,2039-02-28
PAY0662,Riley Thomas,SAL0066,1358.85,EUR,2039-03-01
PAY0945,Alex Moore,SAL0579,1504.92,USD,2039-03-02
PAY0745,Alex Brown,SAL0466,1703.87,USD,2039-03-03
PAY0421,Quinn Davis,SAL0283,736.89,EUR,2039-03-04
PAY0229,Jordan Johnson,SAL0776,70.61,EUR,2039-03-05
PAY0256,Avery Smith,SAL0876,1249.17,EUR,2039-03-06
PAY0256,Avery Smith,SAL0876,1691.64,USD,2039-03-07
PAY0374,Jordan Smith,SAL0683,854.53,EUR,2039-03-08
PAY0885,Robin Smith,SAL0828,1890.91,USD,2039-03-09
PAY0137,Jamie Anderson,SAL0477,1047.72,USD,2039-03-10
PAY0301,Taylor Taylor,SAL0335,227.68,EUR,2039-03-11
PAY0299,Jamie Davis,SAL0999,743.91,USD,2039-03-12
PAY0144,Casey Wilson,SAL0928,1996.51,USD,2039-03-13
PAY0046,Morgan Jackson,SAL0706,278.09,USD,2039-03-14
PAY0592,Morgan Brown,SAL0937,1625.83,EUR,2039-03-15
PAY0344,Robin Wilson,SAL0910,1289.98,EUR,2039-03-16
PAY0497,Alex Anderson,SAL0802,948.57,EUR,2039-03-17
PAY0877,Casey Davis,SAL0346,891.41,EUR,2039-03-18
PAY0643,Casey Johnson,SAL0232,1801.05,EUR,2039-03-19
PAY0715,Riley Wilson,SAL0377,719.36,EUR,2039-03-20
PAY0714,Casey Brown,SAL0316,718.08,USD,2039-03-21
PAY0712,Taylor Smith,SAL0842,1148.13,USD,2039-03-22
PAY0997,Robin Moore,SAL0969,760.87,EUR,2039-03-23
PAY0186,Avery Thomas,SAL0720,1267.32,USD,2039-03-24
PAY0508,Casey Brown,SAL0836,1713.82,EUR,2039-03-25
PAY0972,Riley Smith,SAL0426,933.61,USD,2039-03-26
PAY0641,Casey Brown,SAL0826,1317.72,USD,2039-03-27
PAY0102,Riley Thomas,SAL0730,1434.04,USD,2039-03-28
PAY0746,Riley Thomas,SAL0737,626.02,EUR,2039-03-29
PAY0689,Morgan Brown,SAL0758,448.79,USD,2039-03-30
PAY0200,Quinn Anderson,SAL0635,1264.77,EUR,2039-03-31
PAY0294,Casey Thomas,SAL0071,1474.77,USD,2039-04-01
PAY0317,Robin Brown,SAL0851,1653.94,EUR,2039-04-02
PAY0082,Jordan Wilson,SAL0414,1460.82,USD,2039-04-03
PAY0427,Robin Smith,SAL0653,1762.2,EUR,2039-04-04
PAY0264,Quinn Davis,SAL0844,1186.36,EUR,2039-04-05
PAY0819,Alex Moore,SAL0383,1598.88,USD,2039-04-06
PAY0916,Riley Wilson,SAL0324,1604.57,USD,2039-04-07
PAY0886,Riley Thomas,SAL0729,1450.94,USD,2039-04-08
PAY0304,Taylor Smith,SAL0051,1186.84,USD,2039-04-09
PAY0227,Riley Thomas,SAL0528,1643.73,EUR,2039-04-10
PAY0249,Robin Thomas,SAL0379,1813.26,EUR,2039-04-11
PAY0710,Avery Jackson,SAL0425,1129.69,USD,2039-04-12
PAY0283,Taylor Davis,SAL0783,1609.84,USD,2039-04-13
PAY0941,Jordan Moore,SAL0973,765.44,USD,2039-04-14
PAY0497,Alex Anderson,,1386.96,EUR,2039-04-15
PAY0487,Morgan Wilson,,1116.39,USD,2039-04-16
PAY0540,Jordan Taylor,SAL0173,1647.8,USD,2039-04-17
PAY0059,Casey Jackson,,1557.88,USD,2039-04-18
PAY0283,Taylor Davis,SAL0578,1029.88,USD,2039-04-19
PAY0009,Avery Taylor,SAL0930,1725.63,USD,2039-04-20
PAY0364,Robin Taylor,SAL0416,1224.57,USD,2039-04-21
PAY0261,Taylor Davis,SAL0114,638.94,EUR,2039-04-22
PAY0541,Jamie Brown,SAL0513,1165.94,USD,2039-04-23
PAY0858,Riley Davis,SAL0780,473.07,EUR,2039-04-24
PAY0452,Riley Moore,SAL0351,1642.45,USD,2039-04-25
PAY0553,Robin Taylor,,1532.73,EUR,2039-04-26
PAY0548,Casey Jackson,SAL0385,1855.25,USD,2039-04-27
PAY0496,Robin Davis,SAL0366,1723.6,USD,2039-04-28
PAY0306,Jamie Davis,SAL0934,1255.84,EUR,2039-04-29
PAY0633,Riley Davis,SAL0621,1740.28,USD,2039-04-30
PAY0815,Jordan Jackson,SAL0028,359.83,USD,2039-05-01
PAY0009,Avery Taylor,SAL0930,767.37,USD,2039-05-02
PAY0798,Robin Davis,SAL0606,1794.01,EUR,2039-05-03
PAY0636,Robin Jackson,SAL0463,1661.43,EUR,2039-05-04
PAY0148,Robin Brown,SAL0735,748.31,EUR,2039-05-05
PAY0502,Jordan Anderson,SAL0412,785.78,USD,2039-05-06
PAY0819,Alex Moore,SAL0383,431.9,EUR,2039-05-07
PAY0737,Jamie Taylor,SAL0818,199.82,USD,2039-05-08
PAY0906,Riley Anderson,SAL0020,907.01,USD,2039-05-09
PAY0770,Quinn Davis,SAL0648,789.28,USD,2039-05-10
PAY0164,Jamie Moore,SAL0009,950.23,USD,2039-05-11
PAY0604,Morgan Davis,SAL0530,835.06,EUR,2039-05-12
PAY0944,Jordan Thomas,SAL0135,1729.53,USD,2039-05-13
PAY0110,Casey Taylor,SAL0671,1395.54,USD,2039-05-14
PAY0795,Quinn Brown,SAL0933,1378.32,USD,2039-05-15
PAY0428,Riley Moore,SAL0661,1739.96,USD,2039-05-16
PAY0127,Alex Jackson,SAL0563,870.67,USD,2039-05-17
PAY0510,Jordan Smith,SAL0750,1696.54,EUR,2039-05-18
PAY0973,Alex Moore,SAL0672,1007.29,EUR,2039-05-19
PAY0552,Morgan Jackson,SAL0389,1075.96,USD,2039-05-20
PAY0153,Avery Brown,SAL0753,524.64,EUR,2039-05-21
PAY0829,Riley Anderson,SAL0626,1176.65,USD,2039-05-22
PAY0026,Taylor Moore,,1106.39,USD,2039-05-23
PAY0577,Riley Thomas,SAL0062,708.45,EUR,2039-05-24
PAY0509,Robin Thomas,SAL0282,1259.4,USD,2039-05-25
PAY0815,Jordan Jackson,SAL0028,96.66,USD,2039-05-26
PAY0645,Casey Johnson,SAL0783,371.93,USD,2039-05-27
PAY0103,Jamie Wilson,SAL0856,1822.31,EUR,2039-05-28
PAY0721,Quinn Smith,SAL0035,1288.07,USD,2039-05-29
PAY0638,Casey Johnson,SAL0143,113.46,USD,2039-05-30
PAY0319,Riley Anderson,,1061.82,EUR,2039-05-31
PAY0041,Jamie Davis,SAL0434,889.92,EUR,2039-06-01
PAY0720,Jamie Smith,SAL0558,816.14,EUR,2039-06-02
PAY0478,Robin Wilson,SAL0850,830.63,USD,2039-06-03
PAY0464,Riley Taylor,SAL0987,378.88,EUR,2039-06-04
PAY0279,Jamie Smith,,557.29,EUR,2039-06-05
PAY0683,Robin Anderson,SAL0391,1511.13,EUR,2039-06-06
PAY0868,Avery Thomas,SAL0069,906.85,USD,2039-06-07
PAY0963,Morgan Jackson,SAL0347,1420.94,USD,2039-06-08
PAY0623,Quinn Wilson,SAL0694,280.61,EUR,2039-06-09
PAY0191,Robin Brown,,436.57,EUR,2039-06-10
PAY0877,Casey Davis,SAL0346,374.45,USD,2039-06-11
PAY0914,Jamie Taylor,SAL0946,1433.09,EUR,2039-06-12
PAY0426,Morgan Smith,SAL0631,553.5,EUR,2039-06-13
PAY0418,Riley Wilson,,1037.79,EUR,2039-06-14
PAY0945,Alex Moore,SAL0579,931.55,EUR,2039-06-15
PAY0540,Jordan Taylor,SAL0173,1760.71,EUR,2039-06-16
PAY0604,Morgan Davis,SAL0530,1984.17,EUR,2039-06-17
PAY0229,Jordan Johnson,SAL0776,67.29,USD,2039-06-18
PAY0219,Casey Thomas,SAL0832,1912.8,USD,2039-06-19
PAY0088,Avery Jackson,SAL0310,480.07,EUR,2039-06-20
PAY0852,Jordan Smith,SAL0887,570.76,USD,2039-06-21
PAY0443,Robin Smith,SAL0053,1467.22,EUR,2039-06-22
PAY0701,Riley Johnson,SAL0214,1605.79,USD,2039-06-23
PAY0881,Jordan Taylor,SAL0913,1755.77,EUR,2039-06-24
PAY0996,Robin Moore,SAL0728,91.88,USD,2039-06-25
PAY0660,Riley Johnson,SAL0809,1168.49,EUR,2039-06-26
PAY0875,Morgan Moore,,1110.01,USD,2039-06-27
PAY0611,Avery Johnson,SAL0340,556.26,USD,2039-06-28
PAY0642,Quinn Johnson,SAL0582,541.16,EUR,2039-06-29
PAY0832,Jordan Brown,SAL0643,974.03,EUR,2039-06-30
PAY0762,Alex Davis,SAL0566,386.81,EUR,2039-07-01
PAY0243,Riley Taylor,SAL0306,1338.49,EUR,2039-07-02
PAY0989,Morgan Smith,SAL0651,1632.04,EUR,2039-07-03
PAY0226,Casey Brown,SAL0963,805.04,EUR,2039-07-04
PAY0173,Taylor Brown,SAL0064,1515.57,EUR,2039-07-05
PAY0709,Avery Johnson,SAL0786,739.77,EUR,2039-07-06
PAY0316,Jordan Johnson,SAL0820,1025.96,USD,2039-07-07
PAY0327,Robin Taylor,SAL0024,1992.3,USD,2039-07-08
PAY0248,Riley Moore,SAL0128,578.26,EUR,2039-07-09
PAY0546,Robin Anderson,SAL0588,1514.96,USD,2039-07-10
PAY0900,Robin Brown,,1641.42,USD,2039-07-11
PAY0516,Riley Johnson,SAL0459,593.07,EUR,2039-07-12
PAY0112,Casey Brown,SAL0495,1382.86,USD,2039-07-13
PAY0095,Jordan Smith,SAL0160,956.99,USD,2039-07-14
PAY0468,Morgan Wilson,,603.55,EUR,2039-07-15
PAY0563,Taylor Moore,SAL0213,1489.95,USD,2039-07-16
PAY0104,Robin Jackson,SAL0382,1140.9,USD,2039-07-17
PAY0264,Quinn Davis,SAL0844,1269.75,USD,2039-07-18
PAY0854,Morgan Moore,SAL0234,342.02,USD,2039-07-19
PAY0948,Morgan Wilson,SAL0858,1365.28,EUR,2039-07-20
PAY0285,Robin Johnson,SAL0692,1009.29,USD,2039-07-21
PAY0603,Casey Anderson,SAL0274,320.12,EUR,2039-07-22
PAY0769,Riley Johnson,SAL0456,1903.64,EUR,2039-07-23
PAY0158,Morgan Taylor,SAL0770,1059.42,USD,2039-07-24
PAY0747,Casey Johnson,SAL0368,1679.79,EUR,2039-07-25
PAY0464,Riley Taylor,SAL0987,1067.39,EUR,2039-07-26
PAY0011,Jamie Thomas,SAL0321,53.96,USD,2039-07-27
PAY0594,Taylor Johnson,SAL0475,198.33,EUR,2039-07-28
PAY0243,Riley Taylor,SAL0306,1316.79,USD,2039-07-29
PAY0570,Quinn Moore,SAL0436,167.68,EUR,2039-07-30
PAY0082,Jordan Wilson,SAL0414,1476.34,EUR,2039-07-31
PAY0266,Casey Smith,SAL0290,1921.26,EUR,2039-08-01
PAY0570,Quinn Moore,SAL0436,1019.23,EUR,2039-08-02
PAY0739,Quinn Davis,SAL0112,1685.63,EUR,2039-08-03
PAY0733,Riley Johnson,SAL0733,1142.62,USD,2039-08-04
PAY0271,Riley Davis,SAL0902,386.53,USD,2039-08-05
PAY0452,Riley Moore,SAL0351,1553.24,USD,2039-08-06
PAY0906,Riley Anderson,SAL0044,373.69,EUR,2039-08-07
PAY0097,Robin Jackson,,1248.28,EUR,2039-08-08
PAY0152,Quinn Johnson,SAL0401,1105.23,EUR,2039-08-09
PAY0292,Robin Wilson,SAL0080,1985.86,EUR,2039-08-10
PAY0860,Casey Davis,SAL0757,834.9,USD,2039-08-11
PAY0621,Jordan Davis,,1666.76,USD,2039-08-12
PAY0380,Jordan Thomas,SAL0748,68.77,USD,2039-08-13
PAY0374,Jordan Smith,SAL0683,1064.36,USD,2039-08-14
PAY0085,Jordan Wilson,SAL0156,1479.69,EUR,2039-08-15
PAY0744,Taylor Moore,SAL0176,370.23,EUR,2039-08-16
PAY0176,Jordan Johnson,SAL0016,1162.75,USD,2039-08-17
PAY0456,Robin Johnson,SAL0668,351.37,EUR,2039-08-18
PAY0056,Quinn Wilson,SAL0533,908.5,EUR,2039-08-19
PAY0281,Morgan Brown,SAL0198,849.2,USD,2039-08-20
PAY0403,Jamie Wilson,SAL0932,1733.79,EUR,2039-08-21
PAY0244,Taylor Wilson,SAL0408,882.79,EUR,2039-08-22
PAY0493,Jordan Taylor,SAL0320,1558.16,USD,2039-08-23
PAY0073,Alex Smith,SAL0941,579.32,EUR,2039-08-24
PAY0656,Taylor Jackson,SAL0047,1842.9,USD,2039-08-25
PAY0200,Quinn Anderson,SAL0635,308.13,USD,2039-08-26
PAY0411,Alex Smith,SAL0657,400.12,USD,2039-08-27
PAY0220,Quinn Thomas,SAL0564,1499.22,EUR,2039-08-28
PAY0674,Morgan Moore,SAL0827,914.44,USD,2039-08-29
PAY0419,Quinn Jackson,SAL0587,114.36,EUR,2039-08-30
PAY0296,Robin Taylor,SAL0593,1533.17,EUR,2039-08-31
PAY0322,Riley Wilson,SAL0398,1054.13,USD,2039-09-01
PAY0588,Riley Smith,SAL0634,829.44,EUR,2039-09-02
PAY0193,Morgan Thomas,SAL0171,1430.78,USD,2039-09-03
PAY0147,Jordan Thomas,SAL0315,1207.43,USD,2039-09-04
PAY0829,Riley Anderson,SAL0626,1684.65,USD,2039-09-05
PAY0489,Casey Johnson,SAL0830,1864.87,USD,2039-09-06
PAY0959,Casey Taylor,SAL0304,473.34,EUR,2039-09-07
PAY0694,Casey Thomas,SAL0451,742.16,EUR,2039-09-08
PAY0959,Casey Taylor,SAL0304,957.44,USD,2039-09-09
PAY0767,Avery Smith,SAL0140,707.19,USD,2039-09-10
PAY0723,Jordan Anderson,SAL0925,497.38,EUR,2039-09-11
PAY0584,Robin Wilson,SAL0295,1443.04,USD,2039-09-12
PAY0807,Jordan Taylor,SAL0425,658.78,USD,2039-09-13
PAY0248,Riley Moore,SAL0128,1498.97,USD,2039-09-14
PAY0928,Morgan Davis,SAL0096,1779.43,USD,2039-09-15
PAY0017,Riley Anderson,SAL0110,1097.94,USD,2039-09-16
PAY0424,Quinn Smith,SAL0455,1287.5,USD,2039-09-17
PAY0615,Casey Thomas,SAL0002,1787.16,USD,2039-09-18
PAY0866,Jordan Smith,,247.0,EUR,2039-09-19
PAY0256,Avery Smith,SAL0876,271.66,EUR,2039-09-20
PAY0056,Quinn Wilson,SAL0533,82.3,EUR,2039-09-21
PAY0280,Jordan Jackson,SAL0027,648.97,USD,2039-09-22
PAY0385,Alex Wilson,SAL0239,1408.62,USD,2039-09-23
PAY0329,Quinn Jackson,SAL0725,898.4,USD,2039-09-24
PAY0174,Jamie Jackson,SAL0516,1277.02,EUR,2039-09-25
PAY0185,Morgan Johnson,SAL0916,1068.67,EUR,2039-09-26
PAY0560,Morgan Jackson,,1925.03,USD,2039-09-27
PAY0025,Morgan Anderson,SAL0350,480.85,EUR,2039-09-28
PAY0894,Jordan Anderson,SAL0990,1831.73,USD,2039-09-29
PAY0552,Morgan Jackson,SAL0389,775.97,USD,2039-09-30
PAY0806,Riley Wilson,,779.56,EUR,2039-10-01
PAY0178,Jamie Thomas,SAL0837,207.36,USD,2039-10-02
PAY0115,Riley Johnson,SAL0641,900.03,EUR,2039-10-03
PAY0598,Jamie Thomas,SAL0854,1310.15,USD,2039-10-04
PAY0982,Alex Taylor,SAL0997,968.51,EUR,2039-10-05
PAY0136,Quinn Wilson,SAL0278,1087.19,USD,2039-10-06
PAY0958,Jordan Thomas,SAL0800,1462.11,USD,2039-10-07
PAY0959,Casey Taylor,SAL0304,1079.09,USD,2039-10-08
PAY0623,Quinn Wilson,SAL0694,379.35,USD,2039-10-09
PAY0419,Quinn Jackson,SAL0587,830.86,EUR,2039-10-10
PAY0150,Quinn Jackson,SAL0279,1972.29,USD,2039-10-11
PAY0668,Alex Wilson,SAL0116,706.79,EUR,2039-10-12
PAY0223,Morgan Davis,SAL0157,728.34,EUR,2039-10-13
PAY0569,Jamie Moore,SAL0996,1341.92,EUR,2039-10-14
PAY0636,Robin Jackson,SAL0463,1051.42,USD,2039-10-15
PAY0508,Casey Brown,SAL0836,1711.74,USD,2039-10-16
PAY0630,Alex Taylor,SAL0167,1892.57,USD,2039-10-17
PAY0008,Quinn Davis,SAL0168,1381.65,USD,2039-10-18
PAY0466,Jamie Johnson,,1599.72,USD,2039-10-19
PAY0057,Jamie Johnson,,1896.79,USD,2039-10-20
PAY0901,Casey Johnson,SAL0686,572.41,USD,2039-10-21
PAY0899,Avery Davis,SAL0852,1351.69,USD,2039-10-22
PAY0409,Jamie Davis,SAL0531,115.1,USD,2039-10-23
PAY0473,Quinn Wilson,,822.84,USD,2039-10-24
PAY0597,Jamie Smith,SAL0972,1724.77,USD,2039-10-25
PAY0457,Alex Brown,SAL0576,1523.14,USD,2039-10-26
PAY0280,Jordan Jackson,SAL0027,1247.37,EUR,2039-10-27
PAY0711,Casey Anderson,SAL0577,163.65,USD,2039-10-28
PAY0216,Taylor Smith,SAL0257,1840.99,EUR,2039-10-29
PAY0466,Jamie Johnson,SAL0866,1340.62,USD,2039-10-30
PAY0085,Jordan Wilson,SAL0156,1007.14,USD,2039-10-31
PAY0365,Avery Thomas,SAL0992,1924.66,EUR,2039-11-01
PAY0841,Casey Smith,SAL0148,466.15,USD,2039-11-02
PAY0024,Avery Taylor,SAL0598,161.07,EUR,2039-11-03
PAY0773,Taylor Johnson,SAL0163,1335.4,EUR,2039-11-04
PAY0691,Taylor Jackson,SAL0751,423.2,EUR,2039-11-05
PAY0302,Casey Anderson,SAL0957,1207.16,USD,2039-11-06
PAY0944,Jordan Thomas,SAL0135,1639.81,EUR,2039-11-07
PAY0627,Morgan Taylor,SAL0185,671.88,USD,2039-11-08
PAY0329,Quinn Jackson,SAL0725,1506.47,USD,2039-11-09
PAY0775,Casey Jackson,SAL0950,1728.12,EUR,2039-11-10
PAY0674,Morgan Moore,,1297.57,EUR,2039-11-11
PAY0144,Casey Wilson,SAL0928,1755.99,EUR,2039-11-12
PAY0953,Riley Jackson,SAL0831,693.45,USD,2039-11-13
PAY0942,Jamie Thomas,SAL0355,743.56,USD,2039-11-14
PAY0901,Casey Johnson,,173.82,USD,2039-11-15
PAY0053,Riley Wilson,SAL0420,1262.7,EUR,2039-11-16
PAY0490,Jordan Anderson,SAL0458,1614.64,USD,2039-11-17
PAY0414,Jamie Davis,SAL0637,588.6,EUR,2039-11-18
PAY0840,Avery Smith,SAL0512,1331.29,USD,2039-11-19
PAY0083,Alex Johnson,SAL0037,275.8,EUR,2039-11-20
PAY0452,Riley Moore,SAL0351,1170.38,EUR,2039-11-21
PAY0825,Alex Jackson,SAL0541,1587.87,USD,2039-11-22
PAY0750,Taylor Jackson,SAL0045,132.69,EUR,2039-11-23
PAY0002,Casey Smith,SAL0405,482.14,USD,2039-11-24
PAY0491,Morgan Thomas,SAL0074,1443.57,EUR,2039-11-25
PAY0662,Riley Thomas,SAL0066,661.9,USD,2039-11-26
PAY0533,Alex Thomas,SAL0967,1192.94,EUR,2039-11-27
PAY0496,Robin Davis,SAL0366,256.56,USD,2039-11-28
PAY0690,Taylor Thomas,SAL0144,739.95,EUR,2039-11-29
PAY0306,Jamie Davis,SAL0934,1826.88,USD,2039-11-30
PAY0305,Casey Davis,SAL0945,226.7,EUR,2039-12-01
PAY0149,Taylor Thomas,SAL0233,419.9,EUR,2039-12-02
PAY0168,Jordan Wilson,,120.55,EUR,2039-12-03
PAY0535,Quinn Thomas,SAL0133,1360.09,USD,2039-12-04
PAY0617,Quinn Johnson,SAL0212,1087.9,USD,2039-12-05
PAY0692,Riley Moore,SAL0202,199.77,USD,2039-12-06
PAY0458,Jordan Johnson,SAL0755,1240.12,USD,2039-12-07
PAY0625,Alex Davis,SAL0756,367.73,EUR,2039-12-08
PAY0895,Jamie Thomas,SAL0687,1220.32,USD,2039-12-09
PAY0618,Jamie Taylor,SAL0740,454.69,USD,2039-12-10
PAY0697,Taylor Taylor,SAL0395,1174.15,USD,2039-12-11
PAY0223,Morgan Davis,SAL0157,1749.49,EUR,2039-12-12
PAY0694,Casey Thomas,SAL0451,1984.45,USD,2039-12-13
PAY0485,Morgan Moore,SAL0799,1874.49,EUR,2039-12-14
PAY0620,Jordan Brown,SAL0224,730.08,USD,2039-12-15
PAY0056,Quinn Wilson,SAL0419,63.46,EUR,2039-12-16
PAY0603,Casey Anderson,SAL0274,1797.78,USD,2039-12-17
PAY0167,Robin Thomas,SAL0174,1455.59,USD,2039-12-18
PAY0009,Avery Taylor,SAL0930,1993.45,EUR,2039-12-19
PAY0039,Quinn Brown,SAL0915,1006.25,USD,2039-12-20
PAY0889,Casey Davis,SAL0084,891.66,USD,2039-12-21
PAY0643,Casey Johnson,SAL0232,1473.24,USD,2039-12-22
PAY0211,Morgan Thomas,SAL0287,1236.97,USD,2039-12-23
PAY0044,Jamie Brown,SAL0762,746.5,EUR,2039-12-24
PAY0684,Jamie Taylor,SAL0796,886.92,USD,2039-12-25
PAY0918,Jordan Taylor,SAL0532,1342.36,EUR,2039-12-26
PAY0086,Jamie Anderson,,1417.17,USD,2039-12-27
PAY0631,Riley Thomas,,804.46,USD,2039-12-28
PAY0191,Robin Brown,SAL0884,1117.77,EUR,2039-12-29
PAY0373,Casey Wilson,SAL0129,223.65,USD,2039-12-30
PAY0841,Casey Smith,SAL0018,873.28,USD,2039-12-31
PAY0296,Robin Taylor,SAL0593,251.28,USD,2040-01-01
PAY0383,Taylor Davis,SAL0726,1624.18,USD,2040-01-02
PAY0432,Quinn Moore,SAL0713,1398.99,EUR,2040-01-03
PAY0478,Robin Wilson,SAL0850,1618.66,USD,2040-01-04
PAY0600,Jordan Johnson,SAL0895,564.04,EUR,2040-01-05
PAY0496,Robin Davis,SAL0366,1201.71,EUR,2040-01-06
PAY0176,Jordan Johnson,SAL0016,857.24,USD,2040-01-07
PAY0880,Taylor Johnson,SAL0613,713.94,EUR,2040-01-08
PAY0139,Robin Johnson,SAL0797,1255.56,EUR,2040-01-09
PAY0615,Casey Thomas,SAL0002,552.89,EUR,2040-01-10
PAY0385,Alex Wilson,SAL0239,1256.39,USD,2040-01-11
PAY0133,Jordan Taylor,SAL0124,1863.33,EUR,2040-01-12
PAY0742,Alex Davis,SAL0241,1703.55,EUR,2040-01-13
PAY0660,Riley Johnson,SAL0809,216.87,EUR,2040-01-14
PAY0994,Alex Jackson,SAL0357,1879.4,EUR,2040-01-15
PAY0048,Taylor Jackson,SAL0010,831.67,EUR,2040-01-16
PAY0243,Riley Taylor,SAL0306,781.88,EUR,2040-01-17
PAY0712,Taylor Smith,SAL0842,1933.87,EUR,2040-01-18
PAY0937,Morgan Brown,SAL0980,806.76,USD,2040-01-19
PAY0738,Alex Smith,SAL0019,1549.02,EUR,2040-01-20
PAY0328,Riley Moore,SAL0769,1213.69,USD,2040-01-21
PAY0820,Morgan Brown,SAL0592,1119.36,EUR,2040-01-22
PAY0776,Morgan Taylor,SAL0538,821.88,EUR,2040-01-23
PAY0282,Quinn Jackson,SAL0627,1007.59,EUR,2040-01-24
PAY0935,Morgan Thomas,SAL0927,759.65,EUR,2040-01-25
PAY0710,Avery Jackson,SAL0425,1447.76,USD,2040-01-26
PAY0682,Alex Smith,SAL0681,1924.0,EUR,2040-01-27
PAY0701,Riley Johnson,SAL0214,1670.73,USD,2040-01-28
PAY0592,Morgan Brown,SAL0937,1068.84,EUR,2040-01-29
PAY0805,Morgan Moore,SAL0035,400.52,EUR,2040-01-30
PAY0914,Jamie Taylor,SAL0946,1556.79,USD,2040-01-31
PAY0935,Morgan Thomas,SAL0927,493.94,USD,2040-02-01
PAY0954,Alex Anderson,SAL0886,282.1,EUR,2040-02-02
PAY0638,Casey Johnson,SAL0143,692.3,USD,2040-02-03
PAY0271,Riley Davis,,341.37,USD,2040-02-04
PAY0118,Avery Anderson,SAL0221,336.42,EUR,2040-02-05
PAY0704,Robin Johnson,SAL0444,1464.8,EUR,2040-02-06
PAY0120,Jamie Wilson,SAL0546,196.45,USD,2040-02-07
PAY0590,Robin Thomas,SAL0380,1590.54,USD,2040-02-08
PAY0284,Casey Moore,SAL0220,1693.52,EUR,2040-02-09
PAY0686,Riley Moore,SAL0433,1536.02,USD,2040-02-10
PAY0204,Casey Davis,SAL0498,1524.83,USD,2040-02-11
PAY0532,Jordan Anderson,SAL0354,1085.26,USD,2040-02-12
PAY0468,Morgan Wilson,SAL0712,1883.63,USD,2040-02-13
PAY0506,Casey Wilson,SAL0724,1922.22,EUR,2040-02-14
PAY0755,Jamie Davis,SAL0614,1948.18,EUR,2040-02-15
PAY0462,Riley Thomas,SAL0878,1252.28,EUR,2040-02-16
PAY0568,Quinn Johnson,SAL0849,755.16,EUR,2040-02-17
PAY0296,Robin Taylor,SAL0593,1891.11,EUR,2040-02-18
PAY0477,Jamie Wilson,SAL0719,1546.13,EUR,2040-02-19
PAY0287,Taylor Taylor,SAL0897,431.07,EUR,2040-02-20
PAY0768,Jamie Smith,SAL0402,656.09,USD,2040-02-21
PAY0956,Alex Anderson,SAL0166,687.52,USD,2040-02-22
PAY0130,Alex Brown,SAL0552,1136.34,USD,2040-02-23
PAY0180,Riley Taylor,SAL0189,1970.56,EUR,2040-02-24
PAY0889,Casey Davis,SAL0084,1485.62,USD,2040-02-25
PAY0290,Jamie Johnson,SAL0540,63.87,EUR,2040-02-26
PAY0365,Avery Thomas,SAL0992,790.4,EUR,2040-02-27
PAY0885,Robin Smith,SAL0828,1103.65,EUR,2040-02-28
PAY0546,Robin Anderson,SAL0588,1664.2,EUR,2040-02-29
PAY0344,Robin Wilson,SAL0910,158.45,EUR,2040-03-01
PAY0139,Robin Johnson,SAL0797,1691.91,USD,2040-03-02
PAY0792,Taylor Jackson,SAL0074,751.82,USD,2040-03-03
PAY0938,Alex Moore,,822.46,USD,2040-03-04
PAY0887,Taylor Anderson,SAL0594,1690.72,USD,2040-03-05
PAY0618,Jamie Taylor,,57.4,USD,2040-03-06
PAY0950,Jamie Anderson,SAL0535,590.86,EUR,2040-03-07
PAY0589,Avery Taylor,,1741.17,EUR,2040-03-08
PAY0625,Alex Davis,SAL0756,949.65,EUR,2040-03-09
PAY0435,Avery Brown,,1210.56,EUR,2040-03-10
PAY0422,Morgan Jackson,SAL0263,1710.02,USD,2040-03-11
PAY0308,Casey Wilson,SAL0403,589.42,EUR,2040-03-12
PAY0964,Jamie Smith,,1249.77,USD,2040-03-13
PAY0034,Riley Jackson,SAL0514,451.74,EUR,2040-03-14
PAY0489,Casey Johnson,SAL0830,1219.32,EUR,2040-03-15
PAY0987,Jamie Moore,SAL0574,744.09,EUR,2040-03-16
PAY0874,Quinn Taylor,SAL0136,1070.81,USD,2040-03-17
PAY0514,Robin Johnson,SAL0677,836.77,USD,2040-03-18
PAY0124,Morgan Taylor,SAL0268,349.22,EUR,2040-03-19
PAY0603,Casey Anderson,SAL0274,478.2,USD,2040-03-20
PAY0092,Jamie Anderson,SAL0597,1741.6,USD,2040-03-21
PAY0533,Alex Thomas,SAL0967,413.12,EUR,2040-03-22
PAY0572,Taylor Jackson,SAL0409,1765.67,USD,2040-03-23
PAY0942,Jamie Thomas,SAL0355,279.44,EUR,2040-03-24
PAY0967,Jamie Anderson,SAL0507,1811.1,USD,2040-03-25
PAY0006,Avery Moore,SAL0017,653.83,EUR,2040-03-26
PAY0114,Robin Anderson,SAL0266,62.44,USD,2040-03-27
PAY0023,Quinn Smith,SAL0638,1726.28,EUR,2040-03-28
PAY0796,Avery Moore,SAL0601,1935.61,EUR,2040-03-29
PAY0530,Morgan Moore,SAL0014,1716.87,USD,2040-03-30
PAY0393,Jamie Wilson,SAL0991,1390.51,USD,2040-03-31
PAY0656,Taylor Jackson,SAL0047,1719.98,EUR,2040-04-01
PAY0923,Morgan Anderson,SAL0228,987.48,EUR,2040-04-02
PAY0899,Avery Davis,SAL0852,559.78,USD,2040-04-03
PAY0607,Robin Jackson,SAL0076,71.63,EUR,2040-04-04
PAY0903,Avery Wilson,,1193.15,EUR,2040-04-05
PAY0507,Avery Taylor,SAL0033,121.53,EUR,2040-04-06
PAY0875,Morgan Moore,SAL0623,1780.52,EUR,2040-04-07
PAY0351,Riley Thomas,SAL0046,444.65,EUR,2040-04-08
PAY0070,Riley Brown,SAL0004,1632.18,EUR,2040-04-09
PAY0151,Avery Anderson,SAL0067,269.31,EUR,2040-04-10
PAY0818,Quinn Taylor,SAL0021,241.25,EUR,2040-04-11
PAY0529,Morgan Smith,SAL0482,808.16,USD,2040-04-12
PAY0362,Avery Davis,SAL0049,973.99,USD,2040-04-13
PAY0560,Morgan Jackson,SAL0560,1879.04,EUR,2040-04-14
PAY0535,Quinn Thomas,SAL0133,212.17,EUR,2040-04-15
PAY0278,Riley Jackson,SAL0652,1855.15,EUR,2040-04-16
PAY0731,Quinn Thomas,SAL0099,192.84,USD,2040-04-17
PAY0475,Casey Taylor,,253.58,EUR,2040-04-18
PAY0641,Casey Brown,SAL0826,706.09,EUR,2040-04-19
PAY0564,Riley Taylor,SAL0629,883.96,EUR,2040-04-20
PAY0715,Riley Wilson,SAL0377,458.72,EUR,2040-04-21
PAY0493,Jordan Taylor,,996.78,USD,2040-04-22
PAY0144,Casey Wilson,SAL0928,1637.35,USD,2040-04-23
PAY0522,Riley Johnson,SAL0892,1608.92,USD,2040-04-24
PAY0030,Quinn Davis,SAL0947,304.04,USD,2040-04-25
PAY0130,Alex Brown,,1632.25,EUR,2040-04-26
PAY0875,Morgan Moore,SAL0623,233.25,USD,2040-04-27
PAY0031,Casey Thomas,,650.5,USD,2040-04-28
PAY0032,Riley Johnson,SAL0708,437.68,EUR,2040-04-29
PAY0702,Jamie Johnson,SAL0718,195.44,USD,2040-04-30
PAY0985,Casey Moore,SAL0805,1903.98,USD,2040-05-01
PAY0846,Casey Jackson,SAL0795,1647.58,EUR,2040-05-02
PAY0240,Taylor Jackson,SAL0644,86.17,USD,2040-05-03
PAY0186,Avery Thomas,SAL0720,1084.12,USD,2040-05-04
PAY0816,Morgan Moore,,1165.98,EUR,2040-05-05
PAY0901,Casey Johnson,SAL0686,403.94,USD,2040-05-06
PAY0960,Jordan Anderson,SAL0554,137.86,USD,2040-05-07
PAY0372,Jordan Brown,SAL0561,893.08,USD,2040-05-08
PAY0319,Riley Anderson,SAL0822,1042.39,EUR,2040-05-09
PAY0290,Jamie Johnson,SAL0540,1796.82,EUR,2040-05-10
PAY0583,Avery Brown,,1345.92,EUR,2040-05-11
PAY0395,Quinn Smith,,1255.22,USD,2040-05-12
PAY0007,Avery Brown,SAL0449,63.87,USD,2040-05-13
PAY0136,Quinn Wilson,SAL0278,1256.22,EUR,2040-05-14
PAY0128,Jamie Johnson,SAL0344,1626.33,EUR,2040-05-15
PAY0465,Quinn Davis,,1040.55,EUR,2040-05-16
PAY0247,Riley Wilson,,1741.59,EUR,2040-05-17
PAY0595,Jordan Anderson,SAL0134,1524.57,EUR,2040-05-18
PAY0652,Jordan Brown,SAL0085,1886.44,EUR,2040-05-19
PAY0645,Casey Johnson,SAL0263,1668.41,EUR,2040-05-20
PAY0155,Quinn Smith,SAL0145,429.37,EUR,2040-05-21
PAY0730,Quinn Taylor,SAL0235,378.02,USD,2040-05-22
PAY0962,Riley Brown,SAL0122,1010.95,EUR,2040-05-23
PAY0456,Robin Johnson,SAL0668,817.73,EUR,2040-05-24
PAY0699,Morgan Anderson,SAL0447,1328.85,EUR,2040-05-25
PAY0402,Taylor Jackson,SAL0342,1187.57,EUR,2040-05-26
PAY0990,Jordan Davis,,730.3,USD,2040-05-27
PAY0852,Jordan Smith,SAL0887,542.85,EUR,2040-05-28
PAY0346,Casey Jackson,SAL0428,302.93,USD,2040-05-29
PAY0016,Alex Wilson,SAL0942,1015.55,USD,2040-05-30
PAY0130,Alex Brown,SAL0552,1671.91,EUR,2040-05-31
PAY0779,Avery Moore,SAL0238,1266.3,EUR,2040-06-01
PAY0414,Jamie Davis,SAL0997,1619.22,EUR,2040-06-02
PAY0323,Avery Jackson,SAL0923,1937.28,USD,2040-06-03
PAY0091,Jamie Jackson,SAL0318,437.51,EUR,2040-06-04
PAY0317,Robin Brown,SAL0851,413.73,USD,2040-06-05
PAY0418,Riley Wilson,SAL0397,640.74,USD,2040-06-06
PAY0690,Taylor Thomas,SAL0144,1572.57,EUR,2040-06-07
PAY0606,Riley Johnson,SAL0445,1936.8,EUR,2040-06-08
PAY0670,Quinn Taylor,SAL0781,1765.83,USD,2040-06-09
PAY0420,Morgan Smith,SAL0571,1684.94,EUR,2040-06-10
PAY0664,Taylor Smith,SAL0936,325.25,EUR,2040-06-11
PAY0901,Casey Johnson,SAL0686,1281.7,EUR,2040-06-12
PAY0457,Alex Brown,SAL0576,819.41,EUR,2040-06-13
PAY0332,Quinn Johnson,SAL0953,1967.73,EUR,2040-06-14
PAY0025,Morgan Anderson,,532.9,USD,2040-06-15
PAY0612,Casey Thomas,SAL0040,1578.39,EUR,2040-06-16
PAY0456,Robin Johnson,SAL0668,335.94,USD,2040-06-17
PAY0542,Avery Anderson,SAL0663,1645.42,USD,2040-06-18
PAY0236,Jordan Smith,SAL0663,399.13,EUR,2040-06-19
PAY0689,Morgan Brown,SAL0758,1089.97,EUR,2040-06-20
PAY0221,Jordan Davis,SAL0843,561.62,EUR,2040-06-21
PAY0733,Riley Johnson,SAL0097,444.26,USD,2040-06-22
PAY0487,Morgan Wilson,SAL0418,220.03,EUR,2040-06-23
PAY0749,Jordan Brown,SAL0494,1731.31,EUR,2040-06-24
PAY0397,Robin Jackson,SAL0835,1200.58,EUR,2040-06-25
PAY0276,Quinn Thomas,SAL0544,1526.93,USD,2040-06-26
PAY0507,Avery Taylor,SAL0033,961.32,EUR,2040-06-27
PAY0031,Casey Thomas,SAL0903,893.79,EUR,2040-06-28
PAY0847,Riley Anderson,SAL0038,1699.97,USD,2040-06-29
PAY0351,Riley Thomas,SAL0046,516.35,EUR,2040-06-30
PAY0897,Riley Johnson,SAL0121,264.09,USD,2040-07-01
PAY0319,Riley Anderson,SAL0822,1216.53,EUR,2040-07-02
PAY0061,Taylor Thomas,SAL0281,1486.02,USD,2040-07-03
PAY0301,Taylor Taylor,SAL0335,851.89,EUR,2040-07-04
PAY0086,Jamie Anderson,SAL0384,1568.08,USD,2040-07-05
PAY0702,Jamie Johnson,SAL0718,137.5,EUR,2040-07-06
PAY0960,Jordan Anderson,SAL0554,1778.57,EUR,2040-07-07
PAY0599,Quinn Brown,SAL0182,1932.95,USD,2040-07-08
PAY0743,Riley Thomas,SAL0061,637.71,EUR,2040-07-09
PAY0087,Morgan Jackson,SAL0632,70.73,EUR,2040-07-10
PAY0084,Alex Davis,SAL0415,465.48,EUR,2040-07-11
PAY0136,Quinn Wilson,SAL0278,64.12,EUR,2040-07-12
PAY0344,Robin Wilson,SAL0910,984.46,USD,2040-07-13
PAY0900,Robin Brown,SAL0376,1740.4,USD,2040-07-14
PAY0138,Quinn Taylor,SAL0307,1972.75,USD,2040-07-15
PAY0185,Morgan Johnson,SAL0916,1010.27,EUR,2040-07-16
PAY0117,Taylor Anderson,SAL0204,570.61,EUR,2040-07-17
PAY0825,Alex Jackson,SAL0541,1145.84,EUR,2040-07-18
PAY0510,Jordan Smith,SAL0750,96.71,USD,2040-07-19
PAY0564,Riley Taylor,SAL0629,1271.35,EUR,2040-07-20
PAY0541,Jamie Brown,SAL0513,717.44,EUR,2040-07-21
PAY0776,Morgan Taylor,SAL0538,1499.27,USD,2040-07-22
PAY0025,Morgan Anderson,SAL0350,1802.92,EUR,2040-07-23
PAY0236,Jordan Smith,SAL0595,1920.82,USD,2040-07-24
PAY0607,Robin Jackson,SAL0076,1930.44,EUR,2040-07-25
PAY0644,Morgan Johnson,,107.24,USD,2040-07-26
PAY0087,Morgan Jackson,SAL0632,1599.96,USD,2040-07-27
PAY0006,Avery Moore,SAL0017,456.54,USD,2040-07-28
PAY0437,Alex Taylor,SAL0442,1950.63,EUR,2040-07-29
PAY0597,Jamie Smith,SAL0972,1846.7,USD,2040-07-30
PAY0652,Jordan Brown,SAL0085,202.85,USD,2040-07-31
PAY0756,Alex Thomas,SAL0200,799.79,USD,2040-08-01
PAY0104,Robin Jackson,SAL0382,1080.27,USD,2040-08-02
PAY0616,Morgan Wilson,SAL0227,513.15,USD,2040-08-03
PAY0614,Casey Taylor,SAL0780,1084.84,EUR,2040-08-04
PAY0253,Alex Thomas,SAL0275,914.76,EUR,2040-08-05
PAY0073,Alex Smith,SAL0941,1632.13,USD,2040-08-06
PAY0930,Taylor Johnson,SAL0771,1294.27,EUR,2040-08-07
PAY0525,Jordan Davis,SAL0288,1723.14,USD,2040-08-08
PAY0986,Avery Brown,SAL0673,1541.14,USD,2040-08-09
PAY0203,Jamie Anderson,SAL0567,306.43,EUR,2040-08-10
PAY0318,Quinn Moore,,719.43,EUR,2040-08-11
PAY0942,Jamie Thomas,SAL0355,866.67,USD,2040-08-12
PAY0686,Riley Moore,,129.99,USD,2040-08-13
PAY0147,Jordan Thomas,SAL0315,875.28,EUR,2040-08-14
PAY0173,Taylor Brown,SAL0064,1028.53,EUR,2040-08-15
PAY0506,Casey Wilson,,1657.89,EUR,2040-08-16
PAY0235,Jamie Brown,SAL0338,1491.93,EUR,2040-08-17
PAY0969,Robin Thomas,SAL0515,315.65,EUR,2040-08-18
PAY0540,Jordan Taylor,SAL0173,130.09,EUR,2040-08-19
PAY0953,Riley Jackson,SAL0831,1864.05,EUR,2040-08-20
PAY0726,Quinn Anderson,SAL0125,1609.85,USD,2040-08-21
PAY0627,Morgan Taylor,SAL0829,1046.02,USD,2040-08-22
PAY0712,Taylor Smith,SAL0842,1344.89,EUR,2040-08-23
PAY0920,Avery Smith,,921.7,EUR,2040-08-24
PAY0873,Jordan Thomas,SAL0585,775.6,USD,2040-08-25
PAY0900,Robin Brown,SAL0376,296.07,EUR,2040-08-26
PAY0813,Avery Thomas,SAL0575,1194.25,USD,2040-08-27
PAY0281,Morgan Brown,SAL0198,125.15,EUR,2040-08-28
PAY0759,Casey Brown,SAL0670,695.32,EUR,2040-08-29
PAY0309,Quinn Wilson,SAL0794,1672.65,EUR,2040-08-30
PAY0401,Casey Wilson,SAL0190,1453.27,USD,2040-08-31
PAY0890,Robin Smith,SAL0685,1371.6,EUR,2040-09-01
PAY0220,Quinn Thomas,SAL0564,1002.73,USD,2040-09-02
PAY0008,Quinn Davis,,719.84,USD,2040-09-03
PAY0473,Quinn Wilson,,921.17,USD,2040-09-04
PAY0551,Morgan Moore,SAL0645,351.99,USD,2040-09-05
PAY0126,Robin Davis,SAL0982,824.74,USD,2040-09-06
PAY0849,Avery Thomas,SAL0486,767.25,USD,2040-09-07
PAY0076,Taylor Wilson,SAL0940,251.28,USD,2040-09-08
PAY0550,Avery Brown,,760.85,USD,2040-09-09
PAY0778,Jordan Moore,SAL0784,1263.85,EUR,2040-09-10
PAY0384,Taylor Johnson,SAL0109,898.53,USD,2040-09-11
PAY0783,Jordan Anderson,SAL0561,1914.81,USD,2040-09-12
PAY0876,Quinn Thomas,SAL0926,1413.74,EUR,2040-09-13
PAY0794,Casey Brown,,1649.73,EUR,2040-09-14
PAY0138,Quinn Taylor,SAL0307,1500.45,USD,2040-09-15
PAY0419,Quinn Jackson,SAL0587,1449.2,EUR,2040-09-16
PAY0362,Avery Davis,SAL0049,772.59,EUR,2040-09-17
PAY0910,Quinn Davis,SAL0521,1543.62,USD,2040-09-18
PAY0769,Riley Johnson,SAL0456,1186.99,USD,2040-09-19
PAY0308,Casey Wilson,SAL0403,140.14,USD,2040-09-20
PAY0672,Jordan Wilson,SAL0207,869.46,EUR,2040-09-21
PAY0362,Avery Davis,SAL0049,115.15,EUR,2040-09-22
PAY0218,Morgan Brown,SAL0011,1214.57,USD,2040-09-23
PAY0264,Quinn Davis,SAL0844,135.24,EUR,2040-09-24
PAY0381,Avery Davis,SAL0264,1430.92,USD,2040-09-25
PAY0322,Riley Wilson,,523.84,USD,2040-09-26
PAY0385,Alex Wilson,SAL0239,1354.77,USD,2040-09-27
PAY0823,Quinn Taylor,SAL0855,1061.58,USD,2040-09-28
PAY0509,Robin Thomas,SAL0500,1080.02,EUR,2040-09-29
PAY0015,Jamie Johnson,SAL0570,243.71,EUR,2040-09-30
PAY0077,Robin Jackson,SAL0922,534.51,EUR,2040-10-01
PAY0508,Casey Brown,SAL0836,65.41,USD,2040-10-02
PAY0306,Jamie Davis,SAL0934,411.91,USD,2040-10-03
PAY0365,Avery Thomas,SAL0992,619.6,EUR,2040-10-04
PAY0860,Casey Davis,SAL0757,585.89,USD,2040-10-05
PAY0127,Alex Jackson,SAL0563,428.54,USD,2040-10-06
PAY0398,Alex Anderson,SAL0141,896.48,USD,2040-10-07
PAY0718,Jordan Jackson,SAL0609,1060.65,EUR,2040-10-08
PAY0183,Riley Davis,SAL0534,1238.3,USD,2040-10-09
PAY0578,Avery Anderson,SAL0361,1344.32,EUR,2040-10-10
PAY0345,Casey Brown,,1640.12,USD,2040-10-11
PAY0163,Avery Wilson,SAL0280,1421.12,USD,2040-10-12
PAY0421,Quinn Davis,SAL0283,1625.77,EUR,2040-10-13
PAY0099,Morgan Davis,SAL0059,1249.35,USD,2040-10-14
PAY0206,Taylor Davis,SAL0804,1594.87,USD,2040-10-15
PAY0087,Morgan Jackson,SAL0632,781.31,EUR,2040-10-16
PAY0305,Casey Davis,SAL0945,1062.75,USD,2040-10-17
PAY0351,Riley Thomas,SAL0046,1687.58,USD,2040-10-18
PAY0048,Taylor Jackson,SAL0010,1950.81,USD,2040-10-19
PAY0159,Riley Brown,SAL0616,317.87,USD,2040-10-20
PAY0338,Jordan Taylor,SAL0337,997.64,EUR,2040-10-21
PAY0330,Robin Thomas,SAL0841,1438.98,USD,2040-10-22
PAY0696,Jamie Jackson,SAL0126,636.56,EUR,2040-10-23
PAY0730,Quinn Taylor,SAL0235,1860.07,EUR,2040-10-24
PAY0942,Jamie Thomas,SAL0355,1610.16,EUR,2040-10-25
PAY0649,Avery Moore,SAL0424,828.82,EUR,2040-10-26
PAY0209,Riley Smith,SAL0387,801.48,USD,2040-10-27
PAY0122,Casey Smith,SAL0650,180.85,USD,2040-10-28
PAY0226,Casey Brown,SAL0963,984.01,EUR,2040-10-29
PAY0771,Jamie Davis,SAL0476,1223.23,USD,2040-10-30
PAY0324,Avery Wilson,SAL0036,960.44,EUR,2040-10-31
PAY0917,Morgan Moore,SAL0911,897.07,USD,2040-11-01
PAY0083,Alex Johnson,,132.51,EUR,2040-11-02
PAY0806,Riley Wilson,SAL0294,891.02,EUR,2040-11-03
PAY0474,Robin Anderson,SAL0138,768.88,USD,2040-11-04
PAY0050,Alex Thomas,SAL0656,1170.16,EUR,2040-11-05
PAY0190,Riley Thomas,SAL0815,1618.71,EUR,2040-11-06
PAY0659,Quinn Wilson,SAL0341,486.41,EUR,2040-11-07
PAY0128,Jamie Johnson,SAL0344,563.07,USD,2040-11-08
PAY0706,Morgan Wilson,SAL0872,1147.18,EUR,2040-11-09
PAY0941,Jordan Moore,,1990.45,USD,2040-11-10
PAY0686,Riley Moore,SAL0007,1399.09,USD,2040-11-11
PAY0486,Taylor Taylor,SAL0619,448.69,USD,2040-11-12
PAY0791,Morgan Thomas,SAL0478,1964.32,USD,2040-11-13
PAY0639,Jordan Johnson,SAL0013,124.41,USD,2040-11-14
PAY0774,Morgan Brown,SAL0777,571.18,EUR,2040-11-15
PAY0569,Jamie Moore,SAL0996,1675.24,EUR,2040-11-16
PAY0886,Riley Thomas,SAL0729,1255.36,USD,2040-11-17
PAY0342,Alex Thomas,SAL0717,86.94,USD,2040-11-18
PAY0262,Alex Brown,SAL0149,236.58,USD,2040-11-19
PAY0304,Taylor Smith,SAL0051,1811.95,USD,2040-11-20
PAY0471,Casey Thomas,SAL0618,993.76,EUR,2040-11-21
PAY0185,Morgan Johnson,SAL0916,199.78,USD,2040-11-22
PAY0725,Jamie Taylor,SAL0734,832.83,EUR,2040-11-23
PAY0321,Jamie Thomas,SAL0880,946.81,EUR,2040-11-24
PAY0038,Taylor Thomas,SAL0633,1677.03,USD,2040-11-25
PAY0867,Taylor Johnson,SAL0649,296.2,EUR,2040-11-26
PAY0682,Alex Smith,SAL0681,856.85,EUR,2040-11-27
PAY0909,Jordan Thomas,SAL0364,482.24,EUR,2040-11-28
PAY0429,Jordan Jackson,,743.82,USD,2040-11-29
PAY0801,Alex Smith,SAL0905,934.69,EUR,2040-11-30
PAY0769,Riley Johnson,SAL0456,1883.34,USD,2040-12-01
PAY0102,Riley Thomas,SAL0730,1788.71,USD,2040-12-02
PAY0492,Casey Davis,SAL0839,269.83,USD,2040-12-03
PAY0357,Casey Anderson,SAL0834,1509.24,EUR,2040-12-04
PAY0899,Avery Davis,SAL0852,1179.14,EUR,2040-12-05
PAY0323,Avery Jackson,SAL0923,188.45,USD,2040-12-06
PAY0151,Avery Anderson,SAL0067,1706.31,EUR,2040-12-07
PAY0956,Alex Anderson,SAL0166,1629.88,USD,2040-12-08
PAY0147,Jordan Thomas,SAL0315,1616.75,USD,2040-12-09
PAY0183,Riley Davis,SAL0534,1082.96,EUR,2040-12-10
PAY0421,Quinn Davis,SAL0283,972.51,USD,2040-12-11
PAY0789,Alex Taylor,SAL0813,417.27,USD,2040-12-12
PAY0113,Riley Moore,,338.42,USD,2040-12-13
PAY0261,Taylor Davis,SAL0114,1512.26,EUR,2040-12-14
PAY0421,Quinn Davis,SAL0283,1491.47,USD,2040-12-15
PAY0732,Morgan Anderson,SAL0284,184.21,USD,2040-12-16
PAY0522,Riley Johnson,SAL0892,1033.63,EUR,2040-12-17
PAY0008,Quinn Davis,SAL0168,421.2,EUR,2040-12-18
PAY0299,Jamie Davis,SAL0999,487.33,EUR,2040-12-19
PAY0784,Alex Johnson,SAL0034,665.63,EUR,2040-12-20
PAY0588,Riley Smith,SAL0634,1416.09,USD,2040-12-21
PAY0804,Casey Wilson,SAL0959,599.53,EUR,2040-12-22
PAY0928,Morgan Davis,SAL0096,929.13,EUR,2040-12-23
PAY0538,Quinn Smith,SAL0862,236.99,EUR,2040-12-24
PAY0936,Riley Anderson,SAL0119,909.63,USD,2040-12-25
PAY0631,Riley Thomas,SAL0325,1415.14,USD,2040-12-26
PAY0984,Casey Davis,SAL0814,1619.74,USD,2040-12-27
PAY0626,Morgan Wilson,SAL0731,1152.53,EUR,2040-12-28
PAY0829,Riley Anderson,SAL0626,1701.36,EUR,2040-12-29
PAY0781,Robin Anderson,SAL0106,788.25,EUR,2040-12-30
PAY0094,Taylor Johnson,SAL0989,234.07,USD,2040-12-31
PAY0460,Jordan Davis,SAL0767,109.53,USD,2041-01-01
PAY0356,Casey Davis,SAL0536,1456.16,USD,2041-01-02
PAY0368,Jamie Thomas,SAL0175,1118.98,USD,2041-01-03
PAY0374,Jordan Smith,SAL0683,1198.27,EUR,2041-01-04
PAY0827,Alex Davis,SAL0747,1062.31,EUR,2041-01-05
PAY0258,Jordan Smith,SAL0095,733.25,EUR,2041-01-06
PAY0269,Robin Johnson,SAL0617,341.02,EUR,2041-01-07
PAY0007,Avery Brown,SAL0449,91.84,EUR,2041-01-08
PAY0238,Avery Smith,SAL0271,768.91,EUR,2041-01-09
PAY0733,Riley Johnson,SAL0579,1099.07,EUR,2041-01-10
PAY0410,Morgan Davis,SAL0409,1456.41,EUR,2041-01-11
PAY0402,Taylor Jackson,SAL0342,362.22,USD,2041-01-12
PAY0378,Jamie Johnson,SAL0006,796.9,USD,2041-01-13
PAY0514,Robin Johnson,SAL0677,1728.44,USD,2041-01-14
PAY0240,Taylor Jackson,SAL0644,1777.99,USD,2041-01-15
PAY0490,Jordan Anderson,SAL0458,1316.24,EUR,2041-01-16
PAY0361,Riley Anderson,SAL0468,1133.71,EUR,2041-01-17
PAY0938,Alex Moore,SAL0610,1024.21,EUR,2041-01-18
PAY0772,Jamie Thomas,SAL0674,722.22,EUR,2041-01-19
PAY0461,Riley Johnson,SAL0296,1016.74,USD,2041-01-20
PAY0613,Jamie Johnson,SAL0242,955.08,EUR,2041-01-21
PAY0459,Quinn Jackson,SAL0504,1148.18,EUR,2041-01-22
PAY0489,Casey Johnson,SAL0830,1822.08,EUR,2041-01-23
PAY0400,Riley Moore,SAL0812,444.45,EUR,2041-01-24
PAY0701,Riley Johnson,SAL0214,1405.96,USD,2041-01-25
PAY0983,Robin Jackson,SAL0867,121.99,USD,2041-01-26
PAY0892,Quinn Wilson,SAL0285,518.31,EUR,2041-01-27
PAY0874,Quinn Taylor,SAL0136,1575.75,USD,2041-01-28
PAY0428,Riley Moore,SAL0661,746.0,EUR,2041-01-29
PAY0664,Taylor Smith,SAL0936,1630.42,EUR,2041-01-30
PAY0125,Taylor Anderson,SAL0041,1105.61,USD,2041-01-31
PAY0452,Riley Moore,SAL0351,1018.44,EUR,2041-02-01
PAY0945,Alex Moore,SAL0579,929.7,USD,2041-02-02
PAY0595,Jordan Anderson,SAL0134,1264.76,EUR,2041-02-03
PAY0091,Jamie Jackson,SAL0318,1097.24,EUR,2041-02-04
PAY0124,Morgan Taylor,SAL0268,965.87,USD,2041-02-05
PAY0323,Avery Jackson,SAL0923,120.39,USD,2041-02-06
PAY0546,Robin Anderson,SAL0588,790.93,EUR,2041-02-07
PAY0409,Jamie Davis,SAL0531,339.97,EUR,2041-02-08
PAY0451,Casey Johnson,SAL0961,869.45,USD,2041-02-09
PAY0136,Quinn Wilson,SAL0278,123.26,USD,2041-02-10
PAY0233,Jordan Thomas,SAL0273,1135.78,USD,2041-02-11
PAY0874,Quinn Taylor,SAL0136,308.58,EUR,2041-02-12
PAY0930,Taylor Johnson,SAL0771,1694.05,USD,2041-02-13
PAY0423,Casey Davis,SAL0343,314.72,EUR,2041-02-14
PAY0883,Riley Taylor,SAL0147,986.11,USD,2041-02-15
PAY0329,Quinn Jackson,SAL0725,836.3,USD,2041-02-16
PAY0840,Avery Smith,SAL0512,931.51,USD,2041-02-17
PAY0307,Casey Johnson,SAL0603,481.01,EUR,2041-02-18
PAY0473,Quinn Wilson,SAL0072,704.51,USD,2041-02-19
PAY0470,Casey Anderson,SAL0995,589.96,EUR,2041-02-20
PAY0859,Avery Davis,SAL0329,158.19,EUR,2041-02-21
PAY0413,Avery Smith,SAL0484,1015.15,EUR,2041-02-22
PAY0990,Jordan Davis,SAL0439,944.43,USD,2041-02-23
PAY0724,Taylor Brown,SAL0914,637.47,EUR,2041-02-24
PAY0278,Riley Jackson,SAL0652,532.89,USD,2041-02-25
PAY0333,Avery Taylor,SAL0660,735.85,USD,2041-02-26
PAY0329,Quinn Jackson,SAL0725,147.82,EUR,2041-02-27
PAY0393,Jamie Wilson,SAL0991,416.79,EUR,2041-02-28
PAY0982,Alex Taylor,SAL0997,413.58,EUR,2041-03-01
PAY0855,Alex Moore,SAL0130,843.53,EUR,2041-03-02
PAY0597,Jamie Smith,SAL0972,59.29,EUR,2041-03-03
PAY0544,Casey Johnson,SAL0985,1530.08,USD,2041-03-04
PAY0217,Robin Jackson,SAL0714,1835.95,EUR,2041-03-05
PAY0881,Jordan Taylor,SAL0913,1447.87,USD,2041-03-06
PAY0178,Jamie Thomas,SAL0837,1509.91,EUR,2041-03-07
PAY0472,Riley Davis,SAL0481,592.89,USD,2041-03-08
PAY0068,Riley Taylor,SAL0381,1709.06,USD,2041-03-09
PAY0668,Alex Wilson,SAL0950,860.53,USD,2041-03-10
PAY0518,Avery Smith,SAL0698,1702.67,USD,2041-03-11
PAY0833,Casey Thomas,SAL0624,1080.91,USD,2041-03-12
PAY0836,Avery Moore,SAL0197,1023.99,USD,2041-03-13
PAY0115,Riley Johnson,,153.76,USD,2041-03-14
PAY0622,Robin Jackson,SAL0485,1691.05,USD,2041-03-15
PAY0375,Casey Davis,SAL0572,1884.57,EUR,2041-03-16
PAY0952,Jamie Thomas,,1828.46,USD,2041-03-17
PAY0706,Morgan Wilson,SAL0247,538.79,EUR,2041-03-18
PAY0948,Morgan Wilson,SAL0858,330.97,USD,2041-03-19
PAY0358,Quinn Jackson,SAL0373,1681.24,USD,2041-03-20
PAY0425,Quinn Wilson,SAL0654,625.45,EUR,2041-03-21
PAY0603,Casey Anderson,SAL0274,1905.78,EUR,2041-03-22
PAY0380,Jordan Thomas,SAL0748,1386.1,USD,2041-03-23
PAY0590,Robin Thomas,SAL0380,1162.83,USD,2041-03-24
PAY0854,Morgan Moore,SAL0234,747.07,EUR,2041-03-25
PAY0074,Avery Smith,SAL0432,556.53,USD,2041-03-26
PAY0495,Morgan Johnson,SAL0298,382.39,EUR,2041-03-27
PAY0272,Robin Anderson,SAL0367,828.75,EUR,2041-03-28
PAY0122,Casey Smith,SAL0650,900.44,USD,2041-03-29
PAY0936,Riley Anderson,SAL0119,287.6,USD,2041-03-30
PAY0988,Jordan Anderson,SAL0435,751.33,USD,2041-03-31
PAY0340,Avery Davis,SAL0209,1214.7,USD,2041-04-01
PAY0546,Robin Anderson,SAL0588,1530.08,EUR,2041-04-02
PAY0998,Jamie Johnson,SAL0893,1244.62,EUR,2041-04-03
PAY0057,Jamie Johnson,SAL0620,1153.35,EUR,2041-04-04
PAY0009,Avery Taylor,SAL0930,397.65,USD,2041-04-05
PAY0217,Robin Jackson,SAL0714,1386.87,EUR,2041-04-06
PAY0303,Morgan Jackson,,1234.83,USD,2041-04-07
PAY0559,Taylor Davis,SAL0260,1514.61,USD,2041-04-08
PAY0552,Morgan Jackson,SAL0389,1421.38,USD,2041-04-09
PAY0030,Quinn Davis,SAL0947,378.4,EUR,2041-04-10
PAY0117,Taylor Anderson,SAL0776,366.47,USD,2041-04-11
PAY0464,Riley Taylor,SAL0987,133.77,USD,2041-04-12
PAY0998,Jamie Johnson,,640.32,EUR,2041-04-13
PAY0294,Casey Thomas,SAL0071,1922.69,EUR,2041-04-14
PAY0614,Casey Taylor,SAL0556,1110.33,USD,2041-04-15
PAY0776,Morgan Taylor,SAL0538,532.22,EUR,2041-04-16
PAY0913,Quinn Smith,SAL0682,1901.38,USD,2041-04-17
PAY0088,Avery Jackson,SAL0310,582.57,USD,2041-04-18
PAY0447,Casey Smith,,1602.0,USD,2041-04-19
PAY0740,Riley Anderson,SAL0901,235.45,USD,2041-04-20
PAY0024,Avery Taylor,SAL0598,317.92,USD,2041-04-21
PAY0497,Alex Anderson,,383.11,USD,2041-04-22
PAY0801,Alex Smith,SAL0905,1871.47,USD,2041-04-23
PAY0870,Casey Wilson,SAL0362,1466.73,EUR,2041-04-24
PAY0314,Morgan Anderson,SAL0921,1675.58,USD,2041-04-25
PAY0978,Taylor Thomas,,1990.23,EUR,2041-04-26
PAY0290,Jamie Johnson,SAL0540,521.4,EUR,2041-04-27
PAY0850,Casey Jackson,SAL0153,923.97,EUR,2041-04-28
PAY0695,Alex Brown,SAL0320,1841.49,USD,2041-04-29
PAY0265,Riley Johnson,SAL0736,1339.17,EUR,2041-04-30
PAY0360,Jordan Davis,SAL0722,820.52,EUR,2041-05-01
PAY0987,Jamie Moore,SAL0574,1759.2,EUR,2041-05-02
PAY0074,Avery Smith,SAL0432,127.45,EUR,2041-05-03
PAY0286,Jordan Davis,SAL0960,1391.89,USD,2041-05-04
PAY0584,Robin Wilson,SAL0295,119.8,EUR,2041-05-05
PAY0274,Robin Anderson,SAL0585,1362.77,EUR,2041-05-06
PAY0542,Avery Anderson,SAL0663,1606.64,USD,2041-05-07
PAY0040,Riley Johnson,SAL0029,725.39,USD,2041-05-08
PAY0013,Quinn Davis,SAL1000,1205.59,USD,2041-05-09
PAY0211,Morgan Thomas,SAL0287,897.08,USD,2041-05-10
PAY0061,Taylor Thomas,SAL0281,411.3,USD,2041-05-11
PAY0711,Casey Anderson,SAL0577,1859.42,USD,2041-05-12
PAY0405,Casey Davis,SAL0217,1941.98,USD,2041-05-13
PAY0292,Robin Wilson,SAL0080,1319.27,USD,2041-05-14
PAY0603,Casey Anderson,,127.48,USD,2041-05-15
PAY0545,Casey Smith,SAL0309,1812.38,EUR,2041-05-16
PAY0990,Jordan Davis,SAL0439,1066.08,EUR,2041-05-17
PAY0398,Alex Anderson,SAL0141,207.25,EUR,2041-05-18
PAY0355,Casey Jackson,,1365.2,USD,2041-05-19
PAY0625,Alex Davis,,961.78,USD,2041-05-20
PAY0030,Quinn Davis,SAL0947,1993.49,USD,2041-05-21
PAY0784,Alex Johnson,SAL0034,1460.27,EUR,2041-05-22
PAY0141,Quinn Taylor,SAL0760,1238.37,EUR,2041-05-23
PAY0769,Riley Johnson,SAL0456,786.88,EUR,2041-05-24
PAY0198,Riley Anderson,SAL0433,1548.96,USD,2041-05-25
PAY0177,Taylor Wilson,SAL0917,684.44,EUR,2041-05-26
PAY0698,Riley Wilson,SAL0602,594.97,EUR,2041-05-27
PAY0755,Jamie Davis,SAL0614,1805.44,EUR,2041-05-28
PAY0849,Avery Thomas,SAL0486,1699.91,USD,2041-05-29
PAY0718,Jordan Jackson,SAL0609,1244.05,EUR,2041-05-30
PAY0482,Jordan Johnson,SAL0267,455.93,EUR,2041-05-31
PAY0631,Riley Thomas,SAL0325,1851.49,USD,2041-06-01
PAY0543,Quinn Taylor,SAL0441,651.81,USD,2041-06-02
PAY0835,Jordan Thomas,SAL0062,833.71,EUR,2041-06-03
PAY0972,Riley Smith,SAL0426,1714.33,USD,2041-06-04
PAY0389,Alex Wilson,SAL0991,1018.42,USD,2041-06-05
PAY0712,Taylor Smith,,868.63,EUR,2041-06-06
PAY0339,Alex Moore,SAL0868,1923.05,USD,2041-06-07
PAY0118,Avery Anderson,SAL0221,1913.9,USD,2041-06-08
PAY0676,Alex Johnson,SAL0791,322.86,USD,2041-06-09
PAY0918,Jordan Taylor,SAL0532,1263.07,USD,2041-06-10
PAY0739,Quinn Davis,SAL0112,914.08,EUR,2041-06-11
PAY0593,Jordan Thomas,,1811.16,EUR,2041-06-12
PAY0882,Taylor Wilson,SAL0727,526.13,EUR,2041-06-13
PAY0593,Jordan Thomas,SAL0326,220.98,USD,2041-06-14
PAY0534,Jordan Moore,,81.49,EUR,2041-06-15
PAY0565,Morgan Thomas,SAL0448,1642.0,EUR,2041-06-16
PAY0069,Jamie Moore,SAL0093,555.86,USD,2041-06-17
PAY0535,Quinn Thomas,SAL0133,1043.39,USD,2041-06-18
PAY0614,Casey Taylor,SAL0556,1116.93,EUR,2041-06-19
PAY0025,Morgan Anderson,SAL0350,1839.51,USD,2041-06-20
PAY0732,Morgan Anderson,SAL0284,197.82,EUR,2041-06-21
PAY0823,Quinn Taylor,SAL0855,138.81,EUR,2041-06-22
PAY0465,Quinn Davis,SAL0741,1287.09,EUR,2041-06-23
PAY0841,Casey Smith,SAL0018,1283.05,USD,2041-06-24
PAY0715,Riley Wilson,SAL0377,1232.84,EUR,2041-06-25
PAY0585,Jamie Wilson,SAL0323,1346.24,USD,2041-06-26
PAY0458,Jordan Johnson,SAL0755,1345.37,EUR,2041-06-27
PAY0860,Casey Davis,SAL0757,645.6,USD,2041-06-28
PAY0549,Jordan Taylor,,1748.04,USD,2041-06-29
PAY0621,Jordan Davis,SAL0840,177.99,EUR,2041-06-30
PAY0213,Morgan Jackson,SAL0102,705.64,EUR,2041-07-01
PAY0871,Morgan Davis,SAL0319,641.75,USD,2041-07-02
PAY0098,Morgan Smith,SAL0453,1377.87,USD,2041-07-03
PAY0882,Taylor Wilson,SAL0727,1522.29,EUR,2041-07-04
PAY0800,Jordan Wilson,SAL0376,786.66,USD,2041-07-05
PAY0714,Casey Brown,SAL0316,1529.08,EUR,2041-07-06
PAY0159,Riley Brown,SAL0616,875.86,EUR,2041-07-07
PAY0382,Robin Moore,SAL0907,1025.2,EUR,2041-07-08
PAY0142,Casey Brown,SAL0690,465.51,USD,2041-07-09
PAY0260,Robin Smith,SAL0699,1248.71,USD,2041-07-10
PAY0312,Riley Johnson,SAL0422,488.41,EUR,2041-07-11
PAY0388,Quinn Johnson,SAL0262,672.22,EUR,2041-07-12
PAY0743,Riley Thomas,SAL0061,1486.26,EUR,2041-07-13
PAY0604,Morgan Davis,SAL0530,271.26,USD,2041-07-14
PAY0378,Jamie Johnson,SAL0006,835.34,EUR,2041-07-15
PAY0299,Jamie Davis,SAL0999,1271.44,USD,2041-07-16
PAY0087,Morgan Jackson,SAL0632,672.05,EUR,2041-07-17
PAY0893,Riley Davis,SAL0472,1546.1,EUR,2041-07-18
PAY0828,Jamie Moore,SAL0710,323.41,EUR,2041-07-19
PAY0219,Casey Thomas,SAL0832,422.87,USD,2041-07-20
PAY0950,Jamie Anderson,SAL0535,1364.83,EUR,2041-07-21
PAY0971,Casey Johnson,SAL0509,1057.3,EUR,2041-07-22
PAY0915,Morgan Smith,SAL0861,1955.39,EUR,2041-07-23
PAY0010,Jamie Moore,SAL0537,742.48,EUR,2041-07-24
PAY0767,Avery Smith,,157.58,EUR,2041-07-25
PAY0326,Jamie Wilson,SAL0301,1452.03,USD,2041-07-26
PAY0993,Robin Moore,SAL0888,1877.09,USD,2041-07-27
PAY0360,Jordan Davis,SAL0722,1207.29,EUR,2041-07-28
PAY0557,Jordan Brown,SAL0427,1031.5,USD,2041-07-29
PAY0446,Quinn Thomas,SAL0590,1951.16,USD,2041-07-30
PAY0834,Morgan Wilson,SAL0723,125.46,USD,2041-07-31
PAY0227,Riley Thomas,SAL0528,590.6,EUR,2041-08-01
PAY0776,Morgan Taylor,SAL0803,1575.47,EUR,2041-08-02
PAY0395,Quinn Smith,,765.77,EUR,2041-08-03
PAY0740,Riley Anderson,SAL0901,1889.99,USD,2041-08-04
PAY0674,Morgan Moore,SAL0827,1403.41,EUR,2041-08-05
PAY0876,Quinn Thomas,SAL0926,209.55,EUR,2041-08-06
PAY0983,Robin Jackson,SAL0867,1921.86,USD,2041-08-07
PAY0655,Jamie Wilson,SAL0297,1897.07,EUR,2041-08-08
PAY0223,Morgan Davis,SAL0215,1119.8,EUR,2041-08-09
PAY0900,Robin Brown,SAL0376,1029.06,EUR,2041-08-10
PAY0271,Riley Davis,,356.21,EUR,2041-08-11
PAY0350,Taylor Taylor,SAL0087,1336.25,USD,2041-08-12
PAY0006,Avery Moore,SAL0017,526.33,EUR,2041-08-13
PAY0882,Taylor Wilson,SAL0727,1556.72,EUR,2041-08-14
PAY0219,Casey Thomas,SAL0832,1632.01,USD,2041-08-15
PAY0296,Robin Taylor,SAL0593,161.24,USD,2041-08-16
PAY0138,Quinn Taylor,SAL0307,954.87,USD,2041-08-17
PAY0277,Avery Wilson,SAL0026,603.08,USD,2041-08-18
PAY0279,Jamie Smith,SAL0764,255.3,USD,2041-08-19
PAY0899,Avery Davis,,1547.22,EUR,2041-08-20
PAY0438,Morgan Brown,SAL0768,1637.44,EUR,2041-08-21
PAY0216,Taylor Smith,SAL0257,1044.7,USD,2041-08-22
PAY0456,Robin Johnson,SAL0668,207.31,EUR,2041-08-23
PAY0263,Jordan Davis,SAL0543,521.96,EUR,2041-08-24
PAY0286,Jordan Davis,SAL0846,351.39,EUR,2041-08-25
PAY0789,Alex Taylor,SAL0813,105.25,EUR,2041-08-26
PAY0768,Jamie Smith,,228.25,USD,2041-08-27
PAY0612,Casey Thomas,SAL0040,706.29,USD,2041-08-28
PAY0009,Avery Taylor,SAL0930,1680.14,USD,2041-08-29
PAY0418,Riley Wilson,SAL0397,72.58,USD,2041-08-30
PAY0803,Taylor Taylor,SAL0205,1186.96,USD,2041-08-31
PAY0179,Quinn Moore,SAL0293,300.76,USD,2041-09-01
PAY0790,Avery Jackson,,369.7,EUR,2041-09-02
PAY0596,Robin Moore,SAL0669,1973.35,USD,2041-09-03
PAY0918,Jordan Taylor,SAL0532,440.32,EUR,2041-09-04
PAY0144,Casey Wilson,SAL0928,877.62,USD,2041-09-05
PAY0719,Taylor Moore,SAL0315,1386.57,EUR,2041-09-06
PAY0482,Jordan Johnson,SAL0267,1594.61,USD,2041-09-07
PAY0768,Jamie Smith,SAL0402,458.83,EUR,2041-09-08
PAY0019,Jamie Davis,SAL0219,1083.44,EUR,2041-09-09
PAY0936,Riley Anderson,SAL0119,1710.45,EUR,2041-09-10
PAY0313,Jamie Thomas,SAL0847,423.43,USD,2041-09-11
PAY0787,Quinn Brown,,498.48,EUR,2041-09-12
PAY0831,Taylor Smith,SAL0970,1900.56,EUR,2041-09-13
PAY0627,Morgan Taylor,SAL0185,1059.85,EUR,2041-09-14
PAY0742,Alex Davis,SAL0241,138.86,EUR,2041-09-15
PAY0362,Avery Davis,SAL0049,1192.52,EUR,2041-09-16
PAY0072,Taylor Brown,SAL0314,1587.31,EUR,2041-09-17
PAY0372,Jordan Brown,SAL0704,596.97,EUR,2041-09-18
PAY0883,Riley Taylor,SAL0147,606.28,EUR,2041-09-19
PAY0145,Morgan Davis,SAL0823,1195.24,USD,2041-09-20
PAY0630,Alex Taylor,SAL0167,153.1,EUR,2041-09-21
PAY0013,Quinn Davis,SAL1000,1753.89,USD,2041-09-22
PAY0761,Robin Wilson,SAL0443,295.52,EUR,2041-09-23
PAY0843,Quinn Brown,SAL0608,455.39,EUR,2041-09-24
PAY0545,Casey Smith,SAL0309,1811.26,EUR,2041-09-25
PAY0236,Jordan Smith,SAL0595,1186.48,USD,2041-09-26
PAY0772,Jamie Thomas,SAL0674,962.19,EUR,2041-09-27
PAY0376,Robin Thomas,,436.33,EUR,2041-09-28
PAY0097,Robin Jackson,SAL0203,1168.33,USD,2041-09-29
PAY0802,Jamie Brown,SAL0754,543.1,USD,2041-09-30
PAY0729,Jamie Taylor,SAL0330,1906.79,EUR,2041-10-01
PAY0648,Quinn Smith,SAL0707,980.0,USD,2041-10-02
PAY0854,Morgan Moore,,160.7,USD,2041-10-03
PAY0502,Jordan Anderson,SAL0412,500.72,EUR,2041-10-04
PAY0608,Alex Moore,SAL0098,1041.61,EUR,2041-10-05
PAY0268,Robin Thomas,SAL0589,1135.78,EUR,2041-10-06
PAY0487,Morgan Wilson,SAL0418,227.07,EUR,2041-10-07
PAY0897,Riley Johnson,SAL0121,857.57,EUR,2041-10-08
PAY0660,Riley Johnson,SAL0809,1412.37,EUR,2041-10-09
PAY0964,Jamie Smith,SAL0639,940.02,USD,2041-10-10
PAY0052,Taylor Johnson,SAL0146,1465.01,EUR,2041-10-11
PAY0284,Casey Moore,SAL0220,1469.37,USD,2041-10-12
PAY0774,Morgan Brown,SAL0590,495.73,USD,2041-10-13
PAY0352,Quinn Taylor,SAL0592,96.15,USD,2041-10-14
PAY0641,Casey Brown,SAL0826,1731.87,USD,2041-10-15
PAY0564,Riley Taylor,,846.88,EUR,2041-10-16
PAY0315,Casey Moore,SAL0857,1958.06,EUR,2041-10-17
PAY0407,Jamie Thomas,SAL0529,1344.37,USD,2041-10-18
PAY0036,Avery Brown,SAL0542,501.24,USD,2041-10-19
PAY0278,Riley Jackson,SAL0075,62.77,USD,2041-10-20
PAY0013,Quinn Davis,SAL1000,1450.99,USD,2041-10-21
PAY0515,Robin Thomas,SAL0282,1374.38,EUR,2041-10-22
PAY0524,Casey Wilson,SAL0487,1895.31,USD,2041-10-23
PAY0159,Riley Brown,SAL0616,988.96,EUR,2041-10-24
PAY0833,Casey Thomas,SAL0624,670.77,EUR,2041-10-25
PAY0626,Morgan Wilson,SAL0731,1295.56,EUR,2041-10-26
PAY0090,Taylor Thomas,SAL0253,908.91,USD,2041-10-27
PAY0307,Casey Johnson,SAL0603,414.86,EUR,2041-10-28
PAY0736,Quinn Anderson,SAL0561,789.74,EUR,2041-10-29
PAY0014,Alex Wilson,SAL0183,552.05,EUR,2041-10-30
PAY0018,Jordan Smith,SAL0261,801.46,EUR,2041-10-31
PAY0091,Jamie Jackson,,1755.44,USD,2041-11-01
PAY0312,Riley Johnson,,534.82,USD,2041-11-02
PAY0794,Casey Brown,SAL0966,1157.2,USD,2041-11-03
PAY0735,Jordan Smith,SAL0240,109.13,EUR,2041-11-04
PAY0585,Jamie Wilson,SAL0323,1690.53,EUR,2041-11-05
PAY0459,Quinn Jackson,SAL0504,1965.69,EUR,2041-11-06
PAY0771,Jamie Davis,SAL0476,216.99,EUR,2041-11-07
PAY0100,Jordan Johnson,SAL0479,1958.47,USD,2041-11-08
PAY0724,Taylor Brown,SAL0914,1829.28,EUR,2041-11-09
PAY0035,Taylor Johnson,,1074.7,EUR,2041-11-10
PAY0713,Jamie Smith,SAL0906,1234.62,EUR,2041-11-11
PAY0103,Jamie Wilson,SAL0856,1327.66,EUR,2041-11-12
PAY0694,Casey Thomas,SAL0451,1518.69,EUR,2041-11-13
PAY0232,Robin Wilson,SAL0190,1992.13,EUR,2041-11-14
PAY0167,Robin Thomas,SAL0174,507.43,USD,2041-11-15
PAY0852,Jordan Smith,SAL0887,1570.54,EUR,2041-11-16
PAY0799,Alex Thomas,SAL0215,753.52,USD,2041-11-17
PAY0536,Morgan Taylor,SAL0761,1647.15,USD,2041-11-18
PAY0970,Casey Smith,SAL0518,1229.77,USD,2041-11-19
PAY0948,Morgan Wilson,SAL0858,1911.75,EUR,2041-11-20
PAY0228,Riley Brown,SAL0327,96.84,EUR,2041-11-21
PAY0882,Taylor Wilson,,1012.57,EUR,2041-11-22
PAY0044,Jamie Brown,SAL0762,714.32,EUR,2041-11-23
PAY0490,Jordan Anderson,SAL0458,710.62,USD,2041-11-24
PAY0789,Alex Taylor,SAL0813,1256.3,EUR,2041-11-25
PAY0994,Alex Jackson,SAL0357,853.99,EUR,2041-11-26
PAY0578,Avery Anderson,SAL0361,397.06,EUR,2041-11-27
PAY0056,Quinn Wilson,SAL0533,1826.98,EUR,2041-11-28
PAY0647,Avery Davis,SAL0642,651.51,USD,2041-11-29
PAY0200,Quinn Anderson,SAL0635,1341.15,USD,2041-11-30
PAY0072,Taylor Brown,SAL0314,1818.0,USD,2041-12-01
PAY0237,Alex Thomas,SAL0944,1341.68,EUR,2041-12-02
PAY0976,Quinn Moore,,1169.29,EUR,2041-12-03
PAY0172,Quinn Smith,SAL0931,1778.97,EUR,2041-12-04
PAY0863,Quinn Jackson,SAL0949,1134.03,EUR,2041-12-05
PAY0192,Robin Johnson,SAL0348,1736.53,EUR,2041-12-06
PAY0263,Jordan Davis,SAL0543,1260.16,USD,2041-12-07
PAY0690,Taylor Thomas,SAL0144,1877.62,EUR,2041-12-08
PAY0657,Alex Moore,SAL0859,1901.75,EUR,2041-12-09
PAY0307,Casey Johnson,,927.53,EUR,2041-12-10
PAY0196,Quinn Taylor,SAL0545,191.33,USD,2041-12-11
PAY0979,Alex Wilson,SAL0289,1694.85,EUR,2041-12-12
PAY0150,Quinn Jackson,SAL0279,1356.49,USD,2041-12-13
PAY0020,Quinn Moore,SAL0717,1973.8,EUR,2041-12-14
PAY0866,Jordan Smith,,55.35,USD,2041-12-15
PAY0652,Jordan Brown,SAL0085,808.51,USD,2041-12-16
PAY0168,Jordan Wilson,SAL0896,818.13,USD,2041-12-17
PAY0320,Morgan Anderson,SAL0336,1199.5,USD,2041-12-18
PAY0276,Quinn Thomas,SAL0544,1939.6,USD,2041-12-19
PAY0369,Avery Wilson,SAL0032,717.46,EUR,2041-12-20
PAY0878,Jordan Brown,SAL0210,1787.5,USD,2041-12-21
PAY0629,Quinn Thomas,SAL0372,535.88,USD,2041-12-22
PAY0966,Casey Wilson,SAL0553,1336.48,EUR,2041-12-23
PAY0575,Jordan Jackson,SAL0715,506.55,EUR,2041-12-24
PAY0667,Quinn Thomas,SAL0630,88.46,USD,2041-12-25
PAY0513,Quinn Brown,SAL0254,1007.66,USD,2041-12-26
PAY0180,Riley Taylor,SAL0189,1410.68,USD,2041-12-27
PAY0485,Morgan Moore,SAL0799,1651.25,USD,2041-12-28
PAY0272,Robin Anderson,SAL0367,1325.76,USD,2041-12-29
PAY0761,Robin Wilson,SAL0443,1477.94,EUR,2041-12-30
PAY0002,Casey Smith,SAL0035,1996.03,EUR,2041-12-31
PAY0918,Jordan Taylor,SAL0532,1932.29,EUR,2042-01-01
PAY0750,Taylor Jackson,SAL0045,98.54,EUR,2042-01-02
PAY0334,Robin Thomas,SAL0881,592.09,USD,2042-01-03
PAY0113,Riley Moore,SAL0068,1986.09,EUR,2042-01-04
PAY0556,Robin Jackson,SAL0178,1741.98,EUR,2042-01-05
PAY0218,Morgan Brown,SAL0011,805.66,EUR,2042-01-06
PAY0561,Jamie Johnson,SAL0181,1660.55,EUR,2042-01-07
PAY0957,Casey Johnson,SAL0604,901.49,USD,2042-01-08
PAY0625,Alex Davis,,1005.1,EUR,2042-01-09
PAY0044,Jamie Brown,SAL0762,547.19,EUR,2042-01-10
PAY0262,Alex Brown,SAL0149,287.78,USD,2042-01-11
PAY0436,Jamie Taylor,SAL0693,1023.97,USD,2042-01-12
PAY0675,Jamie Thomas,SAL0431,755.02,USD,2042-01-13
PAY0725,Jamie Taylor,SAL0241,1465.3,EUR,2042-01-14
PAY0360,Jordan Davis,SAL0722,553.57,USD,2042-01-15
PAY0938,Alex Moore,SAL0610,449.66,USD,2042-01-16
PAY0984,Casey Davis,SAL0814,1611.96,USD,2042-01-17
PAY0881,Jordan Taylor,SAL0913,96.43,EUR,2042-01-18
PAY0509,Robin Thomas,SAL0500,1729.27,USD,2042-01-19
PAY0657,Alex Moore,SAL0859,1450.83,EUR,2042-01-20
PAY0053,Riley Wilson,SAL0420,934.09,EUR,2042-01-21
PAY0947,Casey Anderson,SAL0709,265.4,EUR,2042-01-22
PAY0701,Riley Johnson,SAL0214,63.78,EUR,2042-01-23
PAY0592,Morgan Brown,,499.81,USD,2042-01-24
PAY0942,Jamie Thomas,SAL0355,1646.65,EUR,2042-01-25
PAY0892,Quinn Wilson,SAL0285,1008.52,EUR,2042-01-26
PAY0523,Morgan Johnson,SAL0394,776.26,EUR,2042-01-27
PAY0892,Quinn Wilson,SAL0285,1729.59,EUR,2042-01-28
PAY0089,Casey Taylor,SAL0863,737.94,USD,2042-01-29
PAY0595,Jordan Anderson,SAL0134,716.94,USD,2042-01-30
PAY0930,Taylor Johnson,SAL0771,1766.9,USD,2042-01-31
PAY0416,Jordan Thomas,SAL0043,610.66,EUR,2042-02-01
PAY0783,Jordan Anderson,SAL0763,1027.49,USD,2042-02-02
PAY0834,Morgan Wilson,SAL0723,587.95,USD,2042-02-03
PAY0527,Taylor Taylor,SAL0081,1414.67,EUR,2042-02-04
PAY0464,Riley Taylor,SAL0987,1234.28,EUR,2042-02-05
PAY0743,Riley Thomas,SAL0061,1076.06,EUR,2042-02-06
PAY0245,Avery Thomas,SAL0520,983.96,EUR,2042-02-07
PAY0956,Alex Anderson,SAL0166,1189.1,USD,2042-02-08
PAY0420,Morgan Smith,,531.98,USD,2042-02-09
PAY0064,Alex Wilson,SAL0497,1999.66,USD,2042-02-10
PAY0935,Morgan Thomas,SAL0927,204.01,USD,2042-02-11
PAY0862,Riley Brown,SAL0192,1353.74,EUR,2042-02-12
PAY0013,Quinn Davis,SAL1000,680.6,EUR,2042-02-13
PAY0546,Robin Anderson,SAL0588,614.62,USD,2042-02-14
PAY0537,Jordan Jackson,SAL0107,195.9,USD,2042-02-15
PAY0011,Jamie Thomas,SAL0321,543.26,EUR,2042-02-16
PAY0509,Robin Thomas,SAL0500,668.89,EUR,2042-02-17
PAY0679,Robin Davis,SAL0410,1317.83,EUR,2042-02-18
PAY0466,Jamie Johnson,SAL0866,520.99,EUR,2042-02-19
PAY0026,Taylor Moore,SAL0052,1254.37,USD,2042-02-20
PAY0305,Casey Davis,SAL0945,1689.89,EUR,2042-02-21
PAY0396,Jordan Thomas,SAL0211,902.86,EUR,2042-02-22
PAY0601,Morgan Davis,SAL0457,1850.68,EUR,2042-02-23
PAY0357,Casey Anderson,SAL0834,139.52,USD,2042-02-24
PAY0092,Jamie Anderson,SAL0597,1986.71,EUR,2042-02-25
PAY0265,Riley Johnson,SAL0736,1225.38,EUR,2042-02-26
PAY0009,Avery Taylor,SAL0930,432.06,EUR,2042-02-27
PAY0191,Robin Brown,SAL0884,755.68,USD,2042-02-28
PAY0966,Casey Wilson,SAL0553,422.92,EUR,2042-03-01
PAY0970,Casey Smith,SAL0518,1973.88,USD,2042-03-02
PAY0167,Robin Thomas,SAL0174,1327.21,EUR,2042-03-03
PAY0419,Quinn Jackson,SAL0587,163.35,EUR,2042-03-04
PAY0150,Quinn Jackson,SAL0279,1734.56,USD,2042-03-05
PAY0133,Jordan Taylor,SAL0124,359.75,USD,2042-03-06
PAY0561,Jamie Johnson,,196.7,USD,2042-03-07
PAY0376,Robin Thomas,SAL0772,1603.19,USD,2042-03-08
PAY0263,Jordan Davis,SAL0543,863.29,USD,2042-03-09
PAY0994,Alex Jackson,SAL0357,706.33,EUR,2042-03-10
PAY0002,Casey Smith,SAL0438,463.67,EUR,2042-03-11
PAY0107,Alex Jackson,SAL0252,417.79,USD,2042-03-12
PAY0570,Quinn Moore,SAL0436,1363.51,USD,2042-03-13
PAY0213,Morgan Jackson,SAL0102,154.63,EUR,2042-03-14
PAY0932,Alex Smith,SAL0196,1077.75,EUR,2042-03-15
PAY0100,Jordan Johnson,SAL0479,361.27,USD,2042-03-16
PAY0614,Casey Taylor,SAL0556,419.77,EUR,2042-03-17
PAY0498,Casey Anderson,SAL0199,78.24,USD,2042-03-18
PAY0410,Morgan Davis,SAL0496,408.99,USD,2042-03-19
PAY0340,Avery Davis,SAL0209,1769.84,EUR,2042-03-20
PAY0936,Riley Anderson,SAL0119,57.62,USD,2042-03-21
PAY0975,Riley Jackson,SAL0810,962.71,USD,2042-03-22
PAY0659,Quinn Wilson,,1371.47,USD,2042-03-23
PAY0932,Alex Smith,,1746.2,EUR,2042-03-24
PAY0358,Quinn Jackson,SAL0373,900.52,EUR,2042-03-25
PAY0747,Casey Johnson,SAL0368,903.26,EUR,2042-03-26
PAY0122,Casey Smith,SAL0650,674.96,USD,2042-03-27
PAY0782,Casey Brown,SAL0334,1822.82,EUR,2042-03-28
PAY0714,Casey Brown,SAL0316,1382.52,USD,2042-03-29
PAY0231,Riley Anderson,SAL0483,1746.43,EUR,2042-03-30
PAY0730,Quinn Taylor,SAL0235,1672.92,USD,2042-03-31
PAY0720,Jamie Smith,SAL0558,455.0,EUR,2042-04-01
PAY0847,Riley Anderson,SAL0038,536.64,USD,2042-04-02
PAY0695,Alex Brown,SAL0869,1716.62,EUR,2042-04-03
PAY0177,Taylor Wilson,SAL0917,920.6,USD,2042-04-04
PAY0207,Avery Johnson,SAL0172,1671.13,USD,2042-04-05
PAY0753,Casey Brown,SAL0044,1221.0,USD,2042-04-06
PAY0080,Riley Davis,SAL0089,522.72,EUR,2042-04-07
PAY0791,Morgan Thomas,SAL0478,220.69,EUR,2042-04-08
PAY0142,Casey Brown,SAL0690,1491.82,EUR,2042-04-09
PAY0083,Alex Johnson,SAL0037,115.51,EUR,2042-04-10
PAY0403,Jamie Wilson,SAL0932,684.15,USD,2042-04-11
PAY0076,Taylor Wilson,SAL0940,1676.61,USD,2042-04-12
PAY0988,Jordan Anderson,SAL0524,570.74,EUR,2042-04-13
PAY0226,Casey Brown,SAL0963,1567.37,EUR,2042-04-14
PAY0538,Quinn Smith,SAL0862,354.8,USD,2042-04-15
PAY0102,Riley Thomas,,342.98,EUR,2042-04-16
PAY0460,Jordan Davis,SAL0767,672.32,EUR,2042-04-17
PAY0157,Riley Smith,SAL0139,1809.8,EUR,2042-04-18
PAY0276,Quinn Thomas,,990.69,USD,2042-04-19
PAY0986,Avery Brown,SAL0673,1103.79,EUR,2042-04-20
PAY0639,Jordan Johnson,,1196.6,USD,2042-04-21
PAY0758,Riley Taylor,SAL0116,1952.17,EUR,2042-04-22
PAY0743,Riley Thomas,,1916.81,EUR,2042-04-23
PAY0598,Jamie Thomas,SAL0854,770.87,EUR,2042-04-24
PAY0691,Taylor Jackson,SAL0751,1333.24,EUR,2042-04-25
PAY0657,Alex Moore,SAL0859,584.72,EUR,2042-04-26
PAY0591,Alex Johnson,SAL0670,1437.89,EUR,2042-04-27
PAY0482,Jordan Johnson,,1718.56,EUR,2042-04-28
PAY0031,Casey Thomas,SAL0903,628.54,EUR,2042-04-29
PAY0905,Riley Thomas,SAL0984,957.8,EUR,2042-04-30
PAY0602,Robin Brown,SAL0824,1979.2,EUR,2042-05-01
PAY0286,Jordan Davis,SAL0846,1985.17,EUR,2042-05-02
PAY0253,Alex Thomas,SAL0275,1422.09,EUR,2042-05-03
PAY0718,Jordan Jackson,SAL0609,1588.68,USD,2042-05-04
PAY0475,Casey Taylor,SAL0248,1549.8,USD,2042-05-05
PAY0802,Jamie Brown,SAL0754,663.81,USD,2042-05-06
PAY0813,Avery Thomas,SAL0575,580.49,EUR,2042-05-07
PAY0201,Avery Jackson,SAL0230,1149.71,USD,2042-05-08
PAY0600,Jordan Johnson,,230.53,EUR,2042-05-09
PAY0708,Riley Moore,SAL0461,1196.35,EUR,2042-05-10
PAY0781,Robin Anderson,SAL0106,1300.29,USD,2042-05-11
PAY0204,Casey Davis,SAL0498,582.38,EUR,2042-05-12
PAY0860,Casey Davis,SAL0757,467.31,USD,2042-05-13
PAY0180,Riley Taylor,SAL0189,1112.99,USD,2042-05-14
PAY0682,Alex Smith,SAL0681,1201.16,USD,2042-05-15
PAY0569,Jamie Moore,SAL0996,440.62,USD,2042-05-16
PAY0064,Alex Wilson,SAL0497,1231.92,USD,2042-05-17
PAY0875,Morgan Moore,SAL0623,219.55,EUR,2042-05-18
PAY0582,Jamie Smith,SAL0551,557.58,EUR,2042-05-19
PAY0408,Quinn Taylor,SAL0662,1351.85,EUR,2042-05-20
PAY0475,Casey Taylor,SAL0248,1114.25,USD,2042-05-21
PAY0763,Taylor Wilson,,1515.47,EUR,2042-05-22
PAY0772,Jamie Thomas,SAL0511,148.08,EUR,2042-05-23
PAY0476,Jamie Taylor,,828.52,EUR,2042-05-24
PAY0274,Robin Anderson,SAL0716,1145.92,EUR,2042-05-25
PAY0672,Jordan Wilson,SAL0207,1937.12,EUR,2042-05-26
PAY0086,Jamie Anderson,SAL0384,359.6,EUR,2042-05-27
PAY0325,Morgan Johnson,SAL0526,687.61,USD,2042-05-28
PAY0487,Morgan Wilson,SAL0418,372.08,EUR,2042-05-29
PAY0667,Quinn Thomas,SAL0630,1152.85,USD,2042-05-30
PAY0718,Jordan Jackson,SAL0609,923.46,USD,2042-05-31
PAY0577,Riley Thomas,SAL0062,643.13,EUR,2042-06-01
PAY0240,Taylor Jackson,SAL0644,1437.63,EUR,2042-06-02
PAY0717,Alex Brown,,577.44,USD,2042-06-03
PAY0672,Jordan Wilson,SAL0207,519.88,EUR,2042-06-04
PAY0371,Jamie Brown,SAL0155,825.63,USD,2042-06-05
PAY0080,Riley Davis,SAL0089,1471.29,EUR,2042-06-06
PAY0206,Taylor Davis,SAL0804,1746.67,EUR,2042-06-07
PAY0480,Avery Brown,SAL0193,1527.62,EUR,2042-06-08
PAY0557,Jordan Brown,SAL0427,380.35,EUR,2042-06-09
PAY0327,Robin Taylor,SAL0024,87.06,USD,2042-06-10
PAY0150,Quinn Jackson,SAL0279,1822.7,EUR,2042-06-11
PAY0001,Casey Smith,SAL0787,1429.19,EUR,2042-06-12
PAY0643,Casey Johnson,SAL0232,634.41,USD,2042-06-13
PAY0971,Casey Johnson,SAL0509,1406.04,USD,2042-06-14
PAY0299,Jamie Davis,,1111.69,USD,2042-06-15
PAY0447,Casey Smith,SAL0070,572.32,EUR,2042-06-16
PAY0743,Riley Thomas,SAL0061,1673.53,USD,2042-06-17
PAY0002,Casey Smith,SAL0438,1940.42,USD,2042-06-18
PAY0825,Alex Jackson,SAL0541,1623.75,USD,2042-06-19
PAY0195,Avery Davis,SAL0245,1864.24,USD,2042-06-20
PAY0311,Taylor Jackson,,1027.29,EUR,2042-06-21
PAY0471,Casey Thomas,,348.91,USD,2042-06-22
PAY0485,Morgan Moore,SAL0799,1859.95,USD,2042-06-23
PAY0561,Jamie Johnson,SAL0181,1531.73,USD,2042-06-24
PAY0010,Jamie Moore,SAL0537,59.5,USD,2042-06-25
PAY0204,Casey Davis,SAL0498,408.0,USD,2042-06-26
PAY0876,Quinn Thomas,SAL0926,415.23,USD,2042-06-27
PAY0094,Taylor Johnson,SAL0840,85.43,USD,2042-06-28
PAY0955,Jordan Taylor,SAL0981,1289.43,EUR,2042-06-29
PAY0753,Casey Brown,SAL0044,76.8,USD,2042-06-30
PAY0106,Avery Moore,SAL0012,1295.77,USD,2042-07-01
PAY0339,Alex Moore,SAL0868,718.37,USD,2042-07-02
PAY0816,Morgan Moore,SAL0349,623.35,EUR,2042-07-03
PAY0110,Casey Taylor,SAL0671,1579.11,EUR,2042-07-04
PAY0067,Avery Smith,SAL0370,605.12,EUR,2042-07-05
PAY0149,Taylor Thomas,SAL0233,271.45,USD,2042-07-06
PAY0698,Riley Wilson,SAL0602,931.78,USD,2042-07-07
PAY0557,Jordan Brown,SAL0427,413.43,USD,2042-07-08
PAY0180,Riley Taylor,SAL0189,1265.33,USD,2042-07-09
PAY0228,Riley Brown,SAL0212,1467.83,EUR,2042-07-10
PAY0751,Quinn Jackson,,272.36,USD,2042-07-11
PAY0425,Quinn Wilson,,1378.46,USD,2042-07-12
PAY0566,Taylor Johnson,SAL0550,1434.87,USD,2042-07-13
PAY0865,Quinn Moore,SAL0908,505.2,EUR,2042-07-14
PAY0345,Casey Brown,SAL0446,362.35,USD,2042-07-15
PAY0728,Jordan Smith,SAL0247,369.85,USD,2042-07-16
PAY0007,Avery Brown,SAL0449,1149.8,EUR,2042-07-17
PAY0510,Jordan Smith,SAL0750,376.56,EUR,2042-07-18
PAY0895,Jamie Thomas,SAL0687,1511.13,USD,2042-07-19
PAY0683,Robin Anderson,SAL0391,270.23,EUR,2042-07-20
PAY0145,Morgan Davis,,1667.21,EUR,2042-07-21
PAY0559,Taylor Davis,,400.06,USD,2042-07-22
PAY0729,Jamie Taylor,SAL0330,1755.61,USD,2042-07-23
PAY0178,Jamie Thomas,SAL0837,80.69,USD,2042-07-24
PAY0940,Morgan Jackson,SAL0079,213.16,EUR,2042-07-25
PAY0993,Robin Moore,,1893.58,USD,2042-07-26
PAY0251,Jamie Moore,SAL0374,1236.25,EUR,2042-07-27
PAY0463,Casey Taylor,SAL0054,718.3,EUR,2042-07-28
PAY0012,Taylor Brown,SAL0676,1078.85,EUR,2042-07-29
PAY0261,Taylor Davis,SAL0114,1861.72,EUR,2042-07-30
PAY0318,Quinn Moore,,538.48,EUR,2042-07-31
PAY0837,Taylor Moore,SAL0490,63.53,USD,2042-08-01
PAY0400,Riley Moore,SAL0590,815.77,EUR,2042-08-02
PAY0265,Riley Johnson,SAL0736,1044.38,EUR,2042-08-03
PAY0685,Riley Thomas,SAL0744,1020.22,USD,2042-08-04
PAY0751,Quinn Jackson,SAL0548,1210.14,EUR,2042-08-05
PAY0738,Alex Smith,SAL0019,1119.57,USD,2042-08-06
PAY0309,Quinn Wilson,SAL0794,1820.16,USD,2042-08-07
PAY0302,Casey Anderson,SAL0957,1515.24,USD,2042-08-08
PAY0827,Alex Davis,,883.0,USD,2042-08-09
PAY0665,Robin Wilson,SAL0943,192.34,USD,2042-08-10
PAY0476,Jamie Taylor,,130.84,EUR,2042-08-11
PAY0733,Riley Johnson,SAL0097,1294.17,EUR,2042-08-12
PAY0843,Quinn Brown,SAL0608,201.4,USD,2042-08-13
PAY0214,Riley Anderson,SAL0269,579.46,EUR,2042-08-14
PAY0616,Morgan Wilson,SAL0227,899.48,EUR,2042-08-15
PAY0378,Jamie Johnson,,224.65,EUR,2042-08-16
PAY0563,Taylor Moore,SAL0213,1337.48,USD,2042-08-17
PAY0194,Taylor Taylor,SAL0154,1385.24,USD,2042-08-18
PAY0070,Riley Brown,SAL0004,284.92,USD,2042-08-19
PAY0501,Casey Thomas,SAL0322,1900.22,EUR,2042-08-20
PAY0584,Robin Wilson,SAL0295,843.41,EUR,2042-08-21
PAY0352,Quinn Taylor,SAL0592,188.89,EUR,2042-08-22
PAY0424,Quinn Smith,SAL0455,1488.7,USD,2042-08-23
PAY0181,Taylor Wilson,,1590.79,EUR,2042-08-24
PAY0074,Avery Smith,SAL0432,1867.37,EUR,2042-08-25
PAY0702,Jamie Johnson,SAL0718,1607.14,USD,2042-08-26
PAY0390,Jordan Davis,SAL0022,1132.48,EUR,2042-08-27
PAY0937,Morgan Brown,SAL0980,498.51,EUR,2042-08-28
PAY0866,Jordan Smith,,947.88,USD,2042-08-29
PAY0043,Jamie Davis,SAL0471,340.1,EUR,2042-08-30
PAY0297,Casey Wilson,,406.04,EUR,2042-08-31
PAY0503,Robin Johnson,SAL0127,1578.49,EUR,2042-09-01
PAY0764,Casey Davis,SAL0684,1958.02,USD,2042-09-02
PAY0510,Jordan Smith,,1275.81,EUR,2042-09-03
PAY0471,Casey Thomas,,81.0,EUR,2042-09-04
PAY0271,Riley Davis,SAL0902,1171.89,EUR,2042-09-05
PAY0450,Robin Thomas,SAL0286,1232.53,EUR,2042-09-06
PAY0601,Morgan Davis,SAL0457,607.7,USD,2042-09-07
PAY0235,Jamie Brown,SAL0338,1136.61,EUR,2042-09-08
PAY0383,Taylor Davis,SAL0726,1370.22,USD,2042-09-09
PAY0251,Jamie Moore,SAL0374,1128.49,EUR,2042-09-10
PAY0731,Quinn Thomas,SAL0099,1588.62,USD,2042-09-11
PAY0519,Quinn Jackson,,1962.22,USD,2042-09-12
PAY0488,Robin Johnson,SAL0948,55.8,EUR,2042-09-13
PAY0203,Jamie Anderson,SAL0567,253.5,EUR,2042-09-14
PAY0178,Jamie Thomas,SAL0837,165.25,EUR,2042-09-15
PAY0306,Jamie Davis,SAL0934,780.08,USD,2042-09-16
PAY0537,Jordan Jackson,SAL0107,395.25,EUR,2042-09-17
PAY0313,Jamie Thomas,SAL0847,1744.05,EUR,2042-09-18
PAY0387,Robin Jackson,SAL0055,760.65,USD,2042-09-19
PAY0319,Riley Anderson,SAL0822,757.99,USD,2042-09-20
PAY0972,Riley Smith,SAL0426,647.64,EUR,2042-09-21
PAY0685,Riley Thomas,,201.12,EUR,2042-09-22
PAY0790,Avery Jackson,SAL0259,621.4,EUR,2042-09-23
PAY0731,Quinn Thomas,SAL0099,1542.35,USD,2042-09-24
PAY0872,Alex Taylor,SAL0625,633.6,EUR,2042-09-25
PAY0520,Casey Taylor,SAL0265,1803.5,USD,2042-09-26
PAY0840,Avery Smith,SAL0512,1958.47,EUR,2042-09-27
PAY0779,Avery Moore,SAL0238,1240.38,EUR,2042-09-28
PAY0129,Robin Wilson,SAL0151,1193.94,EUR,2042-09-29
PAY0737,Jamie Taylor,SAL0818,448.38,USD,2042-09-30
PAY0695,Alex Brown,SAL0869,1080.21,EUR,2042-10-01
PAY0897,Riley Johnson,SAL0121,1633.37,EUR,2042-10-02
PAY0093,Riley Thomas,SAL0581,956.2,USD,2042-10-03
PAY0432,Quinn Moore,SAL0291,1604.03,USD,2042-10-04
PAY0118,Avery Anderson,SAL0221,1159.23,USD,2042-10-05
PAY0633,Riley Davis,SAL0548,1782.87,USD,2042-10-06
PAY0218,Morgan Brown,,1995.4,USD,2042-10-07
PAY0915,Morgan Smith,SAL0861,539.44,EUR,2042-10-08
PAY0795,Quinn Brown,SAL0933,982.88,EUR,2042-10-09
PAY0390,Jordan Davis,SAL0022,1502.32,USD,2042-10-10
PAY0491,Morgan Thomas,SAL0074,75.83,EUR,2042-10-11
PAY0878,Jordan Brown,SAL0210,272.75,USD,2042-10-12
PAY0017,Riley Anderson,SAL0110,855.78,EUR,2042-10-13
PAY0703,Taylor Wilson,SAL0811,1767.86,USD,2042-10-14
PAY0848,Jamie Taylor,SAL0971,1830.08,USD,2042-10-15
PAY0465,Quinn Davis,SAL0741,201.18,EUR,2042-10-16
PAY0106,Avery Moore,SAL0012,67.53,USD,2042-10-17
PAY0012,Taylor Brown,SAL0676,320.65,USD,2042-10-18
PAY0621,Jordan Davis,SAL0840,1824.06,USD,2042-10-19
PAY0324,Avery Wilson,,1137.95,EUR,2042-10-20
PAY0917,Morgan Moore,,492.33,USD,2042-10-21
PAY0097,Robin Jackson,SAL0203,1130.66,USD,2042-10-22
PAY0163,Avery Wilson,SAL0280,1118.59,USD,2042-10-23
PAY0695,Alex Brown,SAL0869,820.31,EUR,2042-10-24
PAY0172,Quinn Smith,SAL0931,1931.55,EUR,2042-10-25
PAY0998,Jamie Johnson,SAL0893,181.53,USD,2042-10-26
PAY0938,Alex Moore,SAL0610,551.91,USD,2042-10-27
PAY0964,Jamie Smith,SAL0639,1002.26,USD,2042-10-28
PAY0708,Riley Moore,SAL0461,875.12,EUR,2042-10-29
PAY0848,Jamie Taylor,SAL0971,1424.03,EUR,2042-10-30
PAY0437,Alex Taylor,SAL0442,1219.26,EUR,2042-10-31
PAY0484,Alex Jackson,SAL0838,1410.18,USD,2042-11-01
PAY0143,Jordan Jackson,SAL0789,1541.53,USD,2042-11-02
PAY0624,Casey Anderson,SAL0008,663.06,EUR,2042-11-03
PAY0398,Alex Anderson,SAL0141,1221.6,USD,2042-11-04
PAY0066,Morgan Davis,SAL0547,964.64,USD,2042-11-05
PAY0110,Casey Taylor,SAL0671,1230.23,USD,2042-11-06
PAY0849,Avery Thomas,SAL0486,1701.6,USD,2042-11-07
PAY0519,Quinn Jackson,SAL0591,1626.55,USD,2042-11-08
PAY0778,Jordan Moore,SAL0784,1546.62,EUR,2042-11-09
PAY0844,Robin Johnson,,1447.54,EUR,2042-11-10
PAY0150,Quinn Jackson,SAL0279,962.61,EUR,2042-11-11
PAY0913,Quinn Smith,SAL0682,1698.26,USD,2042-11-12
PAY0335,Riley Taylor,SAL0083,617.38,EUR,2042-11-13
PAY0418,Riley Wilson,SAL0397,656.06,EUR,2042-11-14
PAY0922,Jamie Taylor,SAL0711,1759.08,USD,2042-11-15
PAY0741,Quinn Davis,SAL0778,622.12,EUR,2042-11-16
PAY0786,Alex Smith,,506.56,EUR,2042-11-17
PAY0329,Quinn Jackson,SAL0725,1612.15,USD,2042-11-18
PAY0394,Taylor Moore,,1473.3,EUR,2042-11-19
PAY0857,Robin Wilson,SAL0785,1794.29,EUR,2042-11-20
PAY0957,Casey Johnson,SAL0604,1797.3,EUR,2042-11-21
PAY0794,Casey Brown,,1634.21,EUR,2042-11-22
PAY0225,Jordan Anderson,SAL0331,694.0,USD,2042-11-23
PAY0441,Jordan Brown,SAL0622,1644.65,EUR,2042-11-24
PAY0220,Quinn Thomas,SAL0564,1298.43,USD,2042-11-25
PAY0323,Avery Jackson,SAL0923,381.3,USD,2042-11-26
PAY0085,Jordan Wilson,SAL0156,1287.35,USD,2042-11-27
PAY0942,Jamie Thomas,SAL0355,1533.53,EUR,2042-11-28
PAY0585,Jamie Wilson,SAL0323,1583.75,EUR,2042-11-29
PAY0250,Casey Thomas,SAL0689,1190.36,USD,2042-11-30
PAY0463,Casey Taylor,SAL0054,1058.16,EUR,2042-12-01
PAY0684,Jamie Taylor,SAL0796,1142.53,USD,2042-12-02
PAY0132,Jamie Thomas,SAL0440,1885.62,EUR,2042-12-03
PAY0580,Taylor Johnson,SAL0142,673.76,EUR,2042-12-04
PAY0194,Taylor Taylor,SAL0154,714.38,USD,2042-12-05
PAY0566,Taylor Johnson,SAL0550,990.05,USD,2042-12-06
PAY0427,Robin Smith,SAL0653,863.6,EUR,2042-12-07
PAY0300,Quinn Moore,SAL0421,376.78,EUR,2042-12-08
PAY0037,Avery Johnson,SAL0226,93.72,USD,2042-12-09
PAY0809,Riley Smith,SAL0817,184.45,EUR,2042-12-10
PAY0448,Riley Johnson,SAL0229,330.65,USD,2042-12-11
PAY0777,Robin Wilson,SAL0974,1791.55,USD,2042-12-12
PAY0157,Riley Smith,SAL0139,130.08,USD,2042-12-13
PAY0549,Jordan Taylor,SAL0450,987.88,EUR,2042-12-14
PAY0956,Alex Anderson,SAL0166,1971.56,USD,2042-12-15
PAY0515,Robin Thomas,SAL0282,598.67,EUR,2042-12-16
PAY0689,Morgan Brown,,1736.79,USD,2042-12-17
PAY0066,Morgan Davis,,1279.4,USD,2042-12-18
PAY0303,Morgan Jackson,SAL0885,1128.98,USD,2042-12-19
PAY0980,Casey Thomas,SAL0429,180.29,USD,2042-12-20
PAY0224,Alex Moore,SAL0363,1954.06,EUR,2042-12-21
PAY0551,Morgan Moore,,954.37,USD,2042-12-22
PAY0200,Quinn Anderson,SAL0635,1910.56,EUR,2042-12-23
PAY0554,Morgan Anderson,,695.11,USD,2042-12-24
PAY0683,Robin Anderson,SAL0391,1246.09,EUR,2042-12-25
PAY0670,Quinn Taylor,SAL0781,266.53,USD,2042-12-26
PAY0248,Riley Moore,SAL0128,1169.69,EUR,2042-12-27
PAY0396,Jordan Thomas,SAL0211,1255.62,USD,2042-12-28
PAY0317,Robin Brown,SAL0851,1322.96,USD,2042-12-29
PAY0282,Quinn Jackson,SAL0627,1967.62,EUR,2042-12-30
PAY0768,Jamie Smith,SAL0402,705.9,USD,2042-12-31
PAY0239,Casey Johnson,SAL0979,538.28,EUR,2043-01-01
PAY0536,Morgan Taylor,SAL0761,801.74,EUR,2043-01-02
PAY0902,Jordan Anderson,SAL0329,1998.2,EUR,2043-01-03
PAY0314,Morgan Anderson,,902.11,USD,2043-01-04
PAY0609,Alex Johnson,SAL0297,607.02,USD,2043-01-05
PAY0413,Avery Smith,SAL0484,314.83,EUR,2043-01-06
PAY0092,Jamie Anderson,SAL0597,599.65,EUR,2043-01-07
PAY0603,Casey Anderson,SAL0274,379.31,USD,2043-01-08
PAY0835,Jordan Thomas,SAL0063,1494.03,EUR,2043-01-09
PAY0781,Robin Anderson,SAL0106,951.09,USD,2043-01-10
PAY0372,Jordan Brown,SAL0704,1097.18,USD,2043-01-11
PAY0433,Taylor Thomas,SAL0393,1909.75,EUR,2043-01-12
PAY0681,Quinn Johnson,SAL0702,210.97,EUR,2043-01-13
PAY0032,Riley Johnson,SAL0708,1428.39,EUR,2043-01-14
PAY0466,Jamie Johnson,,1999.56,EUR,2043-01-15
PAY0287,Taylor Taylor,SAL0897,514.6,USD,2043-01-16
PAY0429,Jordan Jackson,SAL0586,772.28,EUR,2043-01-17
PAY0853,Robin Brown,SAL0474,782.58,EUR,2043-01-18
PAY0464,Riley Taylor,SAL0987,68.2,USD,2043-01-19
PAY0518,Avery Smith,SAL0698,1001.73,EUR,2043-01-20
PAY0449,Casey Thomas,SAL0918,1385.47,EUR,2043-01-21
PAY0226,Casey Brown,SAL0963,1869.97,USD,2043-01-22
PAY0702,Jamie Johnson,SAL0718,1301.28,EUR,2043-01-23
PAY0885,Robin Smith,SAL0828,1819.79,USD,2043-01-24
PAY0666,Jordan Taylor,,1348.76,EUR,2043-01-25
PAY0875,Morgan Moore,SAL0623,1665.88,EUR,2043-01-26
PAY0461,Riley Johnson,SAL0296,875.55,USD,2043-01-27
PAY0008,Quinn Davis,SAL0168,1344.06,USD,2043-01-28
PAY0310,Morgan Johnson,SAL0480,298.63,USD,2043-01-29
PAY0278,Riley Jackson,SAL0652,988.79,USD,2043-01-30
PAY0859,Avery Davis,SAL0329,399.41,USD,2043-01-31
PAY0455,Jamie Wilson,SAL0452,829.24,EUR,2043-02-01
PAY0672,Jordan Wilson,SAL0207,151.85,EUR,2043-02-02
PAY0207,Avery Johnson,SAL0172,727.68,EUR,2043-02-03
PAY0650,Alex Johnson,SAL0170,1679.91,EUR,2043-02-04
PAY0752,Morgan Davis,SAL0580,1141.37,EUR,2043-02-05
PAY0347,Robin Jackson,SAL0065,870.13,USD,2043-02-06
PAY0291,Morgan Johnson,SAL0897,77.59,EUR,2043-02-07
PAY0482,Jordan Johnson,SAL0267,277.31,USD,2043-02-08
PAY0031,Casey Thomas,SAL0903,859.89,USD,2043-02-09
PAY0852,Jordan Smith,SAL0887,774.33,USD,2043-02-10
PAY0165,Alex Wilson,SAL0775,1233.63,USD,2043-02-11
PAY0663,Jordan Taylor,SAL0465,333.38,EUR,2043-02-12
PAY0220,Quinn Thomas,SAL0564,1491.2,EUR,2043-02-13
PAY0967,Jamie Anderson,SAL0507,806.27,EUR,2043-02-14
PAY0045,Avery Brown,SAL0821,1163.58,EUR,2043-02-15
PAY0969,Robin Thomas,SAL0515,878.47,USD,2043-02-16
PAY0333,Avery Taylor,SAL0660,1272.6,EUR,2043-02-17
PAY0871,Morgan Davis,SAL0319,1756.35,USD,2043-02-18
PAY0850,Casey Jackson,SAL0153,1148.63,USD,2043-02-19
PAY0213,Morgan Jackson,SAL0102,58.43,USD,2043-02-20
PAY0187,Taylor Thomas,SAL0833,1193.5,USD,2043-02-21
PAY0283,Taylor Davis,SAL0578,1947.4,USD,2043-02-22
PAY0645,Casey Johnson,SAL0783,879.23,EUR,2043-02-23
PAY0638,Casey Johnson,SAL0143,1681.87,EUR,2043-02-24
PAY0177,Taylor Wilson,SAL0917,807.2,EUR,2043-02-25
PAY0052,Taylor Johnson,SAL0146,73.54,USD,2043-02-26
PAY0831,Taylor Smith,SAL0970,1300.29,EUR,2043-02-27
PAY0994,Alex Jackson,SAL0357,1259.67,EUR,2043-02-28
PAY0070,Riley Brown,SAL0004,653.31,USD,2043-03-01
PAY0664,Taylor Smith,SAL0936,66.38,USD,2043-03-02
PAY0195,Avery Davis,SAL0245,964.11,USD,2043-03-03
PAY0328,Riley Moore,SAL0769,1545.63,USD,2043-03-04
PAY0238,Avery Smith,SAL0271,1404.79,EUR,2043-03-05
PAY0353,Alex Brown,SAL0222,1382.85,USD,2043-03-06
PAY0341,Quinn Johnson,SAL0188,276.07,USD,2043-03-07
PAY0984,Casey Davis,SAL0814,1952.41,USD,2043-03-08
PAY0443,Robin Smith,SAL0053,1657.34,EUR,2043-03-09
PAY0038,Taylor Thomas,SAL0633,320.54,USD,2043-03-10
PAY0603,Casey Anderson,SAL0274,1316.4,USD,2043-03-11
PAY0500,Morgan Anderson,,1863.73,USD,2043-03-12
PAY0773,Taylor Johnson,SAL0163,1628.6,USD,2043-03-13
PAY0258,Jordan Smith,SAL0095,816.83,EUR,2043-03-14
PAY0732,Morgan Anderson,SAL0284,986.31,USD,2043-03-15
PAY0752,Morgan Davis,SAL0473,1905.73,EUR,2043-03-16
PAY0407,Jamie Thomas,SAL0859,69.83,USD,2043-03-17
PAY0381,Avery Davis,SAL0264,146.03,USD,2043-03-18
PAY0111,Avery Johnson,SAL0031,1976.38,USD,2043-03-19
PAY0879,Taylor Taylor,SAL0611,476.48,USD,2043-03-20
PAY0528,Casey Brown,SAL0680,441.69,EUR,2043-03-21
PAY0220,Quinn Thomas,SAL0495,1394.08,EUR,2043-03-22
PAY0741,Quinn Davis,SAL0778,1281.15,USD,2043-03-23
PAY0673,Taylor Brown,SAL0899,156.3,EUR,2043-03-24
PAY0416,Jordan Thomas,SAL0043,939.36,USD,2043-03-25
PAY0930,Taylor Johnson,SAL0707,345.94,EUR,2043-03-26
PAY0793,Quinn Davis,SAL0524,1025.97,USD,2043-03-27
PAY0088,Avery Jackson,,1035.4,USD,2043-03-28
PAY0653,Morgan Thomas,SAL0646,689.61,EUR,2043-03-29
PAY0391,Taylor Davis,SAL0441,856.63,USD,2043-03-30
PAY0685,Riley Thomas,SAL0744,846.01,EUR,2043-03-31
PAY0738,Alex Smith,SAL0019,1040.88,USD,2043-04-01
PAY0046,Morgan Jackson,SAL0706,1619.67,EUR,2043-04-02
PAY0500,Morgan Anderson,SAL0968,689.19,EUR,2043-04-03
PAY0425,Quinn Wilson,SAL0654,1638.48,USD,2043-04-04
PAY0406,Morgan Wilson,,563.9,EUR,2043-04-05
PAY0850,Casey Jackson,SAL0153,549.25,EUR,2043-04-06
PAY0817,Avery Thomas,SAL0745,820.42,USD,2043-04-07
PAY0211,Morgan Thomas,SAL0287,902.01,EUR,2043-04-08
PAY0088,Avery Jackson,SAL0310,1769.1,USD,2043-04-09
PAY0461,Riley Johnson,,226.29,EUR,2043-04-10
PAY0366,Morgan Brown,SAL0569,1502.39,USD,2043-04-11
PAY0454,Morgan Thomas,SAL0955,1409.08,EUR,2043-04-12
PAY0932,Alex Smith,SAL0196,417.13,USD,2043-04-13
PAY0178,Jamie Thomas,,605.32,USD,2043-04-14
PAY0491,Morgan Thomas,SAL0074,796.58,EUR,2043-04-15
PAY0176,Jordan Johnson,SAL0016,1425.67,EUR,2043-04-16
PAY0938,Alex Moore,SAL0578,51.4,USD,2043-04-17
PAY0590,Robin Thomas,SAL0380,1286.08,USD,2043-04-18
PAY0855,Alex Moore,SAL0130,1889.83,USD,2043-04-19
PAY0310,Morgan Johnson,SAL0480,882.5,EUR,2043-04-20
PAY0016,Alex Wilson,SAL0942,369.59,USD,2043-04-21
PAY0260,Robin Smith,SAL0699,625.71,EUR,2043-04-22
PAY0886,Riley Thomas,SAL0729,870.03,USD,2043-04-23
PAY0377,Taylor Anderson,SAL0369,1276.41,USD,2043-04-24
PAY0443,Robin Smith,SAL0053,685.65,EUR,2043-04-25
PAY0433,Taylor Thomas,,845.67,EUR,2043-04-26
PAY0994,Alex Jackson,SAL0357,1646.47,USD,2043-04-27
PAY0988,Jordan Anderson,SAL0435,539.95,USD,2043-04-28
PAY0158,Morgan Taylor,SAL0770,577.56,EUR,2043-04-29
PAY0845,Riley Jackson,SAL0057,1015.55,USD,2043-04-30
PAY0906,Riley Anderson,SAL0020,739.88,EUR,2043-05-01
PAY0607,Robin Jackson,SAL0076,363.61,USD,2043-05-02
PAY0557,Jordan Brown,SAL0427,1200.1,USD,2043-05-03
PAY0353,Alex Brown,SAL0222,666.66,EUR,2043-05-04
PAY0942,Jamie Thomas,,113.7,EUR,2043-05-05
PAY0536,Morgan Taylor,SAL0761,1706.36,EUR,2043-05-06
PAY0877,Casey Davis,SAL0346,1585.55,USD,2043-05-07
PAY0513,Quinn Brown,SAL0254,1180.82,USD,2043-05-08
PAY0996,Robin Moore,SAL0728,458.79,EUR,2043-05-09
PAY0708,Riley Moore,SAL0461,1528.64,USD,2043-05-10
PAY0391,Taylor Davis,SAL0179,601.96,EUR,2043-05-11
PAY0626,Morgan Wilson,SAL0731,1168.79,USD,2043-05-12
PAY0459,Quinn Jackson,SAL0504,460.8,EUR,2043-05-13
PAY0543,Quinn Taylor,SAL0441,181.98,USD,2043-05-14
PAY0609,Alex Johnson,SAL0297,75.88,EUR,2043-05-15
PAY0933,Robin Wilson,SAL0615,1292.93,USD,2043-05-16
PAY0583,Avery Brown,SAL0108,218.84,USD,2043-05-17
PAY0219,Casey Thomas,SAL0832,635.45,USD,2043-05-18
PAY0096,Quinn Thomas,SAL0339,1175.95,USD,2043-05-19
PAY0700,Casey Thomas,SAL0137,924.54,USD,2043-05-20
PAY0507,Avery Taylor,SAL0033,1554.62,USD,2043-05-21
PAY0823,Quinn Taylor,SAL0855,1374.79,EUR,2043-05-22
PAY1000,Avery Davis,SAL0073,1987.8,EUR,2043-05-23
PAY0483,Alex Wilson,SAL0023,1175.62,EUR,2043-05-24
PAY0100,Jordan Johnson,SAL0479,443.92,EUR,2043-05-25
PAY0454,Morgan Thomas,SAL0955,1243.19,EUR,2043-05-26
PAY0564,Riley Taylor,SAL0629,609.2,USD,2043-05-27
PAY0806,Riley Wilson,SAL0294,433.28,USD,2043-05-28
PAY0463,Casey Taylor,SAL0054,448.83,EUR,2043-05-29
PAY0258,Jordan Smith,SAL0095,1516.62,USD,2043-05-30
PAY0380,Jordan Thomas,SAL0748,288.7,EUR,2043-05-31
PAY0600,Jordan Johnson,SAL0895,278.58,USD,2043-06-01
PAY0251,Jamie Moore,,1634.78,EUR,2043-06-02
PAY0469,Casey Smith,SAL0960,925.7,EUR,2043-06-03
PAY0938,Alex Moore,SAL0610,1975.7,USD,2043-06-04
PAY0684,Jamie Taylor,SAL0796,1847.64,EUR,2043-06-05
PAY0936,Riley Anderson,SAL0119,115.32,USD,2043-06-06
PAY0585,Jamie Wilson,SAL0323,864.41,EUR,2043-06-07
PAY0045,Avery Brown,SAL0821,265.99,USD,2043-06-08
PAY0380,Jordan Thomas,SAL0748,1341.66,USD,2043-06-09
PAY0579,Riley Anderson,SAL0423,1766.87,USD,2043-06-10
PAY0047,Jamie Taylor,SAL0977,1173.57,EUR,2043-06-11
PAY0726,Quinn Anderson,,758.8,EUR,2043-06-12
PAY0778,Jordan Moore,SAL0784,1542.76,EUR,2043-06-13
PAY0946,Morgan Brown,SAL0272,1623.19,USD,2043-06-14
PAY0573,Avery Thomas,SAL0871,1454.59,USD,2043-06-15
PAY0289,Jordan Davis,SAL0057,1899.14,USD,2043-06-16
PAY0116,Avery Johnson,SAL0333,893.92,USD,2043-06-17
PAY0238,Avery Smith,SAL0271,721.42,EUR,2043-06-18
PAY0116,Avery Johnson,SAL0333,869.9,USD,2043-06-19
PAY0413,Avery Smith,SAL0484,856.73,USD,2043-06-20
PAY0956,Alex Anderson,,1032.81,USD,2043-06-21
PAY0260,Robin Smith,,555.39,EUR,2043-06-22
PAY0419,Quinn Jackson,SAL0587,995.49,EUR,2043-06-23
PAY0940,Morgan Jackson,SAL0079,1505.78,EUR,2043-06-24
PAY0570,Quinn Moore,SAL0536,1715.52,USD,2043-06-25
PAY0943,Quinn Jackson,SAL0667,1777.19,USD,2043-06-26
PAY0901,Casey Johnson,,154.51,USD,2043-06-27
PAY0670,Quinn Taylor,,967.49,USD,2043-06-28
PAY0194,Taylor Taylor,SAL0154,64.73,USD,2043-06-29
PAY0256,Avery Smith,SAL0876,1491.02,USD,2043-06-30
PAY0520,Casey Taylor,SAL0265,1346.93,EUR,2043-07-01
PAY0572,Taylor Jackson,SAL0409,1391.64,EUR,2043-07-02
PAY0654,Robin Thomas,SAL0658,1484.88,EUR,2043-07-03
PAY0674,Morgan Moore,SAL0827,1789.92,USD,2043-07-04
PAY0585,Jamie Wilson,SAL0323,1384.83,EUR,2043-07-05
PAY0733,Riley Johnson,SAL0097,1142.52,EUR,2043-07-06
PAY0965,Jamie Brown,SAL0666,855.76,USD,2043-07-07
PAY0603,Casey Anderson,SAL0274,289.56,USD,2043-07-08
PAY0681,Quinn Johnson,SAL0702,597.01,USD,2043-07-09
PAY0260,Robin Smith,,322.02,USD,2043-07-10
PAY0965,Jamie Brown,,729.61,EUR,2043-07-11
PAY0108,Riley Smith,SAL0394,1028.51,EUR,2043-07-12
PAY0199,Avery Wilson,SAL0001,1694.46,USD,2043-07-13
PAY0069,Jamie Moore,SAL0093,1848.79,USD,2043-07-14
PAY0730,Quinn Taylor,SAL0235,1786.55,EUR,2043-07-15
PAY0956,Alex Anderson,SAL0166,1813.93,USD,2043-07-16
PAY0029,Taylor Johnson,SAL0118,422.03,EUR,2043-07-17
PAY0328,Riley Moore,SAL0769,1968.52,EUR,2043-07-18
PAY0899,Avery Davis,,1665.22,EUR,2043-07-19
PAY0387,Robin Jackson,,338.13,EUR,2043-07-20
PAY0082,Jordan Wilson,,1708.35,EUR,2043-07-21
PAY0480,Avery Brown,SAL0193,619.74,USD,2043-07-22
PAY0022,Avery Wilson,SAL0749,1386.18,USD,2043-07-23
PAY0057,Jamie Johnson,SAL0620,1709.52,EUR,2043-07-24
PAY0992,Robin Thomas,,1319.58,EUR,2043-07-25
PAY0477,Jamie Wilson,SAL0719,816.22,USD,2043-07-26
PAY0066,Morgan Davis,SAL0547,1711.26,EUR,2043-07-27
PAY0733,Riley Johnson,SAL0097,357.51,EUR,2043-07-28
PAY0997,Robin Moore,SAL0969,1550.5,USD,2043-07-29
PAY0464,Riley Taylor,SAL0987,840.19,USD,2043-07-30
PAY0551,Morgan Moore,,1778.24,EUR,2043-07-31
PAY0050,Alex Thomas,SAL0291,226.09,USD,2043-08-01
PAY0625,Alex Davis,SAL0756,484.01,USD,2043-08-02
PAY0093,Riley Thomas,SAL0581,1440.99,USD,2043-08-03
PAY0368,Jamie Thomas,SAL0175,781.92,USD,2043-08-04
PAY0483,Alex Wilson,SAL0023,584.54,EUR,2043-08-05
PAY0579,Riley Anderson,,55.19,EUR,2043-08-06
PAY0222,Taylor Moore,SAL0568,367.54,EUR,2043-08-07
PAY0758,Riley Taylor,,53.57,EUR,2043-08-08
PAY1000,Avery Davis,SAL0073,796.17,EUR,2043-08-09
PAY0528,Casey Brown,SAL0680,1591.24,USD,2043-08-10
PAY0789,Alex Taylor,SAL0813,866.74,USD,2043-08-11
PAY0880,Taylor Johnson,SAL0613,1244.34,EUR,2043-08-12
PAY0162,Robin Thomas,,256.61,EUR,2043-08-13
PAY0352,Quinn Taylor,SAL0592,658.91,USD,2043-08-14
PAY0878,Jordan Brown,SAL0210,1271.65,EUR,2043-08-15
PAY0250,Casey Thomas,SAL0689,1863.31,USD,2043-08-16
PAY0472,Riley Davis,SAL0881,159.16,USD,2043-08-17
PAY0181,Taylor Wilson,SAL0302,1798.97,USD,2043-08-18
PAY0951,Quinn Davis,SAL0430,1701.92,USD,2043-08-19
PAY0779,Avery Moore,SAL0238,1853.76,EUR,2043-08-20
PAY0062,Alex Jackson,SAL0353,780.98,USD,2043-08-21
PAY0059,Casey Jackson,SAL0746,1981.42,USD,2043-08-22
PAY0699,Morgan Anderson,SAL0447,233.86,EUR,2043-08-23
PAY0466,Jamie Johnson,SAL0866,438.44,USD,2043-08-24
PAY0951,Quinn Davis,SAL0430,937.41,EUR,2043-08-25
PAY0723,Jordan Anderson,SAL0925,178.68,USD,2043-08-26
PAY0129,Robin Wilson,SAL0678,355.4,USD,2043-08-27
PAY0467,Jordan Anderson,SAL0053,1120.3,EUR,2043-08-28
PAY0505,Riley Brown,SAL0701,1042.57,EUR,2043-08-29
PAY0529,Morgan Smith,SAL0482,815.33,USD,2043-08-30
PAY0982,Alex Taylor,SAL0997,1234.19,USD,2043-08-31
PAY0461,Riley Johnson,SAL0296,688.84,USD,2043-09-01
PAY0243,Riley Taylor,SAL0306,314.95,USD,2043-09-02
PAY0521,Robin Anderson,SAL0555,515.29,USD,2043-09-03
PAY0579,Riley Anderson,,379.09,USD,2043-09-04
PAY0615,Casey Thomas,SAL0002,538.67,EUR,2043-09-05
PAY0103,Jamie Wilson,SAL0856,499.19,EUR,2043-09-06
PAY0962,Riley Brown,SAL0122,502.34,EUR,2043-09-07
PAY0232,Robin Wilson,SAL0003,1188.86,EUR,2043-09-08
PAY0089,Casey Taylor,,1527.15,USD,2043-09-09
PAY0075,Alex Moore,SAL0406,851.23,EUR,2043-09-10
PAY0620,Jordan Brown,SAL0224,852.36,USD,2043-09-11
PAY0367,Robin Anderson,SAL0803,141.28,EUR,2043-09-12
PAY0548,Casey Jackson,SAL0790,161.59,EUR,2043-09-13
PAY0030,Quinn Davis,SAL0947,1016.38,USD,2043-09-14
PAY0105,Jamie Moore,SAL0404,664.16,USD,2043-09-15
PAY0374,Jordan Smith,SAL0683,382.27,USD,2043-09-16
PAY0883,Riley Taylor,SAL0147,613.43,EUR,2043-09-17
PAY0715,Riley Wilson,SAL0377,259.08,USD,2043-09-18
PAY0340,Avery Davis,SAL0209,540.28,USD,2043-09-19
PAY0798,Robin Davis,SAL0606,745.26,EUR,2043-09-20
PAY0115,Riley Johnson,SAL0641,692.63,EUR,2043-09-21
PAY0386,Taylor Anderson,,1572.43,EUR,2043-09-22
PAY0016,Alex Wilson,SAL0942,313.45,EUR,2043-09-23
PAY0497,Alex Anderson,SAL0802,619.76,EUR,2043-09-24
PAY0784,Alex Johnson,SAL0034,1138.74,USD,2043-09-25
PAY0456,Robin Johnson,SAL0668,460.88,USD,2043-09-26
PAY0611,Avery Johnson,SAL0340,1090.28,EUR,2043-09-27
PAY0822,Alex Jackson,SAL0605,531.78,EUR,2043-09-28
PAY0738,Alex Smith,SAL0019,822.05,EUR,2043-09-29
PAY0168,Jordan Wilson,SAL0896,308.18,EUR,2043-09-30
PAY0046,Morgan Jackson,SAL0706,1139.89,USD,2043-10-01
PAY0442,Taylor Johnson,,883.34,EUR,2043-10-02
PAY0268,Robin Thomas,SAL0086,664.44,EUR,2043-10-03
PAY0896,Morgan Anderson,SAL0399,534.56,USD,2043-10-04
PAY0949,Alex Anderson,SAL0088,1239.14,USD,2043-10-05
PAY0496,Robin Davis,,457.93,EUR,2043-10-06
PAY0446,Quinn Thomas,SAL0590,1493.97,EUR,2043-10-07
PAY0396,Jordan Thomas,,1964.28,USD,2043-10-08
PAY0105,Jamie Moore,SAL0404,962.58,USD,2043-10-09
PAY0619,Taylor Johnson,SAL0819,213.97,EUR,2043-10-10
PAY0727,Avery Smith,SAL0891,1957.64,EUR,2043-10-11
PAY0796,Avery Moore,SAL0601,1745.39,EUR,2043-10-12
PAY0076,Taylor Wilson,SAL0940,1533.66,USD,2043-10-13
PAY0957,Casey Johnson,SAL0604,1091.32,EUR,2043-10-14
PAY0191,Robin Brown,SAL0884,705.96,EUR,2043-10-15
PAY0867,Taylor Johnson,SAL0649,800.64,USD,2043-10-16
PAY0801,Alex Smith,SAL0905,91.41,EUR,2043-10-17
PAY0933,Robin Wilson,SAL0615,1812.68,USD,2043-10-18
PAY0474,Robin Anderson,SAL0138,1504.35,EUR,2043-10-19
PAY0739,Quinn Davis,SAL0112,1018.98,EUR,2043-10-20
PAY0111,Avery Johnson,SAL0031,1786.29,USD,2043-10-21
PAY0108,Riley Smith,SAL0394,365.02,USD,2043-10-22
PAY0413,Avery Smith,SAL0484,1596.33,EUR,2043-10-23
PAY0256,Avery Smith,SAL0876,1451.87,USD,2043-10-24
PAY0084,Alex Davis,SAL0415,403.02,EUR,2043-10-25
PAY0960,Jordan Anderson,,112.5,EUR,2043-10-26
PAY0708,Riley Moore,SAL0461,1442.06,EUR,2043-10-27
PAY0771,Jamie Davis,SAL0476,333.5,EUR,2043-10-28
PAY0195,Avery Davis,SAL0245,1120.97,USD,2043-10-29
PAY0721,Quinn Smith,SAL0697,1551.89,USD,2043-10-30
PAY0702,Jamie Johnson,SAL0718,1146.31,EUR,2043-10-31
PAY0063,Jamie Taylor,SAL0317,1176.03,USD,2043-11-01
PAY0059,Casey Jackson,SAL0746,1294.44,EUR,2043-11-02
PAY0326,Jamie Wilson,SAL0301,1370.91,EUR,2043-11-03
PAY0588,Riley Smith,SAL0634,1440.86,USD,2043-11-04
PAY0963,Morgan Jackson,SAL0347,938.68,EUR,2043-11-05
PAY0910,Quinn Davis,,768.4,EUR,2043-11-06
PAY0692,Riley Moore,SAL0202,1652.08,EUR,2043-11-07
PAY0114,Robin Anderson,SAL0817,1117.5,USD,2043-11-08
PAY0012,Taylor Brown,SAL0676,59.32,EUR,2043-11-09
PAY0868,Avery Thomas,SAL0069,850.08,USD,2043-11-10
PAY0730,Quinn Taylor,SAL0235,1466.84,EUR,2043-11-11
PAY0699,Morgan Anderson,SAL0390,1549.03,EUR,2043-11-12
PAY0483,Alex Wilson,SAL0023,1494.14,USD,2043-11-13
PAY0096,Quinn Thomas,SAL0339,1801.83,EUR,2043-11-14
PAY0795,Quinn Brown,SAL0933,571.39,EUR,2043-11-15
PAY0080,Riley Davis,SAL0944,340.94,EUR,2043-11-16
PAY0696,Jamie Jackson,SAL0126,1213.29,USD,2043-11-17
PAY0050,Alex Thomas,SAL0656,1656.82,EUR,2043-11-18
PAY0275,Jordan Moore,SAL0539,1882.31,EUR,2043-11-19
PAY0340,Avery Davis,SAL0209,1350.64,USD,2043-11-20
PAY0426,Morgan Smith,SAL0631,180.51,USD,2043-11-21
PAY0986,Avery Brown,SAL0673,1949.14,USD,2043-11-22
PAY0124,Morgan Taylor,SAL0268,157.53,EUR,2043-11-23
PAY0268,Robin Thomas,SAL0589,284.73,EUR,2043-11-24
PAY0012,Taylor Brown,SAL0691,1547.31,USD,2043-11-25
PAY0987,Jamie Moore,SAL0574,89.04,USD,2043-11-26
PAY0278,Riley Jackson,,785.19,USD,2043-11-27
PAY0652,Jordan Brown,SAL0085,1805.74,EUR,2043-11-28
PAY0588,Riley Smith,SAL0634,736.64,EUR,2043-11-29
PAY0610,Alex Taylor,SAL0696,265.47,USD,2043-11-30
PAY0648,Quinn Smith,SAL0707,1483.21,EUR,2043-12-01
PAY0477,Jamie Wilson,SAL0719,1495.51,EUR,2043-12-02
PAY0129,Robin Wilson,,1999.18,EUR,2043-12-03
PAY0877,Casey Davis,SAL0346,1837.71,EUR,2043-12-04
PAY0102,Riley Thomas,SAL0730,246.35,EUR,2043-12-05
PAY0228,Riley Brown,SAL0327,1735.99,EUR,2043-12-06
PAY0326,Jamie Wilson,SAL0301,658.42,USD,2043-12-07
PAY0147,Jordan Thomas,SAL0315,180.15,EUR,2043-12-08
PAY0970,Casey Smith,,990.86,EUR,2043-12-09
PAY0345,Casey Brown,,1623.45,USD,2043-12-10
PAY0717,Alex Brown,SAL0491,448.12,USD,2043-12-11
PAY0911,Riley Johnson,SAL0700,1434.56,EUR,2043-12-12
PAY0214,Riley Anderson,SAL0269,1825.06,USD,2043-12-13
PAY0745,Alex Brown,SAL0466,1748.15,EUR,2043-12-14
PAY0225,Jordan Anderson,SAL0331,1596.28,USD,2043-12-15
PAY0040,Riley Johnson,SAL0029,798.56,EUR,2043-12-16
PAY0622,Robin Jackson,SAL0485,1329.17,EUR,2043-12-17
PAY0682,Alex Smith,SAL0681,591.55,USD,2043-12-18
PAY0700,Casey Thomas,SAL0137,591.2,EUR,2043-12-19
PAY0661,Quinn Moore,SAL0162,1934.32,EUR,2043-12-20
PAY0977,Alex Jackson,SAL0371,1347.78,EUR,2043-12-21
PAY0347,Robin Jackson,,1953.2,USD,2043-12-22
PAY0186,Avery Thomas,SAL0720,414.24,USD,2043-12-23
PAY0443,Robin Smith,SAL0053,1137.95,EUR,2043-12-24
PAY0375,Casey Davis,SAL0572,775.96,EUR,2043-12-25
PAY0773,Taylor Johnson,,908.91,EUR,2043-12-26
PAY0201,Avery Jackson,SAL0230,760.13,USD,2043-12-27
PAY0599,Quinn Brown,SAL0182,1146.15,EUR,2043-12-28
PAY0657,Alex Moore,,230.59,USD,2043-12-29
PAY0073,Alex Smith,SAL0941,1185.95,EUR,2043-12-30
PAY0103,Jamie Wilson,SAL0856,824.44,USD,2043-12-31
PAY0492,Casey Davis,,890.23,USD,2044-01-01
PAY0031,Casey Thomas,SAL0903,1347.75,USD,2044-01-02
PAY0245,Avery Thomas,SAL0520,1534.66,EUR,2044-01-03
PAY0432,Quinn Moore,SAL0291,1738.7,USD,2044-01-04
PAY0801,Alex Smith,SAL0905,1196.53,USD,2044-01-05
PAY0133,Jordan Taylor,SAL0124,1615.1,EUR,2044-01-06
PAY0630,Alex Taylor,SAL0167,1742.84,USD,2044-01-07
PAY0692,Riley Moore,,875.07,USD,2044-01-08
PAY0371,Jamie Brown,,1538.42,EUR,2044-01-09
PAY0809,Riley Smith,SAL0817,673.7,EUR,2044-01-10
PAY0444,Casey Wilson,SAL0962,1634.2,USD,2044-01-11
PAY0320,Morgan Anderson,SAL0336,1763.56,EUR,2044-01-12
PAY0806,Riley Wilson,SAL0294,234.82,USD,2044-01-13
PAY0766,Casey Jackson,SAL0150,260.87,EUR,2044-01-14
PAY0247,Riley Wilson,SAL0094,581.32,EUR,2044-01-15
PAY0889,Casey Davis,SAL0084,1348.75,USD,2044-01-16
PAY0662,Riley Thomas,SAL0066,264.43,USD,2044-01-17
PAY0070,Riley Brown,SAL0449,1710.77,EUR,2044-01-18
PAY0877,Casey Davis,,1751.62,EUR,2044-01-19
PAY0182,Taylor Smith,SAL0788,1115.69,EUR,2044-01-20
PAY0993,Robin Moore,SAL0888,1439.18,USD,2044-01-21
PAY0691,Taylor Jackson,SAL0751,1685.76,USD,2044-01-22
PAY0914,Jamie Taylor,SAL0946,784.48,USD,2044-01-23
PAY0221,Jordan Davis,SAL0843,1455.28,EUR,2044-01-24
PAY0124,Morgan Taylor,SAL0268,124.17,USD,2044-01-25
PAY0435,Avery Brown,SAL0600,239.57,EUR,2044-01-26
PAY0190,Riley Thomas,SAL0815,1784.93,USD,2044-01-27
PAY0748,Quinn Taylor,SAL0924,888.82,EUR,2044-01-28
PAY0287,Taylor Taylor,SAL0897,1036.15,USD,2044-01-29
PAY0452,Riley Moore,SAL0351,726.1,USD,2044-01-30
PAY0730,Quinn Taylor,SAL0235,941.22,EUR,2044-01-31
PAY0651,Jamie Jackson,SAL0705,1686.43,EUR,2044-02-01
PAY0878,Jordan Brown,SAL0210,58.77,USD,2044-02-02
PAY0990,Jordan Davis,SAL0439,1461.79,EUR,2044-02-03
PAY0982,Alex Taylor,SAL0997,1938.81,EUR,2044-02-04
PAY0419,Quinn Jackson,SAL0587,868.16,EUR,2044-02-05
PAY0050,Alex Thomas,SAL0656,238.27,USD,2044-02-06
PAY0745,Alex Brown,SAL0466,723.46,USD,2044-02-07
PAY0897,Riley Johnson,SAL0121,1367.05,EUR,2044-02-08
PAY0671,Riley Johnson,SAL0177,577.81,USD,2044-02-09
PAY0169,Riley Anderson,SAL0864,1462.01,EUR,2044-02-10
PAY0368,Jamie Thomas,SAL0175,297.8,USD,2044-02-11
PAY0263,Jordan Davis,SAL0543,1792.02,EUR,2044-02-12
PAY0513,Quinn Brown,SAL0254,413.38,USD,2044-02-13
PAY0437,Alex Taylor,SAL0442,1158.6,EUR,2044-02-14
PAY0522,Riley Johnson,SAL0892,823.88,USD,2044-02-15
PAY0679,Robin Davis,,1174.39,EUR,2044-02-16
PAY0221,Jordan Davis,SAL0843,477.53,EUR,2044-02-17
PAY0829,Riley Anderson,SAL0626,324.48,EUR,2044-02-18
PAY0700,Casey Thomas,SAL0137,1114.17,USD,2044-02-19
PAY0322,Riley Wilson,SAL0398,1243.23,EUR,2044-02-20
PAY0129,Robin Wilson,SAL0151,772.39,EUR,2044-02-21
PAY0135,Riley Anderson,SAL0691,1392.26,USD,2044-02-22
PAY0659,Quinn Wilson,SAL0341,211.67,USD,2044-02-23
PAY0748,Quinn Taylor,SAL0924,545.92,USD,2044-02-24
PAY0631,Riley Thomas,SAL0325,1517.56,EUR,2044-02-25
PAY0484,Alex Jackson,SAL0838,1678.3,USD,2044-02-26
PAY0100,Jordan Johnson,SAL0479,1052.15,USD,2044-02-27
PAY0341,Quinn Johnson,,1371.99,USD,2044-02-28
PAY0789,Alex Taylor,,757.57,USD,2044-02-29
PAY0413,Avery Smith,SAL0484,1528.88,EUR,2044-03-01
PAY0846,Casey Jackson,SAL0795,761.27,USD,2044-03-02
PAY0047,Jamie Taylor,SAL0977,1408.21,USD,2044-03-03
PAY0767,Avery Smith,SAL0140,1902.07,USD,2044-03-04
PAY0065,Alex Wilson,SAL0132,1342.81,EUR,2044-03-05
PAY0561,Jamie Johnson,SAL0181,147.38,EUR,2044-03-06
PAY0609,Alex Johnson,SAL0297,1502.14,EUR,2044-03-07
PAY0938,Alex Moore,SAL0610,1514.75,USD,2044-03-08
PAY0521,Robin Anderson,SAL0555,53.0,USD,2044-03-09
PAY0173,Taylor Brown,SAL0064,963.14,USD,2044-03-10
PAY0779,Avery Moore,SAL0238,1115.2,EUR,2044-03-11
PAY0501,Casey Thomas,SAL0595,724.3,USD,2044-03-12
PAY0523,Morgan Johnson,SAL0752,600.88,USD,2044-03-13
PAY0704,Robin Johnson,SAL0444,1885.29,USD,2044-03-14
PAY0555,Taylor Johnson,SAL0048,1775.89,EUR,2044-03-15
PAY0727,Avery Smith,SAL0891,939.57,EUR,2044-03-16
PAY0974,Jordan Brown,SAL0845,371.47,USD,2044-03-17
PAY0853,Robin Brown,SAL0474,1760.66,USD,2044-03-18
PAY0853,Robin Brown,SAL0474,652.57,USD,2044-03-19
PAY0064,Alex Wilson,SAL0497,1085.93,EUR,2044-03-20
PAY0800,Jordan Wilson,SAL0562,1106.94,EUR,2044-03-21
PAY0702,Jamie Johnson,SAL0718,1508.75,EUR,2044-03-22
PAY0128,Jamie Johnson,SAL0344,1399.29,USD,2044-03-23
PAY0992,Robin Thomas,SAL0378,1208.41,EUR,2044-03-24
PAY0924,Taylor Smith,SAL0050,797.47,USD,2044-03-25
PAY0853,Robin Brown,SAL0474,713.65,USD,2044-03-26
PAY0908,Quinn Thomas,SAL0738,1982.02,EUR,2044-03-27
PAY0203,Jamie Anderson,SAL0567,868.39,EUR,2044-03-28
PAY0617,Quinn Johnson,SAL0231,1504.95,EUR,2044-03-29
PAY0463,Casey Taylor,SAL0054,1596.56,EUR,2044-03-30
PAY0034,Riley Jackson,SAL0514,1843.04,USD,2044-03-31
PAY0695,Alex Brown,SAL0869,1451.36,EUR,2044-04-01
PAY0446,Quinn Thomas,SAL0590,1423.31,USD,2044-04-02
PAY0252,Robin Moore,SAL0998,1509.23,USD,2044-04-03
PAY0568,Quinn Johnson,SAL0849,1924.4,USD,2044-04-04
PAY0799,Alex Thomas,SAL0215,466.84,EUR,2044-04-05
PAY0892,Quinn Wilson,SAL0285,1365.63,EUR,2044-04-06
PAY0161,Avery Jackson,SAL0455,1543.29,EUR,2044-04-07
PAY0079,Morgan Wilson,SAL0356,1430.6,USD,2044-04-08
PAY0058,Casey Jackson,SAL0994,135.79,USD,2044-04-09
PAY0216,Taylor Smith,SAL0257,1497.59,USD,2044-04-10
PAY0643,Casey Johnson,SAL0232,861.62,USD,2044-04-11
PAY0079,Morgan Wilson,SAL0356,677.53,EUR,2044-04-12
PAY0883,Riley Taylor,SAL0147,1740.73,USD,2044-04-13
PAY0699,Morgan Anderson,SAL0447,241.4,USD,2044-04-14
PAY0621,Jordan Davis,SAL0840,1440.69,EUR,2044-04-15
PAY0804,Casey Wilson,,407.62,USD,2044-04-16
PAY0976,Quinn Moore,SAL0411,1363.11,EUR,2044-04-17
PAY0332,Quinn Johnson,SAL0953,1198.77,EUR,2044-04-18
PAY0528,Casey Brown,SAL0680,300.59,EUR,2044-04-19
PAY0629,Quinn Thomas,SAL0372,137.5,EUR,2044-04-20
PAY0073,Alex Smith,SAL0941,956.26,EUR,2044-04-21
PAY0382,Robin Moore,SAL0907,1736.06,EUR,2044-04-22
PAY0718,Jordan Jackson,SAL0609,502.43,EUR,2044-04-23
PAY0823,Quinn Taylor,SAL0855,1375.7,EUR,2044-04-24
PAY0320,Morgan Anderson,SAL0336,1458.26,USD,2044-04-25
PAY0013,Quinn Davis,SAL1000,1715.7,EUR,2044-04-26
PAY0207,Avery Johnson,SAL0172,67.7,EUR,2044-04-27
PAY0621,Jordan Davis,SAL0840,967.11,EUR,2044-04-28
PAY0471,Casey Thomas,,405.54,USD,2044-04-29
PAY0079,Morgan Wilson,SAL0356,1883.72,USD,2044-04-30
PAY0641,Casey Brown,SAL0826,816.42,EUR,2044-05-01
PAY0375,Casey Davis,SAL0572,1353.59,EUR,2044-05-02
PAY0302,Casey Anderson,SAL0957,945.95,USD,2044-05-03
PAY0498,Casey Anderson,SAL0199,810.59,USD,2044-05-04
PAY0022,Avery Wilson,SAL0749,475.15,EUR,2044-05-05
PAY0532,Jordan Anderson,SAL0354,1978.4,EUR,2044-05-06
PAY0600,Jordan Johnson,SAL0895,1087.44,EUR,2044-05-07
PAY0043,Jamie Davis,SAL0471,70.51,USD,2044-05-08
PAY0945,Alex Moore,,392.92,USD,2044-05-09
PAY0177,Taylor Wilson,SAL0917,949.44,EUR,2044-05-10
PAY0491,Morgan Thomas,SAL0074,1510.87,USD,2044-05-11
PAY0362,Avery Davis,SAL0049,557.6,USD,2044-05-12
PAY0523,Morgan Johnson,SAL0752,511.24,EUR,2044-05-13
PAY0547,Quinn Smith,SAL0437,819.2,EUR,2044-05-14
PAY0574,Casey Wilson,SAL0111,1536.0,EUR,2044-05-15
PAY0105,Jamie Moore,SAL0398,706.94,EUR,2044-05-16
PAY0416,Jordan Thomas,SAL0043,1321.29,USD,2044-05-17
PAY0227,Riley Thomas,,280.33,USD,2044-05-18
PAY0878,Jordan Brown,SAL0210,555.0,EUR,2044-05-19
PAY0810,Jamie Wilson,SAL0655,1922.2,USD,2044-05-20
PAY0925,Taylor Johnson,SAL0187,226.29,EUR,2044-05-21
PAY0250,Casey Thomas,SAL0689,1867.77,EUR,2044-05-22
PAY0050,Alex Thomas,SAL0656,530.36,EUR,2044-05-23
PAY0126,Robin Davis,SAL0982,1847.73,USD,2044-05-24
PAY0304,Taylor Smith,,1182.45,EUR,2044-05-25
PAY0546,Robin Anderson,SAL0588,169.32,EUR,2044-05-26
PAY0807,Jordan Taylor,SAL0981,1442.74,USD,2044-05-27
PAY0552,Morgan Jackson,SAL0389,1196.24,EUR,2044-05-28
PAY0532,Jordan Anderson,SAL0354,237.39,EUR,2044-05-29
PAY0548,Casey Jackson,SAL0790,1653.08,EUR,2044-05-30
PAY0353,Alex Brown,SAL0222,1169.07,USD,2044-05-31
PAY0266,Casey Smith,SAL0894,1962.19,EUR,2044-06-01
PAY0337,Taylor Brown,SAL0573,1639.97,EUR,2044-06-02
PAY0673,Taylor Brown,SAL0899,897.39,EUR,2044-06-03
PAY0045,Avery Brown,SAL0821,213.0,USD,2044-06-04
PAY0853,Robin Brown,SAL0474,568.53,EUR,2044-06-05
PAY0210,Riley Moore,SAL0599,1603.17,USD,2044-06-06
PAY0852,Jordan Smith,SAL0887,760.95,USD,2044-06-07
PAY0498,Casey Anderson,SAL0199,754.99,USD,2044-06-08
PAY0620,Jordan Brown,SAL0224,1005.98,USD,2044-06-09
PAY0387,Robin Jackson,SAL0055,61.2,USD,2044-06-10
PAY0973,Alex Moore,SAL0672,1746.05,USD,2044-06-11
PAY0188,Morgan Brown,SAL0502,509.3,USD,2044-06-12
PAY0431,Taylor Thomas,,1244.31,USD,2044-06-13
PAY0818,Quinn Taylor,SAL0021,1615.52,EUR,2044-06-14
PAY0023,Quinn Smith,SAL0638,1076.18,EUR,2044-06-15
PAY0947,Casey Anderson,,854.1,EUR,2044-06-16
PAY0139,Robin Johnson,SAL0797,344.24,USD,2044-06-17
PAY0384,Taylor Johnson,SAL0109,1931.56,EUR,2044-06-18
PAY0853,Robin Brown,SAL0474,1115.35,EUR,2044-06-19
PAY0666,Jordan Taylor,SAL0151,1646.71,EUR,2044-06-20
PAY0256,Avery Smith,SAL0876,709.92,USD,2044-06-21
PAY0325,Morgan Johnson,SAL0526,70.55,USD,2044-06-22
PAY0620,Jordan Brown,SAL0224,1784.82,EUR,2044-06-23
PAY0689,Morgan Brown,SAL0758,1934.09,EUR,2044-06-24
PAY0613,Jamie Johnson,SAL0242,463.68,EUR,2044-06-25
PAY0881,Jordan Taylor,SAL0913,1286.3,EUR,2044-06-26
PAY0011,Jamie Thomas,SAL0529,477.55,EUR,2044-06-27
PAY0315,Casey Moore,SAL0857,1500.32,EUR,2044-06-28
PAY0674,Morgan Moore,SAL0827,985.05,USD,2044-06-29
PAY0234,Jordan Jackson,SAL0258,1843.76,USD,2044-06-30
PAY0227,Riley Thomas,SAL0528,194.82,USD,2044-07-01
PAY0540,Jordan Taylor,,453.14,EUR,2044-07-02
PAY0022,Avery Wilson,SAL0749,680.11,USD,2044-07-03
PAY0201,Avery Jackson,SAL0230,673.01,USD,2044-07-04
PAY0085,Jordan Wilson,SAL0156,862.58,EUR,2044-07-05
PAY0454,Morgan Thomas,SAL0955,882.78,USD,2044-07-06
PAY0615,Casey Thomas,SAL0002,929.25,EUR,2044-07-07
PAY0845,Riley Jackson,SAL0057,1514.6,EUR,2044-07-08
PAY0582,Jamie Smith,SAL0551,231.61,EUR,2044-07-09
PAY0359,Jordan Thomas,,808.29,EUR,2044-07-10
PAY0408,Quinn Taylor,SAL0662,1081.0,EUR,2044-07-11
PAY0675,Jamie Thomas,SAL0431,1507.64,EUR,2044-07-12
PAY0805,Morgan Moore,SAL0035,277.11,USD,2044-07-13
PAY0247,Riley Wilson,SAL0094,543.67,EUR,2044-07-14
PAY0219,Casey Thomas,SAL0832,1868.78,USD,2044-07-15
PAY0211,Morgan Thomas,SAL0287,1150.75,USD,2044-07-16
PAY0314,Morgan Anderson,SAL0921,979.62,EUR,2044-07-17
PAY0329,Quinn Jackson,SAL0725,204.75,USD,2044-07-18
PAY0727,Avery Smith,SAL0891,916.53,EUR,2044-07-19
PAY0881,Jordan Taylor,SAL0913,1721.54,USD,2044-07-20
PAY0375,Casey Davis,SAL0572,1062.34,EUR,2044-07-21
PAY0566,Taylor Johnson,SAL0550,1354.19,USD,2044-07-22
PAY0850,Casey Jackson,SAL0153,1209.57,USD,2044-07-23
PAY0433,Taylor Thomas,SAL0393,73.98,EUR,2044-07-24
PAY0610,Alex Taylor,SAL0696,498.72,EUR,2044-07-25
PAY0875,Morgan Moore,SAL0623,678.91,USD,2044-07-26
PAY0476,Jamie Taylor,,1854.84,EUR,2044-07-27
PAY0580,Taylor Johnson,SAL0142,1745.97,USD,2044-07-28
PAY0867,Taylor Johnson,SAL0649,506.87,USD,2044-07-29
PAY0407,Jamie Thomas,SAL0529,511.65,EUR,2044-07-30
PAY0820,Morgan Brown,SAL0612,1441.68,EUR,2044-07-31
PAY0858,Riley Davis,SAL0548,1106.32,EUR,2044-08-01
PAY0081,Morgan Thomas,SAL0460,412.51,USD,2044-08-02
PAY0985,Casey Moore,SAL0805,1005.67,EUR,2044-08-03
PAY0786,Alex Smith,SAL0191,967.84,USD,2044-08-04
PAY0064,Alex Wilson,SAL0497,956.89,EUR,2044-08-05
PAY0523,Morgan Johnson,SAL0752,964.28,USD,2044-08-06
PAY0224,Alex Moore,SAL0363,532.16,EUR,2044-08-07
PAY0035,Taylor Johnson,SAL0328,1159.98,EUR,2044-08-08
PAY0532,Jordan Anderson,SAL0354,703.2,USD,2044-08-09
PAY0942,Jamie Thomas,SAL0355,1303.04,EUR,2044-08-10
PAY0180,Riley Taylor,SAL0189,915.2,USD,2044-08-11
PAY0661,Quinn Moore,SAL0162,1239.1,USD,2044-08-12
PAY0572,Taylor Jackson,SAL0409,910.81,USD,2044-08-13
PAY0171,Riley Thomas,,337.75,EUR,2044-08-14
PAY0290,Jamie Johnson,,723.98,EUR,2044-08-15
PAY0001,Casey Smith,SAL0787,643.36,USD,2044-08-16
PAY0945,Alex Moore,SAL0579,286.08,EUR,2044-08-17
PAY0807,Jordan Taylor,SAL0981,1124.73,EUR,2044-08-18
PAY0742,Alex Davis,SAL0241,1129.55,EUR,2044-08-19
PAY0927,Jamie Moore,SAL0246,1026.59,USD,2044-08-20
PAY0768,Jamie Smith,SAL0402,1541.39,USD,2044-08-21
PAY0988,Jordan Anderson,SAL0435,710.53,EUR,2044-08-22
PAY0382,Robin Moore,SAL0907,1747.33,EUR,2044-08-23
PAY0834,Morgan Wilson,SAL0723,1411.52,USD,2044-08-24
PAY0203,Jamie Anderson,SAL0567,138.61,EUR,2044-08-25
PAY0178,Jamie Thomas,SAL0837,300.56,USD,2044-08-26
PAY0271,Riley Davis,SAL0902,1127.94,USD,2044-08-27
PAY0876,Quinn Thomas,SAL0926,1736.85,EUR,2044-08-28
PAY0967,Jamie Anderson,SAL0507,1637.73,USD,2044-08-29
PAY0071,Robin Smith,SAL0919,382.77,USD,2044-08-30
PAY0060,Jordan Taylor,SAL0218,520.6,EUR,2044-08-31
PAY0599,Quinn Brown,SAL0182,1666.31,EUR,2044-09-01
PAY0904,Riley Wilson,SAL0732,1140.57,USD,2044-09-02
PAY0569,Jamie Moore,SAL0996,1870.15,USD,2044-09-03
PAY0273,Morgan Moore,SAL0733,1094.67,EUR,2044-09-04
PAY0180,Riley Taylor,SAL0189,1871.9,EUR,2044-09-05
PAY0454,Morgan Thomas,SAL0955,743.67,USD,2044-09-06
PAY0540,Jordan Taylor,SAL0173,245.94,USD,2044-09-07
PAY0504,Casey Wilson,SAL0808,1295.67,EUR,2044-09-08
PAY0241,Riley Wilson,SAL0082,739.89,USD,2044-09-09
PAY0267,Robin Taylor,SAL0938,1392.47,USD,2044-09-10
PAY0108,Riley Smith,SAL0394,674.31,EUR,2044-09-11
PAY0509,Robin Thomas,SAL0500,718.09,EUR,2044-09-12
PAY0102,Riley Thomas,SAL0730,340.51,USD,2044-09-13
PAY0066,Morgan Davis,SAL0547,1596.29,USD,2044-09-14
PAY0587,Morgan Johnson,SAL0679,1902.46,EUR,2044-09-15
PAY0187,Taylor Thomas,SAL0833,789.0,USD,2044-09-16
PAY0612,Casey Thomas,SAL0040,273.43,EUR,2044-09-17
PAY0677,Jamie Davis,SAL0243,1939.95,USD,2044-09-18
PAY0638,Casey Johnson,SAL0143,1424.02,EUR,2044-09-19
PAY0204,Casey Davis,SAL0498,132.08,EUR,2044-09-20
PAY0838,Casey Davis,SAL0352,1900.48,USD,2044-09-21
PAY0922,Jamie Taylor,SAL0711,841.97,USD,2044-09-22
PAY0666,Jordan Taylor,SAL0513,1233.62,EUR,2044-09-23
PAY0033,Jamie Jackson,SAL0277,1315.79,USD,2044-09-24
PAY0589,Avery Taylor,SAL0113,1328.06,USD,2044-09-25
PAY0161,Avery Jackson,SAL0256,1000.12,USD,2044-09-26
PAY0635,Taylor Anderson,SAL0806,1044.47,USD,2044-09-27
PAY0556,Robin Jackson,SAL0178,480.82,EUR,2044-09-28
PAY0179,Quinn Moore,SAL0293,1303.5,USD,2044-09-29
PAY0847,Riley Anderson,SAL0038,1750.34,EUR,2044-09-30
PAY0927,Jamie Moore,,1234.56,USD,2044-10-01
PAY0280,Jordan Jackson,SAL0010,462.85,USD,2044-10-02
PAY0977,Alex Jackson,SAL0371,1742.17,EUR,2044-10-03
PAY0964,Jamie Smith,SAL0639,666.55,EUR,2044-10-04
PAY0239,Casey Johnson,SAL0979,263.5,EUR,2044-10-05
PAY0209,Riley Smith,SAL0387,1893.18,USD,2044-10-06
PAY0674,Morgan Moore,SAL0827,1200.47,USD,2044-10-07
PAY0609,Alex Johnson,SAL0297,1089.94,USD,2044-10-08
PAY0338,Jordan Taylor,SAL0337,1722.96,EUR,2044-10-09
PAY0130,Alex Brown,,402.23,USD,2044-10-10
PAY0623,Quinn Wilson,SAL0694,542.15,EUR,2044-10-11
PAY0148,Robin Brown,SAL0735,770.9,USD,2044-10-12
PAY0175,Quinn Thomas,SAL0829,872.32,USD,2044-10-13
PAY0335,Riley Taylor,,932.24,USD,2044-10-14
PAY0434,Morgan Jackson,SAL0904,1524.04,EUR,2044-10-15
PAY0291,Morgan Johnson,,1189.5,EUR,2044-10-16
PAY0025,Morgan Anderson,SAL0350,1132.98,EUR,2044-10-17
PAY0678,Robin Taylor,SAL0489,479.92,EUR,2044-10-18
PAY0228,Riley Brown,SAL0327,877.39,EUR,2044-10-19
PAY0790,Avery Jackson,SAL0259,1676.84,EUR,2044-10-20
PAY0568,Quinn Johnson,,121.94,EUR,2044-10-21
PAY0868,Avery Thomas,SAL0069,411.44,EUR,2044-10-22
PAY0717,Alex Brown,,1336.22,USD,2044-10-23
PAY0508,Casey Brown,,1212.34,EUR,2044-10-24
PAY0403,Jamie Wilson,SAL0932,1686.6,USD,2044-10-25
PAY0602,Robin Brown,SAL0824,952.67,USD,2044-10-26
PAY0123,Morgan Johnson,,1665.56,USD,2044-10-27
PAY0690,Taylor Thomas,SAL0144,1117.78,USD,2044-10-28
PAY0988,Jordan Anderson,SAL0435,1865.27,USD,2044-10-29
PAY0849,Avery Thomas,SAL0486,976.68,EUR,2044-10-30
PAY0047,Jamie Taylor,SAL0977,1336.8,USD,2044-10-31
PAY0220,Quinn Thomas,SAL0564,1537.65,EUR,2044-11-01
PAY0365,Avery Thomas,SAL0992,1402.89,USD,2044-11-02
PAY0225,Jordan Anderson,SAL0331,684.82,EUR,2044-11-03
PAY0890,Robin Smith,SAL0685,329.59,EUR,2044-11-04
PAY0486,Taylor Taylor,,1090.06,USD,2044-11-05
PAY0637,Avery Anderson,,191.17,USD,2044-11-06
PAY0183,Riley Davis,SAL0534,1862.98,EUR,2044-11-07
PAY0914,Jamie Taylor,,62.93,EUR,2044-11-08
PAY0346,Casey Jackson,,170.43,EUR,2044-11-09
PAY0401,Casey Wilson,SAL0956,385.25,USD,2044-11-10
PAY0793,Quinn Davis,SAL0524,345.03,USD,2044-11-11
PAY0332,Quinn Johnson,SAL0953,1344.72,USD,2044-11-12
PAY0275,Jordan Moore,SAL0539,1576.88,USD,2044-11-13
PAY0901,Casey Johnson,SAL0686,532.54,USD,2044-11-14
PAY0448,Riley Johnson,SAL0229,921.96,EUR,2044-11-15
PAY0024,Avery Taylor,SAL0598,1248.09,USD,2044-11-16
PAY0518,Avery Smith,SAL0888,800.37,EUR,2044-11-17
PAY0172,Quinn Smith,SAL0931,623.73,USD,2044-11-18
PAY0517,Robin Thomas,SAL0066,1233.84,USD,2044-11-19
PAY0982,Alex Taylor,SAL0140,1003.52,EUR,2044-11-20
PAY0579,Riley Anderson,SAL0604,1774.73,EUR,2044-11-21
PAY0361,Riley Anderson,SAL0468,1226.9,USD,2044-11-22
PAY0338,Jordan Taylor,,838.46,EUR,2044-11-23
PAY0160,Robin Brown,SAL0385,458.01,USD,2044-11-24
PAY0729,Jamie Taylor,,290.71,USD,2044-11-25
PAY0400,Riley Moore,SAL0812,1213.9,EUR,2044-11-26
PAY0155,Quinn Smith,SAL0145,454.38,USD,2044-11-27
PAY0596,Robin Moore,SAL0669,671.85,USD,2044-11-28
PAY0671,Riley Johnson,SAL0177,835.49,USD,2044-11-29
PAY0446,Quinn Thomas,SAL0590,1098.6,USD,2044-11-30
PAY0335,Riley Taylor,SAL0083,1080.59,EUR,2044-12-01
PAY0520,Casey Taylor,SAL0205,739.54,USD,2044-12-02
PAY0980,Casey Thomas,SAL0429,233.78,EUR,2044-12-03
PAY0191,Robin Brown,SAL0884,669.17,USD,2044-12-04
PAY0144,Casey Wilson,SAL0928,881.3,EUR,2044-12-05
PAY0090,Taylor Thomas,SAL0253,791.11,USD,2044-12-06
PAY0364,Robin Taylor,SAL0416,325.24,USD,2044-12-07
PAY0415,Avery Thomas,SAL0375,1906.22,USD,2044-12-08
PAY0459,Quinn Jackson,SAL0504,1294.74,USD,2044-12-09
PAY0832,Jordan Brown,SAL0643,1300.39,USD,2044-12-10
PAY0198,Riley Anderson,,176.87,EUR,2044-12-11
PAY0437,Alex Taylor,SAL0442,986.13,EUR,2044-12-12
PAY0165,Alex Wilson,SAL0775,315.1,USD,2044-12-13
PAY0233,Jordan Thomas,SAL0820,1303.01,USD,2044-12-14
PAY0874,Quinn Taylor,SAL0136,821.54,EUR,2044-12-15
PAY0963,Morgan Jackson,,866.56,USD,2044-12-16
PAY0532,Jordan Anderson,SAL0990,1628.57,USD,2044-12-17
PAY0016,Alex Wilson,SAL0942,1909.95,EUR,2044-12-18
PAY0853,Robin Brown,SAL0474,1387.51,EUR,2044-12-19
PAY0455,Jamie Wilson,SAL0452,435.48,USD,2044-12-20
PAY0777,Robin Wilson,SAL0528,1792.64,USD,2044-12-21
PAY0158,Morgan Taylor,SAL0770,1698.76,EUR,2044-12-22
PAY0045,Avery Brown,SAL0821,64.18,USD,2044-12-23
PAY0692,Riley Moore,SAL0202,606.56,EUR,2044-12-24
PAY0745,Alex Brown,SAL0466,1070.7,USD,2044-12-25
PAY0564,Riley Taylor,,495.4,USD,2044-12-26
PAY0181,Taylor Wilson,SAL0302,1212.31,USD,2044-12-27
PAY0781,Robin Anderson,SAL0106,1357.71,USD,2044-12-28
PAY0798,Robin Davis,SAL0606,122.49,EUR,2044-12-29
PAY0929,Jordan Davis,SAL0801,1123.8,EUR,2044-12-30
PAY0515,Robin Thomas,SAL0282,507.71,USD,2044-12-31
PAY0393,Jamie Wilson,SAL0991,657.01,EUR,2045-01-01
PAY0707,Morgan Brown,SAL0186,977.33,USD,2045-01-02
PAY0501,Casey Thomas,SAL0322,885.58,EUR,2045-01-03
PAY0819,Alex Moore,SAL0383,1070.32,EUR,2045-01-04
PAY0346,Casey Jackson,SAL0428,1316.66,USD,2045-01-05
PAY0522,Riley Johnson,SAL0892,525.82,EUR,2045-01-06
PAY0759,Casey Brown,SAL0670,1496.28,EUR,2045-01-07
PAY0106,Avery Moore,SAL0012,155.71,USD,2045-01-08
PAY0535,Quinn Thomas,SAL0133,1278.79,USD,2045-01-09
PAY0490,Jordan Anderson,,1427.9,USD,2045-01-10
PAY0249,Robin Thomas,SAL0379,264.48,EUR,2045-01-11
PAY0762,Alex Davis,SAL0566,566.05,USD,2045-01-12
PAY0187,Taylor Thomas,SAL0833,110.44,USD,2045-01-13
PAY0913,Quinn Smith,SAL0682,411.91,EUR,2045-01-14
PAY0898,Riley Jackson,SAL0628,1944.92,USD,2045-01-15
PAY0251,Jamie Moore,SAL0374,1979.9,EUR,2045-01-16
PAY0424,Quinn Smith,,1683.86,USD,2045-01-17
PAY0864,Casey Smith,SAL0117,621.03,USD,2045-01-18
PAY0199,Avery Wilson,SAL0001,976.95,EUR,2045-01-19
PAY0521,Robin Anderson,SAL0555,667.05,EUR,2045-01-20
PAY0094,Taylor Johnson,SAL0989,1348.46,EUR,2045-01-21
PAY0634,Taylor Anderson,SAL0879,1797.18,USD,2045-01-22
PAY0261,Taylor Davis,,1554.14,USD,2045-01-23
PAY0843,Quinn Brown,SAL0608,863.53,USD,2045-01-24
PAY0230,Robin Davis,SAL0308,970.09,EUR,2045-01-25
PAY0811,Riley Thomas,SAL0793,263.38,USD,2045-01-26
PAY0605,Morgan Anderson,SAL0909,1860.49,EUR,2045-01-27
PAY0565,Morgan Thomas,SAL0448,823.86,EUR,2045-01-28
PAY0316,Jordan Johnson,SAL0820,624.96,USD,2045-01-29
PAY0118,Avery Anderson,SAL0221,919.21,EUR,2045-01-30
PAY0104,Robin Jackson,SAL0382,1180.95,EUR,2045-01-31
PAY0122,Casey Smith,SAL0650,423.7,USD,2045-02-01
PAY0162,Robin Thomas,SAL0292,1863.44,EUR,2045-02-02
PAY0010,Jamie Moore,SAL0537,728.36,EUR,2045-02-03
PAY0431,Taylor Thomas,SAL0060,955.95,USD,2045-02-04
PAY0889,Casey Davis,SAL0084,1730.64,USD,2045-02-05
PAY0304,Taylor Smith,SAL0051,1738.25,USD,2045-02-06
PAY0755,Jamie Davis,SAL0614,1460.47,USD,2045-02-07
PAY0605,Morgan Anderson,SAL0909,1026.46,EUR,2045-02-08
PAY0866,Jordan Smith,,472.83,USD,2045-02-09
PAY0484,Alex Jackson,SAL0838,1796.62,EUR,2045-02-10
PAY0717,Alex Brown,SAL0491,849.24,EUR,2045-02-11
PAY0336,Jordan Moore,SAL0417,154.33,EUR,2045-02-12
PAY0405,Casey Davis,,545.62,USD,2045-02-13
PAY0228,Riley Brown,SAL0327,1011.2,USD,2045-02-14
PAY0583,Avery Brown,SAL0108,452.28,USD,2045-02-15
PAY0198,Riley Anderson,,931.27,USD,2045-02-16
PAY0674,Morgan Moore,SAL0827,1068.58,USD,2045-02-17
PAY0441,Jordan Brown,SAL0622,526.56,EUR,2045-02-18
PAY0958,Jordan Thomas,SAL0800,1912.29,EUR,2045-02-19
PAY0199,Avery Wilson,SAL0001,1160.99,EUR,2045-02-20
PAY0968,Robin Wilson,SAL0898,827.68,USD,2045-02-21
PAY0691,Taylor Jackson,SAL0751,1648.81,USD,2045-02-22
PAY0840,Avery Smith,SAL0512,871.23,EUR,2045-02-23
PAY0082,Jordan Wilson,SAL0414,640.77,USD,2045-02-24
PAY0979,Alex Wilson,SAL0289,1997.2,EUR,2045-02-25
PAY0115,Riley Johnson,SAL0641,1888.13,USD,2045-02-26
PAY0716,Taylor Jackson,,297.51,USD,2045-02-27
PAY0511,Taylor Taylor,SAL0499,1497.57,USD,2045-02-28
PAY0237,Alex Thomas,,830.65,USD,2045-03-01
PAY0898,Riley Jackson,SAL0628,728.03,EUR,2045-03-02
PAY0021,Morgan Brown,SAL0695,1842.73,EUR,2045-03-03
PAY0747,Casey Johnson,SAL0368,1698.73,EUR,2045-03-04
PAY0044,Jamie Brown,SAL0762,417.23,USD,2045-03-05
PAY0172,Quinn Smith,SAL0931,1739.08,EUR,2045-03-06
PAY0569,Jamie Moore,SAL0996,680.98,EUR,2045-03-07
PAY0870,Casey Wilson,SAL0362,465.73,USD,2045-03-08
PAY0739,Quinn Davis,SAL0112,616.67,EUR,2045-03-09
PAY0902,Jordan Anderson,SAL0983,255.11,USD,2045-03-10
PAY0634,Taylor Anderson,SAL0879,1703.27,USD,2045-03-11
PAY0185,Morgan Johnson,SAL0916,1174.38,EUR,2045-03-12
PAY0423,Casey Davis,,267.38,USD,2045-03-13
PAY0068,Riley Taylor,SAL0381,1406.22,EUR,2045-03-14
PAY0291,Morgan Johnson,SAL0180,602.79,EUR,2045-03-15
PAY0389,Alex Wilson,SAL0091,571.56,USD,2045-03-16
PAY0469,Casey Smith,SAL0960,1323.41,EUR,2045-03-17
PAY0233,Jordan Thomas,SAL0273,117.14,EUR,2045-03-18
PAY0981,Casey Johnson,SAL0807,1680.4,EUR,2045-03-19
PAY0385,Alex Wilson,SAL0239,1626.87,EUR,2045-03-20
PAY0974,Jordan Brown,SAL0845,545.52,USD,2045-03-21
PAY0503,Robin Johnson,SAL0127,86.16,USD,2045-03-22
PAY0671,Riley Johnson,SAL0177,1136.17,EUR,2045-03-23
PAY0563,Taylor Moore,SAL0213,1259.3,USD,2045-03-24
PAY0436,Jamie Taylor,SAL0693,1586.29,EUR,2045-03-25
PAY0126,Robin Davis,SAL0982,1847.32,USD,2045-03-26
PAY0481,Quinn Thomas,SAL0005,921.48,USD,2045-03-27
PAY0581,Taylor Thomas,SAL0549,823.62,USD,2045-03-28
PAY0240,Taylor Jackson,SAL0644,1288.46,USD,2045-03-29
PAY0340,Avery Davis,SAL0209,1289.12,USD,2045-03-30
PAY0599,Quinn Brown,SAL0182,1634.37,EUR,2045-03-31
PAY0294,Casey Thomas,SAL0071,1309.86,USD,2045-04-01
PAY0116,Avery Johnson,SAL0333,1503.0,USD,2045-04-02
PAY0493,Jordan Taylor,SAL0320,1536.17,USD,2045-04-03
PAY0799,Alex Thomas,SAL0215,1876.27,EUR,2045-04-04
PAY0983,Robin Jackson,SAL0867,1568.09,USD,2045-04-05
PAY0965,Jamie Brown,SAL0666,692.18,EUR,2045-04-06
PAY0012,Taylor Brown,SAL0676,1657.9,USD,2045-04-07
PAY0972,Riley Smith,SAL0426,1525.5,EUR,2045-04-08
PAY0753,Casey Brown,SAL0044,947.96,USD,2045-04-09
PAY0306,Jamie Davis,SAL0934,419.49,USD,2045-04-10
PAY0333,Avery Taylor,SAL0660,417.83,USD,2045-04-11
PAY0928,Morgan Davis,,1414.1,EUR,2045-04-12
PAY0150,Quinn Jackson,SAL0279,1796.99,USD,2045-04-13
PAY0965,Jamie Brown,SAL0666,117.64,USD,2045-04-14
PAY0676,Alex Johnson,SAL0791,770.75,EUR,2045-04-15
PAY0163,Avery Wilson,SAL0280,610.6,EUR,2045-04-16
PAY0930,Taylor Johnson,SAL0771,1992.93,USD,2045-04-17
PAY0704,Robin Johnson,,1907.03,USD,2045-04-18
PAY0319,Riley Anderson,SAL0822,749.84,EUR,2045-04-19
PAY0856,Alex Smith,SAL0303,486.29,EUR,2045-04-20
PAY0800,Jordan Wilson,SAL0562,461.17,EUR,2045-04-21
PAY0070,Riley Brown,SAL0004,1457.24,USD,2045-04-22
PAY0499,Morgan Moore,SAL0743,1813.73,USD,2045-04-23
PAY0347,Robin Jackson,SAL0065,675.21,USD,2045-04-24
PAY0653,Morgan Thomas,SAL0646,516.79,USD,2045-04-25
PAY0029,Taylor Johnson,SAL0118,689.94,EUR,2045-04-26
PAY0750,Taylor Jackson,SAL0045,397.33,EUR,2045-04-27
PAY0021,Morgan Brown,SAL0695,1911.62,EUR,2045-04-28
PAY0057,Jamie Johnson,SAL0620,461.7,USD,2045-04-29
PAY0852,Jordan Smith,SAL0887,115.09,EUR,2045-04-30
PAY0172,Quinn Smith,SAL0931,677.42,EUR,2045-05-01
PAY0137,Jamie Anderson,SAL0477,643.59,USD,2045-05-02
PAY0431,Taylor Thomas,SAL0060,1951.14,EUR,2045-05-03
PAY0586,Riley Anderson,SAL0713,1255.04,USD,2045-05-04
PAY0465,Quinn Davis,SAL0741,1640.73,USD,2045-05-05
PAY0565,Morgan Thomas,SAL0448,1055.94,USD,2045-05-06
PAY0068,Riley Taylor,SAL0381,1267.96,USD,2045-05-07
PAY0104,Robin Jackson,SAL0382,576.42,USD,2045-05-08
PAY0395,Quinn Smith,,1294.0,EUR,2045-05-09
PAY0194,Taylor Taylor,SAL0154,290.44,USD,2045-05-10
PAY0093,Riley Thomas,SAL0075,1358.73,EUR,2045-05-11
PAY0964,Jamie Smith,SAL0162,764.18,EUR,2045-05-12
PAY0024,Avery Taylor,SAL0598,1968.21,USD,2045-05-13
PAY0603,Casey Anderson,SAL0274,744.35,USD,2045-05-14
PAY0698,Riley Wilson,SAL0602,1460.91,USD,2045-05-15
PAY0643,Casey Johnson,SAL0232,1133.04,USD,2045-05-16
PAY0359,Jordan Thomas,SAL0104,1059.08,EUR,2045-05-17
PAY0043,Jamie Davis,SAL0302,1825.86,EUR,2045-05-18
PAY0411,Alex Smith,SAL0657,1129.0,USD,2045-05-19
PAY0955,Jordan Taylor,SAL0388,1485.83,USD,2045-05-20
PAY0899,Avery Davis,SAL0852,1551.78,USD,2045-05-21
PAY0091,Jamie Jackson,SAL0318,1499.83,EUR,2045-05-22
PAY0023,Quinn Smith,SAL0883,861.38,EUR,2045-05-23
PAY0726,Quinn Anderson,,833.1,USD,2045-05-24
PAY0589,Avery Taylor,SAL0113,1974.49,EUR,2045-05-25
PAY0719,Taylor Moore,SAL0510,1201.05,EUR,2045-05-26
PAY0953,Riley Jackson,SAL0831,527.56,USD,2045-05-27
PAY0114,Robin Anderson,SAL0266,1386.1,USD,2045-05-28
PAY0251,Jamie Moore,SAL0374,1946.43,USD,2045-05-29
PAY0955,Jordan Taylor,SAL0388,1165.86,USD,2045-05-30
PAY0690,Taylor Thomas,SAL0305,1099.98,USD,2045-05-31
PAY0622,Robin Jackson,SAL0485,1970.68,EUR,2045-06-01
PAY0314,Morgan Anderson,,330.57,USD,2045-06-02
PAY0448,Riley Johnson,SAL0730,1948.86,EUR,2045-06-03
PAY0127,Alex Jackson,SAL0563,576.53,EUR,2045-06-04
PAY0664,Taylor Smith,SAL0936,1589.21,EUR,2045-06-05
PAY0661,Quinn Moore,,690.53,USD,2045-06-06
PAY0772,Jamie Thomas,SAL0674,703.81,USD,2045-06-07
PAY0162,Robin Thomas,SAL0292,1289.68,USD,2045-06-08
PAY0290,Jamie Johnson,SAL0540,1817.72,USD,2045-06-09
PAY0028,Jordan Smith,SAL0115,1634.77,USD,2045-06-10
PAY0288,Jordan Anderson,SAL0742,1951.84,EUR,2045-06-11
PAY0442,Taylor Johnson,SAL0359,1158.32,EUR,2045-06-12
PAY0862,Riley Brown,SAL0192,591.47,EUR,2045-06-13
PAY0749,Jordan Brown,SAL0494,1997.85,USD,2045-06-14
PAY0862,Riley Brown,,624.13,USD,2045-06-15
PAY0430,Avery Anderson,SAL0250,158.29,EUR,2045-06-16
PAY0384,Taylor Johnson,SAL0109,1396.49,EUR,2045-06-17
PAY0861,Alex Thomas,SAL0177,1149.75,USD,2045-06-18
PAY0641,Casey Brown,SAL0826,1309.68,EUR,2045-06-19
PAY0130,Alex Brown,SAL0552,523.33,USD,2045-06-20
PAY0817,Avery Thomas,SAL0363,1273.96,EUR,2045-06-21
PAY0563,Taylor Moore,SAL0213,1276.84,USD,2045-06-22
PAY0797,Jamie Moore,SAL0875,1163.28,EUR,2045-06-23
PAY0255,Jamie Anderson,SAL0825,895.12,EUR,2045-06-24
PAY0597,Jamie Smith,,145.6,USD,2045-06-25
PAY0922,Jamie Taylor,SAL0711,621.13,EUR,2045-06-26
PAY0939,Taylor Anderson,SAL0912,1265.38,EUR,2045-06-27
PAY0521,Robin Anderson,SAL0555,1477.0,EUR,2045-06-28
PAY0242,Robin Anderson,SAL0583,86.91,USD,2045-06-29
PAY0844,Robin Johnson,SAL0665,312.38,EUR,2045-06-30
PAY0038,Taylor Thomas,SAL0633,425.21,USD,2045-07-01
PAY0646,Jamie Wilson,SAL0123,1490.03,USD,2045-07-02
PAY0057,Jamie Johnson,SAL0620,1351.8,USD,2045-07-03
PAY0210,Riley Moore,SAL0599,394.92,EUR,2045-07-04
PAY0900,Robin Brown,SAL0376,767.86,EUR,2045-07-05
PAY0570,Quinn Moore,,262.26,USD,2045-07-06
PAY0296,Robin Taylor,SAL0593,1019.66,USD,2045-07-07
PAY0539,Jamie Wilson,SAL0647,988.0,EUR,2045-07-08
PAY0096,Quinn Thomas,SAL0339,805.19,USD,2045-07-09
PAY0128,Jamie Johnson,SAL0405,127.75,USD,2045-07-10
PAY0987,Jamie Moore,SAL0574,532.63,EUR,2045-07-11
PAY0755,Jamie Davis,SAL0644,756.33,EUR,2045-07-12
PAY0951,Quinn Davis,SAL0430,1845.23,EUR,2045-07-13
PAY0993,Robin Moore,SAL0888,762.67,USD,2045-07-14
PAY0685,Riley Thomas,SAL0744,1885.87,USD,2045-07-15
PAY0437,Alex Taylor,SAL0442,221.64,USD,2045-07-16
PAY0353,Alex Brown,SAL0222,580.12,EUR,2045-07-17
PAY0953,Riley Jackson,SAL0831,1643.19,USD,2045-07-18
PAY0226,Casey Brown,SAL0963,1448.23,USD,2045-07-19
PAY0155,Quinn Smith,SAL0145,1677.12,EUR,2045-07-20
PAY0147,Jordan Thomas,,1338.07,EUR,2045-07-21
PAY0114,Robin Anderson,SAL0266,1799.23,USD,2045-07-22
PAY0225,Jordan Anderson,SAL0331,1306.5,EUR,2045-07-23
PAY0333,Avery Taylor,SAL0660,1142.29,EUR,2045-07-24
PAY0729,Jamie Taylor,SAL0330,1348.85,EUR,2045-07-25
PAY0756,Alex Thomas,SAL0200,1165.73,USD,2045-07-26
PAY0259,Riley Wilson,SAL0951,534.05,USD,2045-07-27
PAY0855,Alex Moore,SAL0130,1717.26,EUR,2045-07-28
PAY0005,Jordan Davis,SAL0462,1099.55,EUR,2045-07-29
PAY0630,Alex Taylor,SAL0167,942.58,EUR,2045-07-30
PAY0501,Casey Thomas,SAL0425,161.87,USD,2045-07-31
PAY0064,Alex Wilson,SAL0497,1793.55,USD,2045-08-01
PAY0511,Taylor Taylor,SAL0499,717.9,USD,2045-08-02
PAY0238,Avery Smith,SAL0271,1179.77,USD,2045-08-03
PAY0762,Alex Davis,,1516.45,EUR,2045-08-04
PAY0059,Casey Jackson,SAL0746,1275.28,EUR,2045-08-05
PAY0383,Taylor Davis,SAL0726,1787.54,EUR,2045-08-06
PAY0476,Jamie Taylor,SAL0300,1718.66,EUR,2045-08-07
PAY0513,Quinn Brown,SAL0254,1658.52,USD,2045-08-08
PAY0087,Morgan Jackson,SAL0632,928.05,EUR,2045-08-09
PAY0446,Quinn Thomas,SAL0590,1940.06,USD,2045-08-10
PAY0498,Casey Anderson,SAL0199,1927.29,EUR,2045-08-11
PAY0331,Morgan Wilson,SAL0039,1669.91,EUR,2045-08-12
PAY0995,Riley Brown,SAL0365,771.89,USD,2045-08-13
PAY0265,Riley Johnson,SAL0736,1505.32,EUR,2045-08-14
PAY0407,Jamie Thomas,SAL0529,1433.56,EUR,2045-08-15
PAY0479,Jordan Jackson,SAL0675,460.52,EUR,2045-08-16
PAY0952,Jamie Thomas,SAL0877,1431.74,EUR,2045-08-17
PAY0212,Jamie Johnson,SAL0195,715.85,USD,2045-08-18
PAY0400,Riley Moore,SAL0812,363.07,EUR,2045-08-19
PAY0648,Quinn Smith,,1406.27,USD,2045-08-20
PAY0913,Quinn Smith,SAL0682,1360.89,EUR,2045-08-21
PAY0792,Taylor Jackson,SAL0939,1183.08,EUR,2045-08-22
PAY0116,Avery Johnson,,1768.73,EUR,2045-08-23
PAY0213,Morgan Jackson,SAL0102,849.01,EUR,2045-08-24
PAY0665,Robin Wilson,SAL0943,1586.52,USD,2045-08-25
PAY0284,Casey Moore,SAL0220,1756.52,EUR,2045-08-26
PAY0146,Alex Moore,SAL0164,1552.03,EUR,2045-08-27
PAY0180,Riley Taylor,SAL0619,160.43,EUR,2045-08-28
PAY0843,Quinn Brown,SAL0608,250.09,EUR,2045-08-29
PAY0566,Taylor Johnson,SAL0005,1572.81,EUR,2045-08-30
PAY0893,Riley Davis,SAL0472,869.15,EUR,2045-08-31
PAY0073,Alex Smith,SAL0941,267.81,USD,2045-09-01
PAY0106,Avery Moore,SAL0012,700.66,EUR,2045-09-02
PAY0856,Alex Smith,SAL0303,393.07,USD,2045-09-03
PAY0653,Morgan Thomas,SAL0646,729.93,EUR,2045-09-04
PAY0162,Robin Thomas,SAL0292,1043.77,USD,2045-09-05
PAY0180,Riley Taylor,SAL0189,91.21,USD,2045-09-06
PAY0328,Riley Moore,SAL0769,1658.41,USD,2045-09-07
PAY0940,Morgan Jackson,,501.81,EUR,2045-09-08
PAY0909,Jordan Thomas,SAL0364,1527.89,EUR,2045-09-09
PAY0698,Riley Wilson,,57.37,EUR,2045-09-10
PAY0545,Casey Smith,,1819.87,USD,2045-09-11
PAY0764,Casey Davis,SAL0684,1166.11,EUR,2045-09-12
PAY0647,Avery Davis,SAL0642,532.19,USD,2045-09-13
PAY0084,Alex Davis,SAL0415,1987.32,USD,2045-09-14
PAY0124,Morgan Taylor,SAL0268,730.31,USD,2045-09-15
PAY0723,Jordan Anderson,SAL0925,417.7,USD,2045-09-16
PAY0684,Jamie Taylor,SAL0796,1985.92,EUR,2045-09-17
PAY0322,Riley Wilson,SAL0398,1310.29,EUR,2045-09-18
PAY0628,Jamie Johnson,SAL0184,1858.0,USD,2045-09-19
PAY0254,Quinn Taylor,SAL0659,989.26,EUR,2045-09-20
PAY0335,Riley Taylor,SAL0083,634.82,USD,2045-09-21
PAY0166,Riley Anderson,,647.66,EUR,2045-09-22
PAY0861,Alex Thomas,SAL0765,1641.77,USD,2045-09-23
PAY0611,Avery Johnson,SAL0340,316.45,USD,2045-09-24
PAY0248,Riley Moore,SAL0128,1637.34,EUR,2045-09-25
PAY0663,Jordan Taylor,SAL0465,1690.8,EUR,2045-09-26
PAY0395,Quinn Smith,SAL0025,1253.91,USD,2045-09-27
PAY0786,Alex Smith,SAL0191,645.2,USD,2045-09-28
PAY0165,Alex Wilson,SAL0775,1910.63,EUR,2045-09-29
PAY0433,Taylor Thomas,SAL0393,1775.85,EUR,2045-09-30
PAY0121,Alex Moore,SAL0345,384.36,EUR,2045-10-01
PAY0374,Jordan Smith,SAL0683,986.25,EUR,2045-10-02
PAY0696,Jamie Jackson,SAL0126,1252.32,USD,2045-10-03
PAY0418,Riley Wilson,SAL0397,1424.67,USD,2045-10-04
PAY0937,Morgan Brown,SAL0980,1599.04,EUR,2045-10-05
PAY0047,Jamie Taylor,SAL0977,245.65,EUR,2045-10-06
PAY0385,Alex Wilson,SAL0239,1051.9,USD,2045-10-07
PAY0811,Riley Thomas,SAL0793,201.11,USD,2045-10-08
PAY0616,Morgan Wilson,SAL0227,184.67,EUR,2045-10-09
PAY0929,Jordan Davis,,939.96,USD,2045-10-10
PAY0774,Morgan Brown,SAL0059,1850.17,EUR,2045-10-11
PAY0245,Avery Thomas,SAL0520,747.33,USD,2045-10-12
PAY0868,Avery Thomas,SAL0069,457.6,USD,2045-10-13
PAY0024,Avery Taylor,SAL0598,271.91,EUR,2045-10-14
PAY0115,Riley Johnson,SAL0641,913.69,USD,2045-10-15
PAY0633,Riley Davis,,476.85,USD,2045-10-16
PAY0726,Quinn Anderson,SAL0125,1445.86,EUR,2045-10-17
PAY0306,Jamie Davis,SAL0934,1815.12,EUR,2045-10-18
PAY0843,Quinn Brown,SAL0608,1024.35,USD,2045-10-19
PAY0439,Taylor Taylor,SAL0816,1869.82,EUR,2045-10-20
PAY0659,Quinn Wilson,SAL0846,1675.94,EUR,2045-10-21
PAY0750,Taylor Jackson,SAL0045,212.68,USD,2045-10-22
PAY0156,Avery Wilson,SAL0225,385.02,USD,2045-10-23
PAY0163,Avery Wilson,SAL0280,1713.04,USD,2045-10-24
PAY0926,Robin Jackson,,559.1,USD,2045-10-25
PAY0483,Alex Wilson,,793.47,EUR,2045-10-26
PAY0899,Avery Davis,SAL0852,1856.75,USD,2045-10-27
PAY0067,Avery Smith,SAL0370,1717.59,EUR,2045-10-28
PAY0670,Quinn Taylor,SAL0781,130.78,EUR,2045-10-29
PAY0199,Avery Wilson,SAL0285,1668.6,USD,2045-10-30
PAY0088,Avery Jackson,SAL0310,640.52,USD,2045-10-31
PAY0034,Riley Jackson,SAL0514,522.73,USD,2045-11-01
PAY0694,Casey Thomas,SAL0451,689.56,EUR,2045-11-02
PAY0045,Avery Brown,,842.16,USD,2045-11-03
PAY0415,Avery Thomas,SAL0375,584.36,EUR,2045-11-04
PAY0033,Jamie Jackson,SAL0277,863.42,EUR,2045-11-05
PAY0964,Jamie Smith,SAL0639,1787.36,EUR,2045-11-06
PAY0278,Riley Jackson,,66.05,EUR,2045-11-07
PAY0892,Quinn Wilson,,1736.58,USD,2045-11-08
PAY0649,Avery Moore,SAL0424,1505.02,EUR,2045-11-09
PAY0507,Avery Taylor,SAL0033,1009.45,EUR,2045-11-10
PAY0221,Jordan Davis,SAL0843,360.75,EUR,2045-11-11
PAY0920,Avery Smith,SAL0920,1145.43,USD,2045-11-12
PAY0369,Avery Wilson,SAL0032,1134.86,USD,2045-11-13
PAY0881,Jordan Taylor,SAL0913,1732.48,EUR,2045-11-14
PAY0582,Jamie Smith,SAL0551,382.29,EUR,2045-11-15
PAY0607,Robin Jackson,SAL0076,1917.07,USD,2045-11-16
PAY0657,Alex Moore,SAL0859,228.25,EUR,2045-11-17
PAY0034,Riley Jackson,SAL0514,317.93,EUR,2045-11-18
PAY0197,Quinn Jackson,SAL0090,1012.69,USD,2045-11-19
PAY0061,Taylor Thomas,SAL0281,725.77,USD,2045-11-20
PAY0808,Casey Jackson,SAL0964,904.6,EUR,2045-11-21
PAY0023,Quinn Smith,,1044.2,EUR,2045-11-22
PAY0951,Quinn Davis,SAL0430,172.4,USD,2045-11-23
PAY0699,Morgan Anderson,SAL0447,1952.91,USD,2045-11-24
PAY0750,Taylor Jackson,SAL0045,886.89,USD,2045-11-25
PAY0899,Avery Davis,SAL0852,751.9,EUR,2045-11-26
PAY0232,Robin Wilson,SAL0190,1509.06,EUR,2045-11-27
PAY0459,Quinn Jackson,SAL0504,1382.18,EUR,2045-11-28
PAY0651,Jamie Jackson,SAL0705,212.9,USD,2045-11-29
PAY0040,Riley Johnson,SAL0029,77.11,EUR,2045-11-30
PAY0941,Jordan Moore,SAL0973,1498.05,USD,2045-12-01
PAY0495,Morgan Johnson,SAL0298,972.84,EUR,2045-12-02
PAY0548,Casey Jackson,SAL0790,767.06,EUR,2045-12-03
PAY0128,Jamie Johnson,SAL0344,884.39,EUR,2045-12-04
PAY0322,Riley Wilson,SAL0398,884.35,USD,2045-12-05
PAY0560,Morgan Jackson,SAL0560,360.68,USD,2045-12-06
PAY0940,Morgan Jackson,SAL0079,1193.08,USD,2045-12-07
PAY0364,Robin Taylor,,1288.43,USD,2045-12-08
PAY0805,Morgan Moore,,1906.51,EUR,2045-12-09
PAY0735,Jordan Smith,SAL0240,432.74,EUR,2045-12-10
PAY0499,Morgan Moore,SAL0683,1391.83,USD,2045-12-11
PAY0453,Riley Taylor,SAL0565,1206.37,EUR,2045-12-12
PAY0588,Riley Smith,SAL0634,1274.7,EUR,2045-12-13
PAY0189,Jamie Thomas,SAL0413,1102.02,USD,2045-12-14
PAY0193,Morgan Thomas,SAL0171,1522.92,USD,2045-12-15
PAY0752,Morgan Davis,SAL0473,237.27,USD,2045-12-16
PAY0478,Robin Wilson,SAL0850,340.01,EUR,2045-12-17
PAY0841,Casey Smith,SAL0018,186.23,EUR,2045-12-18
PAY0270,Jamie Taylor,SAL0965,142.17,EUR,2045-12-19
PAY0416,Jordan Thomas,SAL0043,491.65,EUR,2045-12-20
PAY0545,Casey Smith,SAL0309,1775.75,USD,2045-12-21
PAY0610,Alex Taylor,SAL0938,1803.07,USD,2045-12-22
PAY0222,Taylor Moore,SAL0568,1966.0,EUR,2045-12-23
PAY0933,Robin Wilson,SAL0615,1726.32,USD,2045-12-24
PAY0995,Riley Brown,SAL0365,1572.07,USD,2045-12-25
PAY0294,Casey Thomas,SAL0071,1001.94,USD,2045-12-26
PAY0152,Quinn Johnson,SAL0401,396.69,EUR,2045-12-27
PAY0661,Quinn Moore,SAL0162,1831.73,EUR,2045-12-28
PAY0257,Taylor Moore,SAL0976,906.43,EUR,2045-12-29
PAY0645,Casey Johnson,,1139.75,USD,2045-12-30
PAY0354,Casey Taylor,SAL0100,440.17,EUR,2045-12-31
PAY0730,Quinn Taylor,SAL0235,1297.46,EUR,2046-01-01
PAY0161,Avery Jackson,SAL0256,1054.78,USD,2046-01-02
PAY0959,Casey Taylor,,1911.58,USD,2046-01-03
PAY0744,Taylor Moore,SAL0176,1418.05,EUR,2046-01-04
PAY0752,Morgan Davis,SAL0473,52.56,EUR,2046-01-05
PAY0076,Taylor Wilson,SAL0940,1152.2,USD,2046-01-06
PAY0383,Taylor Davis,SAL0726,60.36,EUR,2046-01-07
PAY0730,Quinn Taylor,SAL0484,1289.13,EUR,2046-01-08
PAY0636,Robin Jackson,SAL0463,562.47,USD,2046-01-09
PAY0325,Morgan Johnson,SAL0526,1175.05,USD,2046-01-10
PAY0862,Riley Brown,SAL0192,768.24,USD,2046-01-11
PAY0910,Quinn Davis,SAL0521,1846.21,USD,2046-01-12
PAY0488,Robin Johnson,SAL0948,1265.21,EUR,2046-01-13
PAY0554,Morgan Anderson,,990.28,USD,2046-01-14
PAY0123,Morgan Johnson,SAL0596,649.54,EUR,2046-01-15
PAY0160,Robin Brown,,684.73,USD,2046-01-16
PAY0768,Jamie Smith,SAL0402,486.21,USD,2046-01-17
PAY0917,Morgan Moore,SAL0911,1095.68,USD,2046-01-18
PAY0534,Jordan Moore,SAL0782,159.37,USD,2046-01-19
PAY0894,Jordan Anderson,SAL0990,207.21,EUR,2046-01-20
PAY0796,Avery Moore,SAL0601,1533.5,EUR,2046-01-21
PAY0840,Avery Smith,SAL0512,456.12,USD,2046-01-22
PAY0481,Quinn Thomas,SAL0005,221.2,USD,2046-01-23
PAY0612,Casey Thomas,SAL0040,614.51,USD,2046-01-24
PAY0011,Jamie Thomas,SAL0321,1658.39,EUR,2046-01-25
PAY0539,Jamie Wilson,SAL0647,1483.2,EUR,2046-01-26
PAY0822,Alex Jackson,SAL0605,1227.23,USD,2046-01-27
PAY0342,Alex Thomas,SAL0236,843.97,USD,2046-01-28
PAY0089,Casey Taylor,SAL0863,1164.9,EUR,2046-01-29
PAY0588,Riley Smith,SAL0374,1682.86,USD,2046-01-30
PAY0739,Quinn Davis,SAL0112,770.78,USD,2046-01-31
PAY0730,Quinn Taylor,SAL0553,765.59,USD,2046-02-01
PAY0785,Casey Jackson,SAL0580,207.86,EUR,2046-02-02
PAY0283,Taylor Davis,SAL0578,980.5,EUR,2046-02-03
PAY0743,Riley Thomas,SAL0061,660.23,USD,2046-02-04
PAY0878,Jordan Brown,SAL0210,1178.27,USD,2046-02-05
PAY0429,Jordan Jackson,SAL0586,883.67,USD,2046-02-06
PAY0467,Jordan Anderson,SAL0739,1491.51,EUR,2046-02-07
PAY0411,Alex Smith,SAL0657,1594.79,EUR,2046-02-08
PAY0507,Avery Taylor,,278.81,USD,2046-02-09
PAY0911,Riley Johnson,SAL0700,1984.85,EUR,2046-02-10
PAY0142,Casey Brown,SAL0690,1323.52,USD,2046-02-11
PAY0977,Alex Jackson,SAL0371,1178.93,EUR,2046-02-12
PAY0597,Jamie Smith,SAL0972,1363.89,USD,2046-02-13
PAY0604,Morgan Davis,SAL0530,353.53,USD,2046-02-14
PAY0332,Quinn Johnson,SAL0953,1060.39,USD,2046-02-15
PAY0480,Avery Brown,SAL0193,57.93,USD,2046-02-16
PAY0560,Morgan Jackson,SAL0560,1441.73,USD,2046-02-17
PAY0562,Robin Smith,SAL0773,97.29,EUR,2046-02-18
PAY0513,Quinn Brown,SAL0254,899.26,EUR,2046-02-19
PAY0007,Avery Brown,SAL0449,128.2,EUR,2046-02-20
PAY0931,Casey Taylor,SAL0312,1489.53,EUR,2046-02-21
PAY0675,Jamie Thomas,SAL0431,1231.65,EUR,2046-02-22
PAY0229,Jordan Johnson,,746.0,EUR,2046-02-23
PAY0286,Jordan Davis,SAL0846,1131.77,USD,2046-02-24
PAY0454,Morgan Thomas,SAL0955,947.77,USD,2046-02-25
PAY0839,Riley Wilson,SAL0169,380.97,EUR,2046-02-26
PAY0527,Taylor Taylor,SAL0081,960.09,USD,2046-02-27
PAY0736,Quinn Anderson,SAL0561,253.41,EUR,2046-02-28
PAY0799,Alex Thomas,SAL0215,1078.43,USD,2046-03-01
PAY0014,Alex Wilson,SAL0183,1764.75,EUR,2046-03-02
PAY0144,Casey Wilson,SAL0928,1774.22,EUR,2046-03-03
PAY0284,Casey Moore,SAL0220,1820.74,USD,2046-03-04
PAY0615,Casey Thomas,SAL0002,1196.59,EUR,2046-03-05
PAY0868,Avery Thomas,SAL0069,385.12,EUR,2046-03-06
PAY0572,Taylor Jackson,,95.31,USD,2046-03-07
PAY0712,Taylor Smith,SAL0842,355.73,EUR,2046-03-08
PAY0867,Taylor Johnson,SAL0649,1583.05,EUR,2046-03-09
PAY0182,Taylor Smith,SAL0788,1137.34,USD,2046-03-10
PAY0295,Jamie Jackson,,1254.71,EUR,2046-03-11
PAY0420,Morgan Smith,SAL0571,1821.24,EUR,2046-03-12
PAY0694,Casey Thomas,SAL0451,1648.85,EUR,2046-03-13
PAY0020,Quinn Moore,SAL0717,425.18,EUR,2046-03-14
PAY0246,Riley Moore,SAL0975,785.44,EUR,2046-03-15
PAY0446,Quinn Thomas,SAL0590,804.43,USD,2046-03-16
PAY0858,Riley Davis,SAL0780,1991.86,USD,2046-03-17
PAY0300,Quinn Moore,SAL0421,1467.9,EUR,2046-03-18
PAY0240,Taylor Jackson,SAL0644,1774.08,EUR,2046-03-19
PAY0735,Jordan Smith,SAL0240,1298.67,EUR,2046-03-20
PAY0964,Jamie Smith,SAL0639,1420.28,EUR,2046-03-21
PAY0296,Robin Taylor,SAL0593,702.13,USD,2046-03-22
PAY0526,Riley Jackson,SAL0165,1483.16,EUR,2046-03-23
PAY0547,Quinn Smith,,1583.71,EUR,2046-03-24
PAY0720,Jamie Smith,SAL0558,508.12,EUR,2046-03-25
PAY0542,Avery Anderson,SAL0065,1646.17,USD,2046-03-26
PAY0272,Robin Anderson,SAL0367,806.01,USD,2046-03-27
PAY0002,Casey Smith,SAL0438,587.31,EUR,2046-03-28
PAY0391,Taylor Davis,SAL0179,1953.26,USD,2046-03-29
PAY0630,Alex Taylor,SAL0167,126.09,EUR,2046-03-30
PAY0113,Riley Moore,SAL0068,1079.36,USD,2046-03-31
PAY0070,Riley Brown,SAL0004,584.77,EUR,2046-04-01
PAY0394,Taylor Moore,SAL0390,274.11,EUR,2046-04-02
PAY0891,Avery Brown,SAL0216,803.08,USD,2046-04-03
PAY0955,Jordan Taylor,SAL0388,1046.45,EUR,2046-04-04
PAY0050,Alex Thomas,SAL0656,294.17,EUR,2046-04-05
PAY0908,Quinn Thomas,SAL0738,562.97,EUR,2046-04-06
PAY0867,Taylor Johnson,SAL0649,398.38,USD,2046-04-07
PAY0446,Quinn Thomas,SAL0590,1966.22,EUR,2046-04-08
PAY0639,Jordan Johnson,SAL0013,895.24,USD,2046-04-09
PAY0583,Avery Brown,SAL0108,493.95,USD,2046-04-10
PAY0582,Jamie Smith,,843.95,USD,2046-04-11
PAY0446,Quinn Thomas,SAL0590,1616.8,EUR,2046-04-12
PAY0998,Jamie Johnson,SAL0893,1768.29,EUR,2046-04-13
PAY0131,Jordan Wilson,SAL0870,414.1,EUR,2046-04-14
PAY0097,Robin Jackson,SAL0203,491.98,EUR,2046-04-15
PAY0751,Quinn Jackson,SAL0548,1131.55,EUR,2046-04-16
PAY0590,Robin Thomas,SAL0380,204.44,EUR,2046-04-17
PAY0277,Avery Wilson,SAL0026,850.32,EUR,2046-04-18
PAY0295,Jamie Jackson,SAL0244,1312.68,USD,2046-04-19
PAY0983,Robin Jackson,SAL0867,1652.75,EUR,2046-04-20
PAY0847,Riley Anderson,SAL0038,1664.51,EUR,2046-04-21
PAY0551,Morgan Moore,SAL0645,120.71,USD,2046-04-22
PAY0893,Riley Davis,SAL0472,887.89,EUR,2046-04-23
PAY0529,Morgan Smith,SAL0482,680.0,EUR,2046-04-24
PAY0929,Jordan Davis,SAL0801,125.55,USD,2046-04-25
PAY0164,Jamie Moore,SAL0009,574.09,EUR,2046-04-26
PAY0164,Jamie Moore,SAL0009,1007.28,EUR,2046-04-27
PAY0766,Casey Jackson,SAL0497,354.73,USD,2046-04-28
PAY0372,Jordan Brown,SAL0704,1651.62,USD,2046-04-29
PAY0977,Alex Jackson,SAL0371,1162.69,EUR,2046-04-30
PAY0888,Alex Johnson,SAL0313,1023.2,USD,2046-05-01
PAY0729,Jamie Taylor,SAL0330,778.36,EUR,2046-05-02
PAY0204,Casey Davis,SAL0498,1511.49,USD,2046-05-03
PAY0643,Casey Johnson,SAL0232,837.83,USD,2046-05-04
PAY0619,Taylor Johnson,SAL0819,466.13,EUR,2046-05-05
PAY0958,Jordan Thomas,SAL0800,115.37,USD,2046-05-06
PAY0152,Quinn Johnson,,1958.55,EUR,2046-05-07
PAY0944,Jordan Thomas,,654.72,EUR,2046-05-08
PAY0272,Robin Anderson,SAL0367,323.29,EUR,2046-05-09
PAY0093,Riley Thomas,SAL0581,1702.37,USD,2046-05-10
PAY0796,Avery Moore,,1707.06,USD,2046-05-11
PAY0506,Casey Wilson,SAL0984,356.08,EUR,2046-05-12
PAY0405,Casey Davis,SAL0217,1448.25,EUR,2046-05-13
PAY0291,Morgan Johnson,SAL0180,1805.51,EUR,2046-05-14
PAY0523,Morgan Johnson,SAL0752,1490.61,USD,2046-05-15
PAY0403,Jamie Wilson,SAL0932,721.32,EUR,2046-05-16
PAY0563,Taylor Moore,SAL0213,1579.86,USD,2046-05-17
PAY0605,Morgan Anderson,SAL0909,1731.35,EUR,2046-05-18
PAY0043,Jamie Davis,SAL0471,500.43,USD,2046-05-19
PAY0777,Robin Wilson,SAL0974,1921.12,EUR,2046-05-20
PAY0217,Robin Jackson,SAL0714,1560.35,USD,2046-05-21
PAY0411,Alex Smith,SAL0657,333.69,EUR,2046-05-22
PAY0985,Casey Moore,SAL0954,885.75,EUR,2046-05-23
PAY0993,Robin Moore,SAL0888,1762.4,USD,2046-05-24
PAY0972,Riley Smith,SAL0426,936.12,EUR,2046-05-25
PAY0954,Alex Anderson,SAL0886,584.2,EUR,2046-05-26
PAY0087,Morgan Jackson,SAL0632,1044.37,EUR,2046-05-27
PAY0479,Jordan Jackson,SAL0675,928.83,USD,2046-05-28
PAY0544,Casey Johnson,SAL0985,912.47,EUR,2046-05-29
PAY0370,Morgan Jackson,SAL0678,1040.33,USD,2046-05-30
PAY0072,Taylor Brown,SAL0314,305.71,USD,2046-05-31
PAY0778,Jordan Moore,SAL0784,1036.54,EUR,2046-06-01
PAY0557,Jordan Brown,SAL0427,1843.57,USD,2046-06-02
PAY0793,Quinn Davis,SAL0524,53.44,EUR,2046-06-03
PAY0715,Riley Wilson,SAL0377,222.76,EUR,2046-06-04
PAY0818,Quinn Taylor,SAL0021,1789.86,EUR,2046-06-05
PAY0538,Quinn Smith,SAL0862,1988.11,USD,2046-06-06
PAY0539,Jamie Wilson,SAL0647,158.95,EUR,2046-06-07
PAY0462,Riley Thomas,SAL0878,89.21,USD,2046-06-08
PAY0347,Robin Jackson,SAL0642,1202.3,EUR,2046-06-09
PAY0246,Riley Moore,,1511.56,EUR,2046-06-10
PAY0236,Jordan Smith,SAL0668,1497.73,USD,2046-06-11
PAY0375,Casey Davis,SAL0572,290.85,USD,2046-06-12
PAY0145,Morgan Davis,SAL0823,189.18,EUR,2046-06-13
PAY0864,Casey Smith,SAL0117,1945.64,USD,2046-06-14
PAY0010,Jamie Moore,SAL0537,1016.78,USD,2046-06-15
PAY0943,Quinn Jackson,SAL0667,938.67,EUR,2046-06-16
PAY0395,Quinn Smith,,99.02,EUR,2046-06-17
PAY0058,Casey Jackson,SAL0994,1295.0,USD,2046-06-18
PAY0965,Jamie Brown,SAL0666,915.38,USD,2046-06-19
PAY0466,Jamie Johnson,SAL0866,1753.37,USD,2046-06-20
PAY0805,Morgan Moore,,348.2,EUR,2046-06-21
PAY0114,Robin Anderson,SAL0266,1490.49,USD,2046-06-22
PAY0992,Robin Thomas,SAL0378,1497.87,USD,2046-06-23
PAY0301,Taylor Taylor,SAL0335,1014.53,EUR,2046-06-24
PAY0447,Casey Smith,SAL0070,1259.62,EUR,2046-06-25
PAY0878,Jordan Brown,SAL0210,1153.14,USD,2046-06-26
PAY0886,Riley Thomas,SAL0729,590.37,USD,2046-06-27
PAY0531,Taylor Taylor,SAL0208,1363.57,EUR,2046-06-28
PAY0464,Riley Taylor,SAL0987,1158.96,USD,2046-06-29
PAY0795,Quinn Brown,SAL0195,1229.15,USD,2046-06-30
PAY0459,Quinn Jackson,SAL0504,665.58,EUR,2046-07-01
PAY0749,Jordan Brown,SAL0494,1711.91,EUR,2046-07-02
PAY0217,Robin Jackson,SAL0714,696.41,USD,2046-07-03
PAY0593,Jordan Thomas,SAL0326,1953.24,EUR,2046-07-04
PAY0593,Jordan Thomas,,1596.31,USD,2046-07-05
PAY0930,Taylor Johnson,SAL0771,1798.65,USD,2046-07-06
PAY0032,Riley Johnson,SAL0708,234.8,EUR,2046-07-07
PAY0022,Avery Wilson,SAL0749,327.87,USD,2046-07-08
PAY0153,Avery Brown,SAL0753,1022.49,EUR,2046-07-09
PAY0635,Taylor Anderson,SAL0530,1147.95,EUR,2046-07-10
PAY0818,Quinn Taylor,,285.22,USD,2046-07-11
PAY0294,Casey Thomas,SAL0071,1800.08,USD,2046-07-12
PAY0052,Taylor Johnson,SAL0146,236.33,USD,2046-07-13
PAY0308,Casey Wilson,SAL0403,1017.09,EUR,2046-07-14
PAY0057,Jamie Johnson,SAL0620,1473.86,EUR,2046-07-15
PAY0533,Alex Thomas,SAL0884,1432.39,EUR,2046-07-16
PAY0144,Casey Wilson,SAL0928,415.25,EUR,2046-07-17
PAY0381,Avery Davis,SAL0264,977.67,USD,2046-07-18
PAY0870,Casey Wilson,,728.43,EUR,2046-07-19
PAY0658,Morgan Johnson,SAL0120,1009.4,USD,2046-07-20
PAY0777,Robin Wilson,SAL0974,425.99,USD,2046-07-21
PAY0940,Morgan Jackson,SAL0079,539.64,EUR,2046-07-22
PAY0787,Quinn Brown,SAL0332,1427.64,EUR,2046-07-23
PAY0709,Avery Johnson,SAL0786,1373.14,EUR,2046-07-24
PAY0724,Taylor Brown,,444.89,EUR,2046-07-25
PAY0628,Jamie Johnson,SAL0075,1867.77,USD,2046-07-26
PAY0771,Jamie Davis,SAL0476,1346.42,EUR,2046-07-27
PAY0385,Alex Wilson,SAL0239,1290.52,EUR,2046-07-28
PAY0684,Jamie Taylor,SAL0796,674.96,USD,2046-07-29
PAY0472,Riley Davis,SAL0420,222.91,USD,2046-07-30
PAY0493,Jordan Taylor,SAL0320,1323.41,EUR,2046-07-31
PAY0314,Morgan Anderson,SAL0921,742.5,USD,2046-08-01
PAY0168,Jordan Wilson,SAL0896,857.79,USD,2046-08-02
PAY0737,Jamie Taylor,SAL0152,945.28,EUR,2046-08-03
PAY0828,Jamie Moore,SAL0710,699.14,EUR,2046-08-04
PAY0368,Jamie Thomas,SAL0175,208.29,USD,2046-08-05
PAY0193,Morgan Thomas,SAL0171,934.52,EUR,2046-08-06
PAY0211,Morgan Thomas,SAL0287,1302.68,EUR,2046-08-07
PAY0024,Avery Taylor,SAL0598,425.53,USD,2046-08-08
PAY0586,Riley Anderson,SAL0713,1949.6,USD,2046-08-09
PAY0012,Taylor Brown,SAL0676,894.78,EUR,2046-08-10
PAY0222,Taylor Moore,,520.54,USD,2046-08-11
PAY0714,Casey Brown,SAL0316,1751.28,USD,2046-08-12
PAY0123,Morgan Johnson,SAL0596,1291.11,EUR,2046-08-13
PAY0364,Robin Taylor,SAL0416,1674.53,USD,2046-08-14
PAY0618,Jamie Taylor,SAL0740,1680.9,USD,2046-08-15
PAY0923,Morgan Anderson,,1109.19,USD,2046-08-16
PAY0397,Robin Jackson,SAL0835,187.09,EUR,2046-08-17
PAY0416,Jordan Thomas,SAL0043,1872.38,EUR,2046-08-18
PAY0060,Jordan Taylor,SAL0814,267.53,USD,2046-08-19
PAY0729,Jamie Taylor,SAL0330,1227.61,USD,2046-08-20
PAY0636,Robin Jackson,SAL0463,696.74,USD,2046-08-21
PAY0799,Alex Thomas,SAL0215,1330.99,EUR,2046-08-22
PAY0739,Quinn Davis,,445.33,EUR,2046-08-23
PAY0715,Riley Wilson,SAL0377,1863.67,EUR,2046-08-24
PAY0564,Riley Taylor,SAL0629,578.73,EUR,2046-08-25
PAY0908,Quinn Thomas,SAL0738,1229.92,USD,2046-08-26
PAY0579,Riley Anderson,SAL0423,1005.67,EUR,2046-08-27
PAY0440,Alex Davis,SAL0800,1148.21,USD,2046-08-28
PAY0727,Avery Smith,SAL0891,729.02,EUR,2046-08-29
PAY0988,Jordan Anderson,SAL0435,1098.89,EUR,2046-08-30
PAY0883,Riley Taylor,SAL0147,1845.16,USD,2046-08-31
PAY0975,Riley Jackson,SAL0810,1751.78,USD,2046-09-01
PAY0747,Casey Johnson,SAL0368,1803.79,EUR,2046-09-02
PAY0124,Morgan Taylor,SAL0268,1976.58,USD,2046-09-03
PAY0203,Jamie Anderson,SAL0567,1534.14,USD,2046-09-04
PAY0452,Riley Moore,SAL0351,1332.84,USD,2046-09-05
PAY0578,Avery Anderson,SAL0361,1541.2,USD,2046-09-06
PAY0195,Avery Davis,SAL0245,1817.27,USD,2046-09-07
PAY0328,Riley Moore,SAL0769,1879.49,USD,2046-09-08
PAY0869,Alex Davis,SAL0873,869.27,EUR,2046-09-09
PAY0858,Riley Davis,SAL0780,1297.76,USD,2046-09-10
PAY0852,Jordan Smith,SAL0887,1161.62,USD,2046-09-11
PAY0079,Morgan Wilson,SAL0356,1602.8,USD,2046-09-12
PAY0343,Alex Johnson,SAL0721,760.93,USD,2046-09-13
PAY0630,Alex Taylor,SAL0167,1181.42,USD,2046-09-14
PAY0456,Robin Johnson,SAL0668,143.91,EUR,2046-09-15
PAY0634,Taylor Anderson,SAL0879,560.35,EUR,2046-09-16
PAY0747,Casey Johnson,SAL0368,690.79,USD,2046-09-17
PAY0333,Avery Taylor,SAL0660,1141.46,USD,2046-09-18
PAY0128,Jamie Johnson,SAL0344,1955.21,USD,2046-09-19
PAY0232,Robin Wilson,,155.98,EUR,2046-09-20
PAY0331,Morgan Wilson,SAL0039,874.35,USD,2046-09-21
PAY0328,Riley Moore,SAL0769,1727.26,EUR,2046-09-22
PAY0566,Taylor Johnson,SAL0550,1458.9,USD,2046-09-23
PAY0098,Morgan Smith,SAL0453,346.62,EUR,2046-09-24
PAY0479,Jordan Jackson,SAL0675,1782.72,EUR,2046-09-25
PAY0193,Morgan Thomas,SAL0171,1493.74,EUR,2046-09-26
PAY0136,Quinn Wilson,SAL0278,72.72,EUR,2046-09-27
PAY0433,Taylor Thomas,SAL0393,1951.19,EUR,2046-09-28
PAY0427,Robin Smith,SAL0653,1997.01,USD,2046-09-29
PAY0438,Morgan Brown,SAL0768,762.73,EUR,2046-09-30
PAY0433,Taylor Thomas,SAL0393,1138.85,EUR,2046-10-01
PAY0942,Jamie Thomas,SAL0355,654.73,EUR,2046-10-02
PAY0053,Riley Wilson,SAL0420,564.74,USD,2046-10-03
PAY0810,Jamie Wilson,,1693.48,USD,2046-10-04
PAY0432,Quinn Moore,SAL0291,1218.21,USD,2046-10-05
PAY0189,Jamie Thomas,,1729.34,EUR,2046-10-06
PAY0523,Morgan Johnson,,1264.39,USD,2046-10-07
PAY0696,Jamie Jackson,SAL0126,1516.23,EUR,2046-10-08
PAY0141,Quinn Taylor,SAL0760,646.59,USD,2046-10-09
PAY0213,Morgan Jackson,SAL0102,1253.15,EUR,2046-10-10
PAY0273,Morgan Moore,SAL0733,1403.54,EUR,2046-10-11
PAY0151,Avery Anderson,SAL0067,520.03,USD,2046-10-12
PAY0859,Avery Davis,SAL0329,1722.5,EUR,2046-10-13
PAY0569,Jamie Moore,SAL0996,244.32,EUR,2046-10-14
PAY0833,Casey Thomas,SAL0624,1264.0,EUR,2046-10-15
PAY0949,Alex Anderson,SAL0088,1816.04,USD,2046-10-16
PAY0318,Quinn Moore,SAL0392,1528.28,EUR,2046-10-17
PAY0911,Riley Johnson,SAL0700,1799.59,EUR,2046-10-18
PAY0618,Jamie Taylor,SAL0740,337.05,USD,2046-10-19
PAY0311,Taylor Jackson,SAL0505,1490.59,EUR,2046-10-20
PAY0992,Robin Thomas,,1173.4,EUR,2046-10-21
PAY0324,Avery Wilson,SAL0036,1125.83,EUR,2046-10-22
PAY0168,Jordan Wilson,SAL0896,87.06,EUR,2046-10-23
PAY0600,Jordan Johnson,,1554.03,USD,2046-10-24
PAY0815,Jordan Jackson,SAL0028,1061.12,EUR,2046-10-25
PAY0933,Robin Wilson,,360.51,EUR,2046-10-26
PAY0356,Casey Davis,SAL0536,1067.06,USD,2046-10-27
PAY0032,Riley Johnson,SAL0326,931.02,EUR,2046-10-28
PAY0048,Taylor Jackson,SAL0010,1297.6,EUR,2046-10-29
PAY0797,Jamie Moore,SAL0875,1070.97,EUR,2046-10-30
PAY0687,Avery Brown,SAL0522,1369.05,EUR,2046-10-31
PAY0109,Avery Wilson,SAL0148,1428.13,USD,2046-11-01
PAY0168,Jordan Wilson,SAL0896,1705.92,USD,2046-11-02
PAY0607,Robin Jackson,SAL0076,314.57,EUR,2046-11-03
PAY0819,Alex Moore,SAL0383,636.44,USD,2046-11-04
PAY0109,Avery Wilson,SAL0148,1889.1,EUR,2046-11-05
PAY0461,Riley Johnson,SAL0296,1411.03,EUR,2046-11-06
PAY0493,Jordan Taylor,SAL0320,510.92,EUR,2046-11-07
PAY0396,Jordan Thomas,SAL0211,971.45,USD,2046-11-08
PAY0943,Quinn Jackson,SAL0667,1706.0,USD,2046-11-09
PAY0101,Casey Moore,SAL0883,1187.48,USD,2046-11-10
PAY0908,Quinn Thomas,SAL0738,1326.7,USD,2046-11-11
PAY0701,Riley Johnson,SAL0214,1612.05,EUR,2046-11-12
PAY0319,Riley Anderson,SAL0822,1697.82,EUR,2046-11-13
PAY0936,Riley Anderson,SAL0119,1622.55,EUR,2046-11-14
PAY0718,Jordan Jackson,SAL0609,1857.18,USD,2046-11-15
PAY0975,Riley Jackson,SAL0183,1106.22,USD,2046-11-16
PAY0334,Robin Thomas,SAL0881,549.96,EUR,2046-11-17
PAY0613,Jamie Johnson,SAL0685,1153.27,EUR,2046-11-18
PAY0707,Morgan Brown,SAL0186,922.76,EUR,2046-11-19
PAY0040,Riley Johnson,,1162.09,USD,2046-11-20
PAY0624,Casey Anderson,SAL0008,194.77,EUR,2046-11-21
PAY0679,Robin Davis,SAL0410,1061.46,USD,2046-11-22
PAY0623,Quinn Wilson,SAL0694,334.12,EUR,2046-11-23
PAY0965,Jamie Brown,SAL0367,995.25,EUR,2046-11-24
PAY0579,Riley Anderson,SAL0423,161.6,EUR,2046-11-25
PAY0975,Riley Jackson,SAL0810,752.57,EUR,2046-11-26
PAY0906,Riley Anderson,SAL0020,859.58,USD,2046-11-27
PAY0527,Taylor Taylor,SAL0632,1183.48,EUR,2046-11-28
PAY0851,Taylor Brown,SAL0607,377.82,USD,2046-11-29
PAY0327,Robin Taylor,SAL0024,1053.12,EUR,2046-11-30
PAY0435,Avery Brown,SAL0600,228.94,USD,2046-12-01
PAY0232,Robin Wilson,SAL0190,1501.88,USD,2046-12-02
PAY0644,Morgan Johnson,SAL0299,1570.92,EUR,2046-12-03
PAY0803,Taylor Taylor,SAL0205,700.7,EUR,2046-12-04
PAY0585,Jamie Wilson,,1614.33,EUR,2046-12-05
PAY0829,Riley Anderson,SAL0626,436.89,EUR,2046-12-06
PAY0941,Jordan Moore,SAL0973,1013.98,EUR,2046-12-07
PAY0817,Avery Thomas,SAL0341,1140.18,USD,2046-12-08
PAY0090,Taylor Thomas,SAL0253,1195.31,USD,2046-12-09
PAY0514,Robin Johnson,SAL0677,1789.22,USD,2046-12-10
PAY0733,Riley Johnson,SAL0097,1161.49,EUR,2046-12-11
PAY0514,Robin Johnson,SAL0677,1446.14,EUR,2046-12-12
PAY0279,Jamie Smith,SAL0764,1134.47,USD,2046-12-13
PAY0399,Jordan Johnson,SAL0517,1506.4,EUR,2046-12-14
PAY0151,Avery Anderson,SAL0067,1441.13,USD,2046-12-15
PAY0369,Avery Wilson,,803.57,EUR,2046-12-16
PAY0382,Robin Moore,SAL0907,161.66,USD,2046-12-17
PAY0358,Quinn Jackson,SAL0373,1079.26,EUR,2046-12-18
PAY0328,Riley Moore,SAL0769,396.58,USD,2046-12-19
PAY0406,Morgan Wilson,SAL0584,663.69,USD,2046-12-20
PAY0039,Quinn Brown,SAL0915,1241.51,USD,2046-12-21
PAY0772,Jamie Thomas,SAL0153,1721.22,USD,2046-12-22
PAY0474,Robin Anderson,,934.38,EUR,2046-12-23
PAY0417,Riley Davis,SAL0790,68.88,EUR,2046-12-24
PAY0797,Jamie Moore,SAL0875,1948.47,USD,2046-12-25
PAY0962,Riley Brown,,402.7,EUR,2046-12-26
PAY0574,Casey Wilson,SAL0111,1292.6,USD,2046-12-27
PAY0826,Jamie Taylor,SAL0086,196.57,EUR,2046-12-28
PAY0773,Taylor Johnson,SAL0163,1708.61,USD,2046-12-29
PAY0562,Robin Smith,,195.76,EUR,2046-12-30
PAY0132,Jamie Thomas,SAL0440,1737.35,USD,2046-12-31
PAY0011,Jamie Thomas,SAL0321,957.58,USD,2047-01-01
PAY1000,Avery Davis,SAL0073,1283.9,EUR,2047-01-02
PAY0821,Morgan Brown,SAL0853,1164.25,USD,2047-01-03
PAY0297,Casey Wilson,SAL0935,1386.13,EUR,2047-01-04
PAY0125,Taylor Anderson,SAL0041,103.08,EUR,2047-01-05
PAY0995,Riley Brown,,684.64,USD,2047-01-06
PAY0873,Jordan Thomas,SAL0585,786.84,USD,2047-01-07
PAY0979,Alex Wilson,SAL0289,1794.01,USD,2047-01-08
PAY0855,Alex Moore,SAL0130,453.53,USD,2047-01-09
PAY0016,Alex Wilson,SAL0942,445.88,USD,2047-01-10
PAY0233,Jordan Thomas,SAL0273,653.33,USD,2047-01-11
PAY0672,Jordan Wilson,SAL0207,868.23,EUR,2047-01-12
PAY0022,Avery Wilson,SAL0749,483.48,EUR,2047-01-13
PAY0112,Casey Brown,SAL0495,1907.73,EUR,2047-01-14
PAY0660,Riley Johnson,SAL0809,247.3,EUR,2047-01-15
PAY0143,Jordan Jackson,SAL0789,72.74,EUR,2047-01-16
PAY0717,Alex Brown,SAL0491,785.53,EUR,2047-01-17
PAY0666,Jordan Taylor,SAL0986,889.52,USD,2047-01-18
PAY0994,Alex Jackson,SAL0357,757.31,USD,2047-01-19
PAY0010,Jamie Moore,SAL0537,1284.59,EUR,2047-01-20
PAY0775,Casey Jackson,SAL0950,1447.39,EUR,2047-01-21
PAY0107,Alex Jackson,SAL0252,1303.52,USD,2047-01-22
PAY0576,Riley Jackson,SAL0152,1308.93,USD,2047-01-23
PAY0012,Taylor Brown,SAL0676,235.1,EUR,2047-01-24
PAY0309,Quinn Wilson,SAL0669,1866.07,USD,2047-01-25
PAY0286,Jordan Davis,SAL0846,1207.98,EUR,2047-01-26
PAY0769,Riley Johnson,,1939.62,USD,2047-01-27
PAY0307,Casey Johnson,SAL0603,1853.73,EUR,2047-01-28
PAY0342,Alex Thomas,SAL0236,1286.3,USD,2047-01-29
PAY0830,Taylor Wilson,SAL0469,813.33,USD,2047-01-30
PAY0561,Jamie Johnson,SAL0181,1819.58,EUR,2047-01-31
PAY0094,Taylor Johnson,,1364.04,EUR,2047-02-01
PAY0566,Taylor Johnson,SAL0550,1291.09,EUR,2047-02-02
PAY0978,Taylor Thomas,SAL0664,327.26,USD,2047-02-03
PAY0955,Jordan Taylor,SAL0388,206.65,USD,2047-02-04
PAY0551,Morgan Moore,SAL0645,1363.57,USD,2047-02-05
PAY0172,Quinn Smith,SAL0931,625.94,EUR,2047-02-06
PAY0670,Quinn Taylor,SAL0781,1929.46,EUR,2047-02-07
PAY0011,Jamie Thomas,SAL0321,903.79,EUR,2047-02-08
PAY0817,Avery Thomas,SAL0745,628.36,EUR,2047-02-09
PAY0832,Jordan Brown,SAL0643,149.3,USD,2047-02-10
PAY0899,Avery Davis,SAL0852,1451.85,EUR,2047-02-11
PAY0548,Casey Jackson,SAL0790,664.51,EUR,2047-02-12
PAY0274,Robin Anderson,SAL0716,321.05,EUR,2047-02-13
PAY0619,Taylor Johnson,SAL0085,124.14,USD,2047-02-14
PAY0237,Alex Thomas,SAL0944,680.63,USD,2047-02-15
PAY0463,Casey Taylor,SAL0054,629.4,USD,2047-02-16
PAY0526,Riley Jackson,SAL0165,61.76,EUR,2047-02-17
PAY0499,Morgan Moore,SAL0743,884.39,USD,2047-02-18
PAY0252,Robin Moore,SAL0998,679.85,USD,2047-02-19
PAY0986,Avery Brown,SAL0673,546.48,USD,2047-02-20
PAY0355,Casey Jackson,,1114.68,EUR,2047-02-21
PAY0746,Riley Thomas,,771.45,USD,2047-02-22
PAY0448,Riley Johnson,SAL0229,1247.42,EUR,2047-02-23
PAY0889,Casey Davis,SAL0084,371.21,USD,2047-02-24
PAY0248,Riley Moore,SAL0128,462.01,EUR,2047-02-25
PAY0059,Casey Jackson,SAL0746,1533.64,USD,2047-02-26
PAY0678,Robin Taylor,SAL0489,1338.87,EUR,2047-02-27
PAY0938,Alex Moore,SAL0610,1633.76,EUR,2047-02-28
PAY0254,Quinn Taylor,SAL0659,847.15,EUR,2047-03-01
PAY0792,Taylor Jackson,,1642.36,EUR,2047-03-02
PAY0792,Taylor Jackson,SAL0939,559.89,EUR,2047-03-03
PAY0251,Jamie Moore,SAL0374,1315.1,EUR,2047-03-04
PAY0822,Alex Jackson,SAL0605,1151.33,EUR,2047-03-05
PAY0924,Taylor Smith,SAL0050,1181.24,USD,2047-03-06
PAY0201,Avery Jackson,SAL0230,331.3,EUR,2047-03-07
PAY0801,Alex Smith,SAL0905,514.91,USD,2047-03-08
PAY0037,Avery Johnson,SAL0226,71.85,USD,2047-03-09
PAY0339,Alex Moore,SAL0868,1463.75,EUR,2047-03-10
PAY0900,Robin Brown,SAL0376,1096.61,USD,2047-03-11
PAY0992,Robin Thomas,SAL0378,1716.06,USD,2047-03-12
PAY0325,Morgan Johnson,SAL0526,1719.69,USD,2047-03-13
PAY0387,Robin Jackson,SAL0055,79.47,EUR,2047-03-14
PAY0837,Taylor Moore,SAL0490,1357.95,USD,2047-03-15
PAY0089,Casey Taylor,SAL0863,1807.45,EUR,2047-03-16
PAY0473,Quinn Wilson,SAL0072,1292.83,EUR,2047-03-17
PAY0445,Morgan Johnson,SAL0493,1407.3,USD,2047-03-18
PAY0840,Avery Smith,,1482.19,EUR,2047-03-19
PAY0870,Casey Wilson,SAL0362,248.02,EUR,2047-03-20
PAY0123,Morgan Johnson,SAL0596,621.81,EUR,2047-03-21
PAY0111,Avery Johnson,SAL0031,97.77,EUR,2047-03-22
PAY0327,Robin Taylor,SAL0024,653.34,EUR,2047-03-23
PAY0486,Taylor Taylor,SAL0619,1126.99,EUR,2047-03-24
PAY0227,Riley Thomas,SAL0528,1285.78,EUR,2047-03-25
PAY0877,Casey Davis,SAL0346,663.2,EUR,2047-03-26
PAY0036,Avery Brown,SAL0542,401.11,EUR,2047-03-27
PAY0312,Riley Johnson,SAL0422,475.96,EUR,2047-03-28
PAY0932,Alex Smith,SAL0196,133.64,USD,2047-03-29
PAY0913,Quinn Smith,SAL0682,847.69,EUR,2047-03-30
PAY0457,Alex Brown,SAL0576,1876.01,USD,2047-03-31
PAY0447,Casey Smith,SAL0070,91.06,EUR,2047-04-01
PAY0406,Morgan Wilson,SAL0584,499.82,EUR,2047-04-02
PAY0309,Quinn Wilson,SAL0794,217.41,EUR,2047-04-03
PAY0723,Jordan Anderson,SAL0925,1455.91,USD,2047-04-04
PAY0841,Casey Smith,SAL0018,64.5,EUR,2047-04-05
PAY0185,Morgan Johnson,SAL0916,1511.24,EUR,2047-04-06
PAY0510,Jordan Smith,SAL0750,951.87,USD,2047-04-07
PAY0853,Robin Brown,SAL0474,1990.83,USD,2047-04-08
PAY0637,Avery Anderson,SAL0590,1726.0,EUR,2047-04-09
PAY0032,Riley Johnson,SAL0708,1145.0,EUR,2047-04-10
PAY0834,Morgan Wilson,SAL0247,1997.67,EUR,2047-04-11
PAY0884,Jordan Jackson,SAL0703,918.21,EUR,2047-04-12
PAY0970,Casey Smith,,1592.73,USD,2047-04-13
PAY0905,Riley Thomas,SAL0984,597.11,EUR,2047-04-14
PAY0566,Taylor Johnson,SAL0067,645.37,USD,2047-04-15
PAY0569,Jamie Moore,SAL0996,823.03,EUR,2047-04-16
PAY0598,Jamie Thomas,SAL0854,501.22,USD,2047-04-17
PAY0075,Alex Moore,SAL0406,1781.62,EUR,2047-04-18
PAY0204,Casey Davis,SAL0498,292.92,EUR,2047-04-19
PAY0464,Riley Taylor,SAL0987,252.9,EUR,2047-04-20
PAY0848,Jamie Taylor,SAL0971,1082.55,USD,2047-04-21
PAY0935,Morgan Thomas,SAL0927,183.63,USD,2047-04-22
PAY0344,Robin Wilson,SAL0910,598.54,EUR,2047-04-23
PAY0620,Jordan Brown,SAL0224,1077.37,USD,2047-04-24
PAY0390,Jordan Davis,SAL0022,561.49,EUR,2047-04-25
PAY0966,Casey Wilson,SAL0553,474.18,EUR,2047-04-26
PAY0880,Taylor Johnson,SAL0613,1149.75,USD,2047-04-27
PAY0901,Casey Johnson,SAL0346,1826.25,USD,2047-04-28
PAY0015,Jamie Johnson,SAL0570,1501.63,USD,2047-04-29
PAY0803,Taylor Taylor,SAL0205,496.96,USD,2047-04-30
PAY0336,Jordan Moore,,207.77,EUR,2047-05-01
PAY0822,Alex Jackson,SAL0605,410.6,EUR,2047-05-02
PAY0548,Casey Jackson,SAL0790,843.89,USD,2047-05-03
PAY0590,Robin Thomas,SAL0380,1469.72,USD,2047-05-04
PAY0134,Robin Johnson,SAL0407,1000.4,USD,2047-05-05
PAY0453,Riley Taylor,SAL0565,1801.24,USD,2047-05-06
PAY0512,Riley Wilson,SAL0523,535.69,USD,2047-05-07
PAY0615,Casey Thomas,SAL0002,173.75,USD,2047-05-08
PAY0081,Morgan Thomas,SAL0460,656.27,EUR,2047-05-09
PAY0077,Robin Jackson,SAL0922,76.01,EUR,2047-05-10
PAY0380,Jordan Thomas,SAL0748,361.74,EUR,2047-05-11
PAY0952,Jamie Thomas,SAL0877,710.08,USD,2047-05-12
PAY0982,Alex Taylor,SAL0997,987.51,USD,2047-05-13
PAY0724,Taylor Brown,SAL0508,524.53,USD,2047-05-14
PAY0267,Robin Taylor,SAL0938,1816.13,USD,2047-05-15
PAY0846,Casey Jackson,SAL0795,1134.51,USD,2047-05-16
PAY0393,Jamie Wilson,SAL0991,923.67,USD,2047-05-17
PAY0326,Jamie Wilson,,537.36,EUR,2047-05-18
PAY0124,Morgan Taylor,SAL0268,1057.34,USD,2047-05-19
PAY0931,Casey Taylor,SAL0312,905.41,EUR,2047-05-20
PAY0442,Taylor Johnson,SAL0359,1726.63,USD,2047-05-21
PAY0334,Robin Thomas,SAL0881,1586.77,USD,2047-05-22
PAY0602,Robin Brown,SAL0824,1405.29,EUR,2047-05-23
PAY0130,Alex Brown,SAL0552,1173.21,EUR,2047-05-24
PAY0315,Casey Moore,SAL0857,1422.32,USD,2047-05-25
PAY0308,Casey Wilson,SAL0403,1990.89,EUR,2047-05-26
PAY0308,Casey Wilson,SAL0403,1734.75,USD,2047-05-27
PAY0504,Casey Wilson,SAL0808,868.67,EUR,2047-05-28
PAY0081,Morgan Thomas,SAL0460,692.97,USD,2047-05-29
PAY0522,Riley Johnson,SAL0892,1310.75,EUR,2047-05-30
PAY0590,Robin Thomas,,481.66,USD,2047-05-31
PAY0709,Avery Johnson,SAL0835,844.09,EUR,2047-06-01
PAY0381,Avery Davis,SAL0264,1758.21,EUR,2047-06-02
PAY0347,Robin Jackson,SAL0065,844.9,USD,2047-06-03
PAY0515,Robin Thomas,SAL0282,195.18,EUR,2047-06-04
PAY0903,Avery Wilson,SAL0092,477.64,EUR,2047-06-05
PAY0051,Avery Anderson,SAL0527,1367.14,EUR,2047-06-06
PAY0371,Jamie Brown,SAL0155,1573.06,EUR,2047-06-07
PAY0045,Avery Brown,SAL0011,933.13,EUR,2047-06-08
PAY0223,Morgan Davis,SAL0157,319.29,EUR,2047-06-09
PAY0553,Robin Taylor,SAL0360,857.3,USD,2047-06-10
PAY0933,Robin Wilson,SAL0615,1758.54,USD,2047-06-11
PAY0970,Casey Smith,SAL0518,1979.48,USD,2047-06-12
PAY0481,Quinn Thomas,SAL0005,682.57,USD,2047-06-13
PAY0391,Taylor Davis,,1298.84,USD,2047-06-14
PAY0177,Taylor Wilson,SAL0917,1058.22,EUR,2047-06-15
PAY0792,Taylor Jackson,SAL0640,1115.79,USD,2047-06-16
PAY0857,Robin Wilson,SAL0785,56.57,USD,2047-06-17
PAY0812,Casey Wilson,,1539.91,EUR,2047-06-18
PAY0626,Morgan Wilson,SAL0731,1466.16,USD,2047-06-19
PAY0114,Robin Anderson,SAL0327,225.55,USD,2047-06-20
PAY0441,Jordan Brown,,68.73,EUR,2047-06-21
PAY0506,Casey Wilson,SAL0724,1071.82,USD,2047-06-22
PAY0084,Alex Davis,SAL0415,1839.99,USD,2047-06-23
PAY0034,Riley Jackson,SAL0514,1029.75,USD,2047-06-24
PAY0353,Alex Brown,SAL0222,1263.84,USD,2047-06-25
PAY0145,Morgan Davis,SAL0823,765.93,EUR,2047-06-26
PAY0549,Jordan Taylor,SAL0450,1780.33,EUR,2047-06-27
PAY0650,Alex Johnson,SAL0170,672.72,EUR,2047-06-28
PAY0758,Riley Taylor,SAL0508,339.5,USD,2047-06-29
PAY0852,Jordan Smith,SAL0887,1349.3,USD,2047-06-30
PAY0684,Jamie Taylor,SAL0796,1749.32,EUR,2047-07-01
PAY0833,Casey Thomas,SAL0485,1070.57,EUR,2047-07-02
PAY0197,Quinn Jackson,SAL0090,62.93,USD,2047-07-03
PAY0269,Robin Johnson,SAL0617,277.05,USD,2047-07-04
PAY0869,Alex Davis,SAL0873,908.99,EUR,2047-07-05
PAY0923,Morgan Anderson,SAL0228,621.9,EUR,2047-07-06
PAY0143,Jordan Jackson,SAL0789,1200.25,USD,2047-07-07
PAY0419,Quinn Jackson,SAL0587,1396.42,EUR,2047-07-08
PAY0267,Robin Taylor,SAL0938,943.43,EUR,2047-07-09
PAY0345,Casey Brown,,1135.36,EUR,2047-07-10
PAY0982,Alex Taylor,SAL0997,91.72,USD,2047-07-11
PAY0865,Quinn Moore,SAL0908,356.93,EUR,2047-07-12
PAY0674,Morgan Moore,,898.71,EUR,2047-07-13
PAY0865,Quinn Moore,SAL0908,1423.2,USD,2047-07-14
PAY0041,Jamie Davis,SAL0434,1134.15,EUR,2047-07-15
PAY0058,Casey Jackson,SAL0994,426.28,USD,2047-07-16
PAY0699,Morgan Anderson,SAL0447,557.2,USD,2047-07-17
PAY0701,Riley Johnson,SAL0541,285.83,USD,2047-07-18
PAY0888,Alex Johnson,SAL0313,1738.59,USD,2047-07-19
PAY0812,Casey Wilson,SAL0003,1764.39,EUR,2047-07-20
PAY0942,Jamie Thomas,SAL0355,368.48,USD,2047-07-21
PAY0298,Quinn Jackson,SAL0302,694.2,EUR,2047-07-22
PAY0665,Robin Wilson,SAL0943,1843.41,EUR,2047-07-23
PAY0912,Jordan Smith,SAL0766,1574.2,EUR,2047-07-24
PAY0707,Morgan Brown,SAL0089,794.1,USD,2047-07-25
PAY0749,Jordan Brown,SAL0494,1733.86,USD,2047-07-26
PAY0998,Jamie Johnson,SAL0893,1377.97,USD,2047-07-27
PAY0427,Robin Smith,SAL0653,243.14,EUR,2047-07-28
PAY0788,Riley Thomas,SAL0251,790.31,EUR,2047-07-29
PAY0466,Jamie Johnson,SAL0866,1401.74,USD,2047-07-30
PAY0674,Morgan Moore,SAL0584,308.57,EUR,2047-07-31
PAY0869,Alex Davis,SAL0873,1199.24,EUR,2047-08-01
PAY0741,Quinn Davis,SAL0778,1964.52,USD,2047-08-02
PAY0632,Jordan Taylor,SAL0467,702.24,USD,2047-08-03
PAY0170,Jordan Smith,SAL0501,1267.93,EUR,2047-08-04
PAY0794,Casey Brown,,1855.24,USD,2047-08-05
PAY0749,Jordan Brown,SAL0494,837.18,EUR,2047-08-06
PAY0330,Robin Thomas,SAL0841,807.87,EUR,2047-08-07
PAY0070,Riley Brown,SAL0004,881.55,EUR,2047-08-08
PAY0848,Jamie Taylor,SAL0971,1543.72,EUR,2047-08-09
PAY0788,Riley Thomas,SAL0251,629.19,USD,2047-08-10
PAY0282,Quinn Jackson,SAL0627,1463.43,EUR,2047-08-11
PAY0047,Jamie Taylor,,1590.41,EUR,2047-08-12
PAY0957,Casey Johnson,SAL0604,153.93,USD,2047-08-13
PAY0537,Jordan Jackson,SAL0107,1466.37,EUR,2047-08-14
PAY0093,Riley Thomas,SAL0581,1223.06,EUR,2047-08-15
PAY0373,Casey Wilson,SAL0129,1121.73,EUR,2047-08-16
PAY0039,Quinn Brown,SAL0915,1961.28,USD,2047-08-17
PAY0623,Quinn Wilson,SAL0163,1605.8,USD,2047-08-18
PAY0127,Alex Jackson,SAL0563,1884.22,USD,2047-08-19
PAY0075,Alex Moore,,1901.8,USD,2047-08-20
PAY0794,Casey Brown,SAL0966,1321.74,EUR,2047-08-21
PAY0268,Robin Thomas,SAL0589,50.83,EUR,2047-08-22
PAY0447,Casey Smith,SAL0070,1172.65,USD,2047-08-23
PAY0471,Casey Thomas,SAL0618,388.02,EUR,2047-08-24
PAY0592,Morgan Brown,SAL0937,1243.32,EUR,2047-08-25
PAY0323,Avery Jackson,SAL0923,1369.18,EUR,2047-08-26
PAY0576,Riley Jackson,SAL0769,1965.73,EUR,2047-08-27
PAY0372,Jordan Brown,SAL0704,842.35,EUR,2047-08-28
PAY0617,Quinn Johnson,SAL0212,186.5,USD,2047-08-29
PAY0988,Jordan Anderson,,454.88,USD,2047-08-30
PAY0445,Morgan Johnson,SAL0493,1501.23,EUR,2047-08-31
PAY0402,Taylor Jackson,SAL0342,1249.2,EUR,2047-09-01
PAY0388,Quinn Johnson,SAL0262,834.68,EUR,2047-09-02
PAY0616,Morgan Wilson,,998.7,USD,2047-09-03
PAY0641,Casey Brown,SAL0826,629.04,USD,2047-09-04
PAY0803,Taylor Taylor,SAL0205,706.15,USD,2047-09-05
PAY0588,Riley Smith,SAL0634,791.57,USD,2047-09-06
PAY0113,Riley Moore,SAL0068,1703.3,USD,2047-09-07
PAY0673,Taylor Brown,SAL0899,1798.63,USD,2047-09-08
PAY0142,Casey Brown,SAL0690,1364.51,USD,2047-09-09
PAY0020,Quinn Moore,SAL0717,1724.06,EUR,2047-09-10
PAY0680,Taylor Moore,SAL0194,828.8,EUR,2047-09-11
PAY0647,Avery Davis,SAL0642,124.78,USD,2047-09-12
PAY0986,Avery Brown,SAL0673,224.47,EUR,2047-09-13
PAY0536,Morgan Taylor,SAL0761,1901.71,USD,2047-09-14
PAY0769,Riley Johnson,SAL0456,687.76,EUR,2047-09-15
PAY0084,Alex Davis,SAL0415,875.15,EUR,2047-09-16
PAY0678,Robin Taylor,SAL0489,1631.05,EUR,2047-09-17
PAY0788,Riley Thomas,SAL0251,1691.75,USD,2047-09-18
PAY0460,Jordan Davis,SAL0767,1666.48,EUR,2047-09-19
PAY0458,Jordan Johnson,SAL0755,1813.79,USD,2047-09-20
PAY0798,Robin Davis,SAL0606,1603.22,EUR,2047-09-21
PAY0438,Morgan Brown,SAL0768,857.63,USD,2047-09-22
PAY0635,Taylor Anderson,SAL0806,759.8,EUR,2047-09-23
PAY0477,Jamie Wilson,SAL0719,201.74,EUR,2047-09-24
PAY0441,Jordan Brown,SAL0462,1762.42,EUR,2047-09-25
PAY0782,Casey Brown,SAL0334,1294.96,EUR,2047-09-26
PAY0114,Robin Anderson,SAL0266,1287.35,EUR,2047-09-27
PAY0047,Jamie Taylor,SAL0977,887.5,USD,2047-09-28
PAY0245,Avery Thomas,SAL0520,170.03,EUR,2047-09-29
PAY0133,Jordan Taylor,SAL0124,1367.06,EUR,2047-09-30
PAY0196,Quinn Taylor,SAL0545,198.45,USD,2047-10-01
PAY0534,Jordan Moore,SAL0782,1223.15,EUR,2047-10-02
PAY0266,Casey Smith,SAL0894,712.32,EUR,2047-10-03
PAY0102,Riley Thomas,SAL0730,1444.41,EUR,2047-10-04
PAY0276,Quinn Thomas,SAL0544,1733.82,USD,2047-10-05
PAY0685,Riley Thomas,SAL0744,1679.59,USD,2047-10-06
PAY0542,Avery Anderson,SAL0663,1939.23,EUR,2047-10-07
PAY0644,Morgan Johnson,SAL0299,1491.0,EUR,2047-10-08
PAY0796,Avery Moore,,582.76,USD,2047-10-09
PAY0304,Taylor Smith,SAL0051,85.99,USD,2047-10-10
PAY0702,Jamie Johnson,SAL0718,724.25,EUR,2047-10-11
PAY0243,Riley Taylor,SAL0761,735.08,USD,2047-10-12
PAY0922,Jamie Taylor,SAL0711,1340.65,EUR,2047-10-13
PAY0046,Morgan Jackson,SAL0706,1575.4,EUR,2047-10-14
PAY0110,Casey Taylor,SAL0671,1296.4,USD,2047-10-15
PAY0359,Jordan Thomas,SAL0697,281.73,EUR,2047-10-16
PAY0038,Taylor Thomas,SAL0633,1539.45,EUR,2047-10-17
PAY0309,Quinn Wilson,SAL0794,82.03,EUR,2047-10-18
PAY0093,Riley Thomas,SAL0581,1189.69,USD,2047-10-19
PAY0455,Jamie Wilson,,460.87,EUR,2047-10-20
PAY0112,Casey Brown,SAL0495,970.74,EUR,2047-10-21
PAY0139,Robin Johnson,SAL0797,418.45,USD,2047-10-22
PAY0419,Quinn Jackson,SAL0587,579.56,USD,2047-10-23
PAY0468,Morgan Wilson,SAL0712,360.16,EUR,2047-10-24
PAY0284,Casey Moore,SAL0220,760.4,EUR,2047-10-25
PAY0677,Jamie Davis,SAL0243,1646.97,EUR,2047-10-26
PAY0345,Casey Brown,SAL0446,1603.48,EUR,2047-10-27
PAY0984,Casey Davis,SAL0814,1969.2,USD,2047-10-28
PAY0822,Alex Jackson,SAL0605,1557.12,USD,2047-10-29
PAY0717,Alex Brown,SAL0491,734.65,EUR,2047-10-30
PAY0866,Jordan Smith,,1084.97,USD,2047-10-31
PAY0340,Avery Davis,SAL0209,1717.98,EUR,2047-11-01
PAY0339,Alex Moore,SAL0868,1669.21,USD,2047-11-02
PAY0273,Morgan Moore,,73.63,USD,2047-11-03
PAY0040,Riley Johnson,SAL0029,1636.57,EUR,2047-11-04
PAY0332,Quinn Johnson,SAL0567,1475.92,EUR,2047-11-05
PAY0339,Alex Moore,SAL0868,868.13,EUR,2047-11-06
PAY0331,Morgan Wilson,,962.13,USD,2047-11-07
PAY0442,Taylor Johnson,SAL0359,1881.62,EUR,2047-11-08
PAY0321,Jamie Thomas,SAL0880,690.01,USD,2047-11-09
PAY0955,Jordan Taylor,,715.73,USD,2047-11-10
PAY0524,Casey Wilson,SAL0487,1793.72,USD,2047-11-11
PAY0812,Casey Wilson,SAL0003,1182.98,EUR,2047-11-12
PAY0939,Taylor Anderson,SAL0912,986.02,EUR,2047-11-13
PAY0182,Taylor Smith,SAL0788,340.64,EUR,2047-11-14
PAY0095,Jordan Smith,SAL0160,1380.03,USD,2047-11-15
PAY0876,Quinn Thomas,SAL0926,207.38,USD,2047-11-16
PAY0636,Robin Jackson,SAL0463,1526.72,EUR,2047-11-17
PAY0381,Avery Davis,SAL0264,1378.2,USD,2047-11-18
PAY0087,Morgan Jackson,SAL0632,1278.89,USD,2047-11-19
PAY0346,Casey Jackson,SAL0428,1564.42,EUR,2047-11-20
PAY0539,Jamie Wilson,SAL0647,992.66,USD,2047-11-21
PAY0618,Jamie Taylor,SAL0740,725.81,EUR,2047-11-22
PAY0446,Quinn Thomas,SAL0590,1977.86,USD,2047-11-23
PAY0255,Jamie Anderson,SAL0825,1385.15,USD,2047-11-24
PAY0432,Quinn Moore,SAL0291,1486.2,USD,2047-11-25
PAY0008,Quinn Davis,SAL0168,398.02,EUR,2047-11-26
PAY0101,Casey Moore,SAL0883,141.16,EUR,2047-11-27
PAY0027,Jordan Davis,SAL0636,1758.75,EUR,2047-11-28
PAY0977,Alex Jackson,SAL0371,786.69,EUR,2047-11-29
PAY0213,Morgan Jackson,SAL0102,238.02,EUR,2047-11-30
PAY0461,Riley Johnson,SAL0365,1982.96,EUR,2047-12-01
PAY0604,Morgan Davis,SAL0530,974.68,USD,2047-12-02
PAY0093,Riley Thomas,SAL0581,888.61,USD,2047-12-03
PAY0774,Morgan Brown,SAL0447,1086.69,USD,2047-12-04
PAY0194,Taylor Taylor,SAL0154,279.86,USD,2047-12-05
PAY0059,Casey Jackson,SAL0746,1032.38,EUR,2047-12-06
PAY0828,Jamie Moore,SAL0710,140.65,USD,2047-12-07
PAY0093,Riley Thomas,SAL0581,1482.96,EUR,2047-12-08
PAY0164,Jamie Moore,SAL0009,1372.11,EUR,2047-12-09
PAY0133,Jordan Taylor,SAL0124,1524.87,EUR,2047-12-10
PAY0087,Morgan Jackson,SAL0632,1476.43,EUR,2047-12-11
PAY0911,Riley Johnson,SAL0700,1284.8,EUR,2047-12-12
PAY0438,Morgan Brown,SAL0768,1675.24,USD,2047-12-13
PAY0836,Avery Moore,SAL0197,1256.79,USD,2047-12-14
PAY0774,Morgan Brown,SAL0777,600.59,EUR,2047-12-15
PAY0635,Taylor Anderson,SAL0806,133.82,USD,2047-12-16
PAY0934,Casey Thomas,SAL0525,565.9,USD,2047-12-17
PAY0602,Robin Brown,,1111.91,USD,2047-12-18
PAY0012,Taylor Brown,SAL0744,95.74,EUR,2047-12-19
PAY0472,Riley Davis,SAL0481,708.23,EUR,2047-12-20
PAY0296,Robin Taylor,SAL0593,1251.33,EUR,2047-12-21
PAY0663,Jordan Taylor,SAL0465,877.55,USD,2047-12-22
PAY0337,Taylor Brown,SAL0573,1714.86,USD,2047-12-23
PAY0956,Alex Anderson,SAL0166,152.76,EUR,2047-12-24
PAY0029,Taylor Johnson,SAL0118,1612.94,USD,2047-12-25
PAY0098,Morgan Smith,SAL0453,533.98,USD,2047-12-26
PAY0551,Morgan Moore,SAL0583,1894.69,EUR,2047-12-27
PAY0346,Casey Jackson,SAL0428,75.37,EUR,2047-12-28
PAY0068,Riley Taylor,SAL0381,374.22,EUR,2047-12-29
PAY0732,Morgan Anderson,,1419.07,USD,2047-12-30
PAY0284,Casey Moore,SAL0220,1666.42,EUR,2047-12-31
PAY0306,Jamie Davis,SAL0934,244.85,EUR,2048-01-01
PAY0062,Alex Jackson,SAL0114,256.12,USD,2048-01-02
PAY0529,Morgan Smith,SAL0482,935.06,EUR,2048-01-03
PAY0495,Morgan Johnson,SAL0298,766.53,USD,2048-01-04
PAY0876,Quinn Thomas,,443.85,EUR,2048-01-05
PAY0901,Casey Johnson,SAL0686,1541.42,EUR,2048-01-06
PAY0743,Riley Thomas,SAL0061,894.63,EUR,2048-01-07
PAY0895,Jamie Thomas,SAL0687,617.11,USD,2048-01-08
PAY0829,Riley Anderson,SAL0626,656.18,EUR,2048-01-09
PAY0515,Robin Thomas,SAL0282,1955.16,EUR,2048-01-10
PAY0395,Quinn Smith,SAL0025,1854.5,EUR,2048-01-11
PAY0672,Jordan Wilson,SAL0207,1667.77,EUR,2048-01-12
PAY0467,Jordan Anderson,SAL0739,802.21,USD,2048-01-13
PAY0470,Casey Anderson,SAL0995,535.85,EUR,2048-01-14
PAY0855,Alex Moore,SAL0130,566.82,USD,2048-01-15
PAY0243,Riley Taylor,SAL0306,1310.64,USD,2048-01-16
PAY0690,Taylor Thomas,SAL0144,199.52,USD,2048-01-17
PAY0737,Jamie Taylor,SAL0818,1351.49,USD,2048-01-18
PAY0470,Casey Anderson,,648.57,EUR,2048-01-19
PAY0686,Riley Moore,SAL0007,866.2,USD,2048-01-20
PAY0054,Morgan Jackson,SAL0142,1954.5,EUR,2048-01-21
PAY0656,Taylor Jackson,SAL0601,498.38,EUR,2048-01-22
PAY0457,Alex Brown,SAL0576,1525.69,USD,2048-01-23
PAY0587,Morgan Johnson,SAL0679,1539.69,USD,2048-01-24
PAY0043,Jamie Davis,SAL0471,846.83,USD,2048-01-25
PAY0035,Taylor Johnson,SAL0328,1942.24,USD,2048-01-26
PAY0291,Morgan Johnson,SAL0180,1067.85,EUR,2048-01-27
PAY0918,Jordan Taylor,SAL0532,1156.48,EUR,2048-01-28
PAY0397,Robin Jackson,SAL0835,169.41,EUR,2048-01-29
PAY0696,Jamie Jackson,SAL0126,1526.57,USD,2048-01-30
PAY0763,Taylor Wilson,SAL0640,1809.11,EUR,2048-01-31
PAY0006,Avery Moore,SAL0017,805.9,USD,2048-02-01
PAY0282,Quinn Jackson,SAL0627,615.95,USD,2048-02-02
PAY0945,Alex Moore,SAL0579,637.77,USD,2048-02-03
PAY0659,Quinn Wilson,,1472.27,EUR,2048-02-04
PAY0171,Riley Thomas,SAL0305,1294.87,EUR,2048-02-05
PAY0316,Jordan Johnson,SAL0820,1142.29,USD,2048-02-06
PAY0790,Avery Jackson,SAL0259,1076.12,USD,2048-02-07
PAY0314,Morgan Anderson,SAL0921,1816.27,USD,2048-02-08
PAY0122,Casey Smith,SAL0650,1066.36,USD,2048-02-09
PAY0108,Riley Smith,SAL0394,956.68,EUR,2048-02-10
PAY0798,Robin Davis,SAL0077,1605.05,EUR,2048-02-11
PAY0388,Quinn Johnson,SAL0262,559.41,EUR,2048-02-12
PAY0351,Riley Thomas,SAL0046,1707.07,USD,2048-02-13
PAY0892,Quinn Wilson,SAL0285,1056.29,EUR,2048-02-14
PAY0261,Taylor Davis,,1205.8,USD,2048-02-15
PAY0564,Riley Taylor,SAL0629,253.41,EUR,2048-02-16
PAY0102,Riley Thomas,SAL0730,1129.08,EUR,2048-02-17
PAY0229,Jordan Johnson,SAL0776,1437.8,EUR,2048-02-18
PAY0004,Morgan Anderson,SAL0519,1620.87,EUR,2048-02-19
PAY0706,Morgan Wilson,SAL0872,1076.76,USD,2048-02-20
PAY0757,Riley Smith,SAL0161,1092.63,EUR,2048-02-21
PAY0425,Quinn Wilson,SAL0654,536.96,USD,2048-02-22
PAY0428,Riley Moore,SAL0661,1094.76,USD,2048-02-23
PAY0622,Robin Jackson,SAL0485,1104.28,USD,2048-02-24
PAY0511,Taylor Taylor,SAL0499,609.53,USD,2048-02-25
PAY0078,Jamie Taylor,SAL0103,418.55,EUR,2048-02-26
PAY0925,Taylor Johnson,,1000.05,EUR,2048-02-27
PAY0630,Alex Taylor,SAL0167,560.99,USD,2048-02-28
PAY0500,Morgan Anderson,SAL0968,262.97,USD,2048-02-29
PAY0238,Avery Smith,SAL0271,483.66,USD,2048-03-01
PAY0675,Jamie Thomas,SAL0431,1647.75,USD,2048-03-02
PAY0015,Jamie Johnson,SAL0172,538.28,USD,2048-03-03
PAY0957,Casey Johnson,SAL0604,975.91,USD,2048-03-04
PAY0726,Quinn Anderson,SAL0125,254.96,EUR,2048-03-05
PAY0272,Robin Anderson,SAL0367,429.54,USD,2048-03-06
PAY0284,Casey Moore,SAL0220,929.24,EUR,2048-03-07
PAY0536,Morgan Taylor,SAL0761,1828.68,USD,2048-03-08
PAY0524,Casey Wilson,,1614.12,USD,2048-03-09
PAY0750,Taylor Jackson,SAL0045,1731.32,EUR,2048-03-10
PAY0310,Morgan Johnson,SAL0480,1539.5,EUR,2048-03-11
PAY0875,Morgan Moore,SAL0623,351.38,USD,2048-03-12
PAY0259,Riley Wilson,SAL0215,297.16,EUR,2048-03-13
PAY0805,Morgan Moore,,1934.04,USD,2048-03-14
PAY0977,Alex Jackson,SAL0371,1763.21,EUR,2048-03-15
PAY0639,Jordan Johnson,SAL0013,1975.72,USD,2048-03-16
PAY0059,Casey Jackson,SAL0746,1354.8,USD,2048-03-17
PAY0775,Casey Jackson,SAL0950,76.34,USD,2048-03-18
PAY0595,Jordan Anderson,SAL0134,430.48,USD,2048-03-19
PAY0474,Robin Anderson,,1071.59,EUR,2048-03-20
PAY0500,Morgan Anderson,SAL0968,1701.68,USD,2048-03-21
PAY0978,Taylor Thomas,SAL0664,935.89,USD,2048-03-22
PAY0343,Alex Johnson,SAL0721,1804.29,EUR,2048-03-23
PAY0340,Avery Davis,SAL0209,374.29,EUR,2048-03-24
PAY0994,Alex Jackson,SAL0357,376.3,EUR,2048-03-25
PAY0461,Riley Johnson,SAL0296,1956.86,USD,2048-03-26
PAY0684,Jamie Taylor,SAL0796,918.41,USD,2048-03-27
PAY0208,Alex Moore,SAL0929,1343.15,EUR,2048-03-28
PAY0649,Avery Moore,SAL0424,1139.28,USD,2048-03-29
PAY0632,Jordan Taylor,SAL0467,1188.32,EUR,2048-03-30
PAY0635,Taylor Anderson,SAL0806,1796.52,EUR,2048-03-31
PAY0281,Morgan Brown,SAL0198,681.42,USD,2048-04-01
PAY0635,Taylor Anderson,SAL0806,1559.04,USD,2048-04-02
PAY0125,Taylor Anderson,SAL0041,1705.9,EUR,2048-04-03
PAY0740,Riley Anderson,SAL0901,1055.15,USD,2048-04-04
PAY0510,Jordan Smith,SAL0750,1312.9,USD,2048-04-05
PAY0649,Avery Moore,SAL0424,1219.75,EUR,2048-04-06
PAY0374,Jordan Smith,SAL0683,763.07,USD,2048-04-07
PAY0490,Jordan Anderson,SAL0458,848.29,EUR,2048-04-08
PAY0724,Taylor Brown,SAL0914,1528.09,EUR,2048-04-09
PAY0156,Avery Wilson,SAL0225,689.1,USD,2048-04-10
PAY0571,Quinn Anderson,SAL0058,1211.81,USD,2048-04-11
PAY0401,Casey Wilson,SAL0956,1105.75,USD,2048-04-12
PAY0654,Robin Thomas,SAL0658,285.93,USD,2048-04-13
PAY0551,Morgan Moore,SAL0645,1056.37,EUR,2048-04-14
PAY0931,Casey Taylor,SAL0199,1691.25,USD,2048-04-15
PAY0108,Riley Smith,SAL0991,1570.73,EUR,2048-04-16
PAY0829,Riley Anderson,SAL0626,93.13,EUR,2048-04-17
PAY0117,Taylor Anderson,,158.82,USD,2048-04-18
PAY0341,Quinn Johnson,SAL0188,1161.2,EUR,2048-04-19
PAY0369,Avery Wilson,SAL0032,1537.25,EUR,2048-04-20
PAY0538,Quinn Smith,SAL0862,1332.31,USD,2048-04-21
PAY0419,Quinn Jackson,SAL0587,778.54,EUR,2048-04-22
PAY0274,Robin Anderson,SAL0716,1117.12,EUR,2048-04-23
PAY0095,Jordan Smith,SAL0160,52.8,EUR,2048-04-24
PAY0683,Robin Anderson,SAL0391,299.04,USD,2048-04-25
PAY0183,Riley Davis,SAL0534,1422.25,EUR,2048-04-26
PAY0350,Taylor Taylor,SAL0087,1580.21,USD,2048-04-27
PAY0149,Taylor Thomas,,1165.7,USD,2048-04-28
PAY0448,Riley Johnson,SAL0229,1813.09,EUR,2048-04-29
PAY0022,Avery Wilson,SAL0749,1261.91,EUR,2048-04-30
PAY0753,Casey Brown,,994.95,USD,2048-05-01
PAY0060,Jordan Taylor,,994.58,EUR,2048-05-02
PAY0694,Casey Thomas,SAL0451,1388.08,USD,2048-05-03
PAY0724,Taylor Brown,SAL0914,1096.36,USD,2048-05-04
PAY0656,Taylor Jackson,SAL0047,1579.59,USD,2048-05-05
PAY0469,Casey Smith,SAL0960,864.26,EUR,2048-05-06
PAY0471,Casey Thomas,SAL0618,1552.13,USD,2048-05-07
PAY0327,Robin Taylor,SAL0024,1561.03,USD,2048-05-08
PAY0387,Robin Jackson,,80.05,EUR,2048-05-09
PAY0673,Taylor Brown,SAL0899,468.86,EUR,2048-05-10
PAY0579,Riley Anderson,SAL0423,415.11,EUR,2048-05-11
PAY0555,Taylor Johnson,,1468.95,EUR,2048-05-12
PAY0482,Jordan Johnson,SAL0267,1137.03,EUR,2048-05-13
PAY0884,Jordan Jackson,SAL0703,1463.2,EUR,2048-05-14
PAY0557,Jordan Brown,SAL0427,1026.88,USD,2048-05-15
PAY0759,Casey Brown,SAL0670,1947.76,EUR,2048-05-16
PAY0730,Quinn Taylor,SAL0235,154.81,EUR,2048-05-17
PAY0751,Quinn Jackson,SAL0548,566.79,USD,2048-05-18
PAY0001,Casey Smith,SAL0787,1043.94,USD,2048-05-19
PAY0017,Riley Anderson,SAL0346,1952.76,EUR,2048-05-20
PAY0622,Robin Jackson,,1645.61,EUR,2048-05-21
PAY0425,Quinn Wilson,SAL0654,1503.12,USD,2048-05-22
PAY0824,Casey Smith,SAL0954,883.43,EUR,2048-05-23
PAY0075,Alex Moore,SAL0406,253.67,EUR,2048-05-24
PAY0512,Riley Wilson,SAL0523,1307.63,EUR,2048-05-25
PAY0600,Jordan Johnson,SAL0895,1149.5,USD,2048-05-26
PAY0816,Morgan Moore,SAL0349,251.23,USD,2048-05-27
PAY0222,Taylor Moore,SAL0568,613.18,EUR,2048-05-28
PAY0954,Alex Anderson,SAL0886,219.89,USD,2048-05-29
PAY0552,Morgan Jackson,SAL0389,785.98,EUR,2048-05-30
PAY0418,Riley Wilson,SAL0397,150.62,EUR,2048-05-31
PAY0474,Robin Anderson,SAL0138,1206.6,EUR,2048-06-01
PAY0442,Taylor Johnson,SAL0359,1989.8,USD,2048-06-02
PAY0055,Morgan Smith,SAL0492,579.04,EUR,2048-06-03
PAY0709,Avery Johnson,SAL0786,1289.94,EUR,2048-06-04
PAY0601,Morgan Davis,SAL0457,1185.49,EUR,2048-06-05
PAY0563,Taylor Moore,SAL0213,226.83,EUR,2048-06-06
PAY0860,Casey Davis,SAL0757,1936.78,EUR,2048-06-07
PAY0246,Riley Moore,,621.18,USD,2048-06-08
PAY0758,Riley Taylor,SAL0508,670.23,USD,2048-06-09
PAY0592,Morgan Brown,SAL0937,1150.55,USD,2048-06-10
PAY0191,Robin Brown,SAL0884,676.51,USD,2048-06-11
PAY0058,Casey Jackson,SAL0994,772.49,EUR,2048-06-12
PAY0852,Jordan Smith,SAL0887,1275.02,EUR,2048-06-13
PAY0575,Jordan Jackson,SAL0715,1098.62,EUR,2048-06-14
PAY0525,Jordan Davis,SAL0288,1152.29,USD,2048-06-15
PAY0062,Alex Jackson,SAL0353,226.41,USD,2048-06-16
PAY0996,Robin Moore,SAL0728,1740.3,USD,2048-06-17
PAY0297,Casey Wilson,,521.45,EUR,2048-06-18
PAY0659,Quinn Wilson,SAL0341,1541.6,EUR,2048-06-19
PAY0082,Jordan Wilson,SAL0414,443.55,EUR,2048-06-20
PAY0369,Avery Wilson,,1510.83,EUR,2048-06-21
PAY0251,Jamie Moore,SAL0374,1838.27,EUR,2048-06-22
PAY0588,Riley Smith,SAL0634,576.48,USD,2048-06-23
PAY0608,Alex Moore,SAL0098,294.84,EUR,2048-06-24
PAY0987,Jamie Moore,SAL0128,156.68,USD,2048-06-25
PAY0758,Riley Taylor,SAL0508,1810.41,USD,2048-06-26
PAY0074,Avery Smith,SAL0432,136.72,EUR,2048-06-27
PAY0629,Quinn Thomas,SAL0372,994.96,USD,2048-06-28
PAY0486,Taylor Taylor,,454.87,EUR,2048-06-29
PAY0038,Taylor Thomas,SAL0633,1778.82,EUR,2048-06-30
PAY0944,Jordan Thomas,SAL0135,1462.89,EUR,2048-07-01
PAY0077,Robin Jackson,SAL0922,1294.72,EUR,2048-07-02
PAY0421,Quinn Davis,SAL0283,343.96,EUR,2048-07-03
PAY0154,Riley Brown,SAL0464,1372.12,USD,2048-07-04
PAY0029,Taylor Johnson,SAL0118,304.88,USD,2048-07-05
PAY0289,Jordan Davis,SAL0105,134.94,EUR,2048-07-06
PAY0293,Alex Thomas,SAL0077,150.02,USD,2048-07-07
PAY0547,Quinn Smith,SAL0437,610.24,EUR,2048-07-08
PAY0798,Robin Davis,SAL0606,119.29,EUR,2048-07-09
PAY0138,Quinn Taylor,SAL0307,1635.88,USD,2048-07-10
PAY0488,Robin Johnson,SAL0948,199.88,USD,2048-07-11
PAY0638,Casey Johnson,SAL0143,58.32,EUR,2048-07-12
PAY0446,Quinn Thomas,SAL0590,972.88,USD,2048-07-13
PAY0675,Jamie Thomas,SAL0431,1009.04,EUR,2048-07-14
PAY0744,Taylor Moore,SAL0881,476.92,EUR,2048-07-15
PAY0347,Robin Jackson,SAL0065,1042.78,USD,2048-07-16
PAY0620,Jordan Brown,SAL0224,558.24,USD,2048-07-17
PAY0614,Casey Taylor,,1083.26,EUR,2048-07-18
PAY0639,Jordan Johnson,SAL0013,1754.75,EUR,2048-07-19
PAY0502,Jordan Anderson,,1733.85,USD,2048-07-20
PAY0799,Alex Thomas,SAL0215,1266.31,USD,2048-07-21
PAY0713,Jamie Smith,SAL0906,1177.11,EUR,2048-07-22
PAY0727,Avery Smith,SAL0891,1774.73,EUR,2048-07-23
PAY0630,Alex Taylor,SAL0167,663.54,EUR,2048-07-24
PAY0356,Casey Davis,,1574.45,USD,2048-07-25
PAY0512,Riley Wilson,SAL0523,1869.96,EUR,2048-07-26
PAY0215,Jamie Smith,SAL0231,1439.52,USD,2048-07-27
PAY0351,Riley Thomas,SAL0046,132.16,USD,2048-07-28
PAY0460,Jordan Davis,,1395.89,USD,2048-07-29
PAY0629,Quinn Thomas,SAL0372,1149.22,USD,2048-07-30
PAY0623,Quinn Wilson,SAL0694,1529.66,EUR,2048-07-31
PAY0188,Morgan Brown,SAL0502,1615.68,EUR,2048-08-01
PAY0192,Robin Johnson,,146.35,USD,2048-08-02
PAY0244,Taylor Wilson,SAL0408,1640.67,USD,2048-08-03
PAY0130,Alex Brown,,1719.69,USD,2048-08-04
PAY0635,Taylor Anderson,SAL0806,306.62,EUR,2048-08-05
PAY0938,Alex Moore,SAL0610,334.0,USD,2048-08-06
PAY0190,Riley Thomas,SAL0815,339.89,USD,2048-08-07
PAY0506,Casey Wilson,SAL0724,103.1,USD,2048-08-08
PAY0441,Jordan Brown,SAL0622,1227.03,USD,2048-08-09
PAY0568,Quinn Johnson,SAL0849,169.68,EUR,2048-08-10
PAY0523,Morgan Johnson,SAL0752,505.0,USD,2048-08-11
PAY0049,Casey Brown,SAL0158,1947.7,USD,2048-08-12
PAY0023,Quinn Smith,SAL0638,408.4,EUR,2048-08-13
PAY0848,Jamie Taylor,SAL0971,585.85,EUR,2048-08-14
PAY0888,Alex Johnson,SAL0313,1804.24,EUR,2048-08-15
PAY0510,Jordan Smith,SAL0750,783.13,EUR,2048-08-16
PAY0713,Jamie Smith,SAL0906,1301.78,USD,2048-08-17
PAY0944,Jordan Thomas,SAL0135,1797.44,USD,2048-08-18
PAY0123,Morgan Johnson,SAL0596,1899.41,USD,2048-08-19
PAY0882,Taylor Wilson,,966.27,USD,2048-08-20
PAY0282,Quinn Jackson,SAL0627,1868.42,USD,2048-08-21
PAY0716,Taylor Jackson,SAL0492,618.38,EUR,2048-08-22
PAY0099,Morgan Davis,SAL0059,1110.59,USD,2048-08-23
PAY0046,Morgan Jackson,SAL0706,1029.78,USD,2048-08-24
PAY0456,Robin Johnson,SAL0668,361.96,USD,2048-08-25
PAY0756,Alex Thomas,SAL0200,485.02,USD,2048-08-26
PAY0916,Riley Wilson,SAL0324,1457.65,USD,2048-08-27
PAY0258,Jordan Smith,SAL0095,331.87,USD,2048-08-28
PAY0515,Robin Thomas,SAL0282,1842.77,USD,2048-08-29
PAY0311,Taylor Jackson,,1997.41,EUR,2048-08-30
PAY0272,Robin Anderson,SAL0367,1852.66,USD,2048-08-31
PAY0939,Taylor Anderson,SAL0912,1631.4,EUR,2048-09-01
PAY0018,Jordan Smith,SAL0261,1347.42,USD,2048-09-02
PAY0146,Alex Moore,SAL0164,1755.24,EUR,2048-09-03
PAY0980,Casey Thomas,SAL0429,354.72,USD,2048-09-04
PAY0021,Morgan Brown,SAL0695,270.23,USD,2048-09-05
PAY0402,Taylor Jackson,SAL0342,1634.29,USD,2048-09-06
PAY0749,Jordan Brown,SAL0494,1041.51,EUR,2048-09-07
PAY0376,Robin Thomas,SAL0772,1816.01,USD,2048-09-08
PAY0377,Taylor Anderson,SAL0369,1296.07,EUR,2048-09-09
PAY0886,Riley Thomas,SAL0729,1162.25,USD,2048-09-10
PAY0453,Riley Taylor,SAL0565,1626.81,EUR,2048-09-11
PAY0834,Morgan Wilson,SAL0723,1411.38,USD,2048-09-12
PAY0295,Jamie Jackson,SAL0244,1141.14,USD,2048-09-13
PAY0633,Riley Davis,SAL0621,641.83,EUR,2048-09-14
PAY0427,Robin Smith,SAL0653,959.44,EUR,2048-09-15
PAY0720,Jamie Smith,SAL0558,574.31,USD,2048-09-16
PAY0667,Quinn Thomas,SAL0630,1745.41,USD,2048-09-17
PAY0969,Robin Thomas,SAL0515,315.94,USD,2048-09-18
PAY0713,Jamie Smith,SAL0906,1505.25,EUR,2048-09-19
PAY0422,Morgan Jackson,SAL0263,769.52,EUR,2048-09-20
PAY0383,Taylor Davis,SAL0726,265.61,USD,2048-09-21
PAY0680,Taylor Moore,SAL0194,1490.79,USD,2048-09-22
PAY0688,Quinn Johnson,SAL0889,874.5,EUR,2048-09-23
PAY0157,Riley Smith,SAL0139,101.03,EUR,2048-09-24
PAY0067,Avery Smith,SAL0370,1158.43,EUR,2048-09-25
PAY0652,Jordan Brown,,877.38,EUR,2048-09-26
PAY0964,Jamie Smith,SAL0639,1543.07,USD,2048-09-27
PAY0772,Jamie Thomas,,888.84,EUR,2048-09-28
PAY0744,Taylor Moore,SAL0176,323.45,EUR,2048-09-29
PAY0618,Jamie Taylor,SAL0740,631.82,USD,2048-09-30
PAY0233,Jordan Thomas,SAL0273,188.83,USD,2048-10-01
PAY0947,Casey Anderson,SAL0709,420.63,USD,2048-10-02
PAY0252,Robin Moore,,1367.85,EUR,2048-10-03
PAY0303,Morgan Jackson,SAL0885,108.82,EUR,2048-10-04
PAY0300,Quinn Moore,SAL0421,1975.71,USD,2048-10-05
PAY0563,Taylor Moore,SAL0213,1726.82,EUR,2048-10-06
PAY0047,Jamie Taylor,,904.15,EUR,2048-10-07
PAY0470,Casey Anderson,SAL0995,1270.83,EUR,2048-10-08
PAY0675,Jamie Thomas,SAL0431,856.48,USD,2048-10-09
PAY0813,Avery Thomas,,108.33,USD,2048-10-10
PAY0435,Avery Brown,,1479.67,USD,2048-10-11
PAY0483,Alex Wilson,SAL0023,1554.18,EUR,2048-10-12
PAY0614,Casey Taylor,SAL0556,1887.77,USD,2048-10-13
PAY0045,Avery Brown,SAL0821,649.41,USD,2048-10-14
PAY0807,Jordan Taylor,,185.67,USD,2048-10-15
PAY0416,Jordan Thomas,SAL0043,906.68,USD,2048-10-16
PAY0829,Riley Anderson,SAL0626,1620.92,USD,2048-10-17
PAY0451,Casey Johnson,SAL0961,1221.85,USD,2048-10-18
PAY0657,Alex Moore,SAL0859,160.37,EUR,2048-10-19
PAY0684,Jamie Taylor,,943.92,EUR,2048-10-20
PAY0074,Avery Smith,SAL0432,106.98,EUR,2048-10-21
PAY0382,Robin Moore,SAL0907,221.92,EUR,2048-10-22
PAY0912,Jordan Smith,SAL0766,859.75,EUR,2048-10-23
PAY0859,Avery Davis,SAL0329,275.74,USD,2048-10-24
PAY0453,Riley Taylor,SAL0565,1877.61,EUR,2048-10-25
PAY0818,Quinn Taylor,SAL0021,284.86,USD,2048-10-26
PAY0730,Quinn Taylor,SAL0235,1386.33,USD,2048-10-27
PAY0246,Riley Moore,SAL0975,807.15,USD,2048-10-28
PAY0900,Robin Brown,SAL0376,204.58,EUR,2048-10-29
PAY0337,Taylor Brown,SAL0573,1699.84,EUR,2048-10-30
PAY0163,Avery Wilson,SAL0280,425.98,USD,2048-10-31
PAY0998,Jamie Johnson,SAL0893,1721.16,EUR,2048-11-01
PAY0255,Jamie Anderson,,1410.15,EUR,2048-11-02
PAY0326,Jamie Wilson,,470.13,USD,2048-11-03
PAY0935,Morgan Thomas,SAL0927,195.04,USD,2048-11-04
PAY0259,Riley Wilson,SAL0951,1480.64,EUR,2048-11-05
PAY0300,Quinn Moore,SAL0421,394.76,USD,2048-11-06
PAY0954,Alex Anderson,SAL0886,1592.78,EUR,2048-11-07
PAY0039,Quinn Brown,,1543.22,USD,2048-11-08
PAY0478,Robin Wilson,SAL0850,243.31,USD,2048-11-09
PAY0116,Avery Johnson,SAL0333,1327.03,USD,2048-11-10
PAY0720,Jamie Smith,SAL0558,1890.64,EUR,2048-11-11
PAY0690,Taylor Thomas,SAL0144,1210.41,USD,2048-11-12
PAY0645,Casey Johnson,SAL0783,1267.45,USD,2048-11-13
PAY0446,Quinn Thomas,SAL0590,1340.44,USD,2048-11-14
PAY0976,Quinn Moore,SAL0411,1802.33,USD,2048-11-15
PAY0817,Avery Thomas,,1812.52,USD,2048-11-16
PAY0847,Riley Anderson,SAL0038,423.85,EUR,2048-11-17
PAY0197,Quinn Jackson,SAL0034,881.43,USD,2048-11-18
PAY0109,Avery Wilson,SAL0148,1434.17,EUR,2048-11-19
PAY0028,Jordan Smith,SAL0115,171.98,USD,2048-11-20
PAY0674,Morgan Moore,SAL0827,1543.58,USD,2048-11-21
PAY0152,Quinn Johnson,SAL0401,1647.43,USD,2048-11-22
PAY0692,Riley Moore,SAL0202,967.96,USD,2048-11-23
PAY0957,Casey Johnson,SAL0604,1039.82,USD,2048-11-24
PAY0766,Casey Jackson,SAL0150,1787.0,EUR,2048-11-25
PAY0867,Taylor Johnson,SAL0649,1595.14,EUR,2048-11-26
PAY0189,Jamie Thomas,SAL0413,1778.5,USD,2048-11-27
PAY0680,Taylor Moore,SAL0194,936.09,USD,2048-11-28
PAY0927,Jamie Moore,SAL0246,535.45,EUR,2048-11-29
PAY0912,Jordan Smith,SAL0766,1303.72,USD,2048-11-30
PAY0433,Taylor Thomas,SAL0393,1632.51,EUR,2048-12-01
PAY0915,Morgan Smith,,793.64,EUR,2048-12-02
PAY0089,Casey Taylor,SAL0863,1836.65,EUR,2048-12-03
PAY0296,Robin Taylor,SAL0593,265.19,USD,2048-12-04
PAY0889,Casey Davis,SAL0084,578.19,USD,2048-12-05
PAY0715,Riley Wilson,SAL0377,402.03,EUR,2048-12-06
PAY0091,Jamie Jackson,SAL0318,1526.95,USD,2048-12-07
PAY0835,Jordan Thomas,SAL0063,1781.57,USD,2048-12-08
PAY0953,Riley Jackson,SAL0831,1313.93,EUR,2048-12-09
PAY0143,Jordan Jackson,SAL0789,838.59,EUR,2048-12-10
PAY0624,Casey Anderson,SAL0008,740.73,USD,2048-12-11
PAY0334,Robin Thomas,SAL0881,1846.84,USD,2048-12-12
PAY0371,Jamie Brown,,1270.18,USD,2048-12-13
PAY0706,Morgan Wilson,SAL0872,1201.55,USD,2048-12-14
PAY0714,Casey Brown,SAL0316,890.61,EUR,2048-12-15
PAY0235,Jamie Brown,SAL0338,1169.13,EUR,2048-12-16
PAY0237,Alex Thomas,SAL0944,461.81,USD,2048-12-17
PAY0095,Jordan Smith,,1413.37,USD,2048-12-18
PAY0106,Avery Moore,SAL0190,279.42,USD,2048-12-19
PAY0381,Avery Davis,SAL0264,1760.86,USD,2048-12-20
PAY0862,Riley Brown,SAL0192,1239.33,USD,2048-12-21
PAY0400,Riley Moore,SAL0812,912.77,USD,2048-12-22
PAY0365,Avery Thomas,,905.83,EUR,2048-12-23
PAY0643,Casey Johnson,SAL0232,1590.91,EUR,2048-12-24
PAY0914,Jamie Taylor,SAL0946,1301.29,USD,2048-12-25
PAY0568,Quinn Johnson,SAL0849,1646.12,EUR,2048-12-26
PAY0191,Robin Brown,SAL0884,307.93,USD,2048-12-27
PAY0836,Avery Moore,SAL0197,1099.84,EUR,2048-12-28
PAY0046,Morgan Jackson,,1187.31,USD,2048-12-29
PAY0792,Taylor Jackson,SAL0939,887.23,EUR,2048-12-30
PAY0681,Quinn Johnson,SAL0892,766.09,USD,2048-12-31
PAY0972,Riley Smith,SAL0426,196.27,EUR,2049-01-01
PAY0584,Robin Wilson,SAL0295,1962.91,EUR,2049-01-02
PAY0265,Riley Johnson,SAL0915,316.43,USD,2049-01-03
PAY0707,Morgan Brown,,943.48,USD,2049-01-04
PAY0059,Casey Jackson,SAL0746,454.6,USD,2049-01-05
PAY0952,Jamie Thomas,,535.7,USD,2049-01-06
PAY0209,Riley Smith,SAL0387,346.84,USD,2049-01-07
PAY0633,Riley Davis,SAL0621,1548.45,USD,2049-01-08
PAY0884,Jordan Jackson,SAL0703,1174.77,EUR,2049-01-09
PAY0512,Riley Wilson,SAL0523,1622.95,EUR,2049-01-10
PAY0424,Quinn Smith,SAL0455,214.52,USD,2049-01-11
PAY0430,Avery Anderson,SAL0250,659.24,USD,2049-01-12
PAY0184,Robin Anderson,SAL0978,1502.47,EUR,2049-01-13
PAY0654,Robin Thomas,SAL0218,1311.37,USD,2049-01-14
PAY0297,Casey Wilson,SAL0935,1688.13,EUR,2049-01-15
PAY0797,Jamie Moore,SAL0875,713.93,USD,2049-01-16
PAY0797,Jamie Moore,SAL0875,1504.05,USD,2049-01-17
PAY0461,Riley Johnson,,1600.64,EUR,2049-01-18
PAY0445,Morgan Johnson,SAL0493,1810.53,EUR,2049-01-19
PAY0305,Casey Davis,SAL0945,831.38,EUR,2049-01-20
PAY0137,Jamie Anderson,SAL0477,1800.44,USD,2049-01-21
PAY0539,Jamie Wilson,SAL0647,736.94,USD,2049-01-22
PAY0928,Morgan Davis,SAL0096,1105.14,EUR,2049-01-23
PAY0732,Morgan Anderson,,642.14,USD,2049-01-24
PAY0724,Taylor Brown,,1367.91,EUR,2049-01-25
PAY0635,Taylor Anderson,SAL0806,1306.01,USD,2049-01-26
PAY0514,Robin Johnson,SAL0677,692.11,EUR,2049-01-27
PAY0894,Jordan Anderson,SAL0990,1225.56,EUR,2049-01-28
PAY0459,Quinn Jackson,SAL0504,1080.82,USD,2049-01-29
PAY0941,Jordan Moore,,1166.23,USD,2049-01-30
PAY0324,Avery Wilson,SAL0036,1302.45,EUR,2049-01-31
PAY0521,Robin Anderson,SAL0555,829.01,USD,2049-02-01
PAY0676,Alex Johnson,SAL0791,1523.21,EUR,2049-02-02
PAY0295,Jamie Jackson,,1650.18,EUR,2049-02-03
PAY0206,Taylor Davis,SAL0804,1893.58,EUR,2049-02-04
PAY0830,Taylor Wilson,,1262.28,USD,2049-02-05
PAY0587,Morgan Johnson,SAL0679,770.56,EUR,2049-02-06
PAY0906,Riley Anderson,SAL0020,1174.44,EUR,2049-02-07
PAY0513,Quinn Brown,SAL0254,130.94,EUR,2049-02-08
PAY0407,Jamie Thomas,SAL0529,84.64,USD,2049-02-09
PAY0424,Quinn Smith,SAL0455,427.6,USD,2049-02-10
PAY0663,Jordan Taylor,SAL0465,1980.73,USD,2049-02-11
PAY0763,Taylor Wilson,SAL0640,1233.96,EUR,2049-02-12
PAY0660,Riley Johnson,,1436.72,EUR,2049-02-13
PAY0527,Taylor Taylor,SAL0081,1133.99,USD,2049-02-14
PAY0649,Avery Moore,SAL0424,1874.35,USD,2049-02-15
PAY0740,Riley Anderson,,1221.8,USD,2049-02-16
PAY0439,Taylor Taylor,SAL0816,1077.37,EUR,2049-02-17
PAY0432,Quinn Moore,SAL0291,749.88,USD,2049-02-18
PAY0532,Jordan Anderson,SAL0354,1992.68,EUR,2049-02-19
PAY0397,Robin Jackson,SAL0835,340.49,EUR,2049-02-20
PAY0627,Morgan Taylor,,457.03,EUR,2049-02-21
PAY0732,Morgan Anderson,SAL0284,1318.68,EUR,2049-02-22
PAY0772,Jamie Thomas,SAL0674,942.82,EUR,2049-02-23
PAY0204,Casey Davis,SAL0498,1650.52,EUR,2049-02-24
PAY0803,Taylor Taylor,SAL0205,1436.43,USD,2049-02-25
PAY0749,Jordan Brown,SAL0494,920.6,EUR,2049-02-26
PAY0846,Casey Jackson,SAL0795,675.66,EUR,2049-02-27
PAY0902,Jordan Anderson,,1790.82,EUR,2049-02-28
PAY0618,Jamie Taylor,SAL0740,815.3,EUR,2049-03-01
PAY0014,Alex Wilson,SAL0183,574.79,EUR,2049-03-02
PAY0778,Jordan Moore,SAL0784,1540.74,USD,2049-03-03
PAY0186,Avery Thomas,SAL0720,342.17,EUR,2049-03-04
PAY0199,Avery Wilson,SAL0001,1300.47,USD,2049-03-05
PAY0003,Jamie Moore,SAL0488,522.05,EUR,2049-03-06
PAY0395,Quinn Smith,SAL0025,1078.61,EUR,2049-03-07
PAY0428,Riley Moore,,974.44,USD,2049-03-08
PAY0430,Avery Anderson,SAL0250,1747.29,EUR,2049-03-09
PAY0724,Taylor Brown,SAL0914,547.09,USD,2049-03-10
PAY0059,Casey Jackson,SAL0746,1801.4,USD,2049-03-11
PAY0613,Jamie Johnson,SAL0242,352.41,EUR,2049-03-12
PAY0146,Alex Moore,SAL0164,1705.53,EUR,2049-03-13
PAY0791,Morgan Thomas,SAL0478,881.92,USD,2049-03-14
PAY0128,Jamie Johnson,SAL0344,1623.98,EUR,2049-03-15
PAY0267,Robin Taylor,SAL0938,558.38,USD,2049-03-16
PAY0518,Avery Smith,SAL0698,286.75,EUR,2049-03-17
PAY0901,Casey Johnson,SAL0686,581.47,USD,2049-03-18
PAY0859,Avery Davis,SAL0329,1574.58,EUR,2049-03-19
PAY0462,Riley Thomas,SAL0878,891.5,EUR,2049-03-20
PAY0026,Taylor Moore,SAL0052,1351.87,EUR,2049-03-21
PAY0133,Jordan Taylor,SAL0124,771.18,EUR,2049-03-22
PAY0536,Morgan Taylor,SAL0761,507.01,EUR,2049-03-23
PAY0932,Alex Smith,SAL0196,1975.21,USD,2049-03-24
PAY0907,Taylor Jackson,SAL0506,748.16,USD,2049-03-25
PAY0642,Quinn Johnson,SAL0235,1881.25,USD,2049-03-26
PAY0880,Taylor Johnson,,904.17,EUR,2049-03-27
PAY0333,Avery Taylor,SAL0660,1737.93,EUR,2049-03-28
PAY0584,Robin Wilson,SAL0797,441.73,USD,2049-03-29
PAY0043,Jamie Davis,SAL0471,1327.36,EUR,2049-03-30
PAY0923,Morgan Anderson,,1677.9,USD,2049-03-31
PAY0775,Casey Jackson,SAL0950,1103.34,USD,2049-04-01
PAY0996,Robin Moore,SAL0728,172.42,EUR,2049-04-02
PAY0928,Morgan Davis,SAL0096,579.27,EUR,2049-04-03
PAY0321,Jamie Thomas,SAL0880,1186.86,EUR,2049-04-04
PAY0292,Robin Wilson,SAL0080,669.94,EUR,2049-04-05
PAY0138,Quinn Taylor,SAL0307,596.58,USD,2049-04-06
PAY0626,Morgan Wilson,SAL0731,1780.87,USD,2049-04-07
PAY0662,Riley Thomas,SAL0066,1074.06,USD,2049-04-08
PAY0892,Quinn Wilson,SAL0285,438.76,EUR,2049-04-09
PAY0374,Jordan Smith,SAL0683,372.84,EUR,2049-04-10
PAY0676,Alex Johnson,SAL0791,734.36,EUR,2049-04-11
PAY0079,Morgan Wilson,SAL0356,715.69,EUR,2049-04-12
PAY0949,Alex Anderson,SAL0088,176.71,EUR,2049-04-13
PAY0220,Quinn Thomas,SAL0564,217.32,EUR,2049-04-14
PAY0058,Casey Jackson,SAL0994,1412.46,USD,2049-04-15
PAY0766,Casey Jackson,,1694.79,EUR,2049-04-16
PAY0905,Riley Thomas,,877.19,EUR,2049-04-17
PAY0729,Jamie Taylor,SAL0330,1253.79,EUR,2049-04-18
PAY0082,Jordan Wilson,SAL0414,1874.64,USD,2049-04-19
PAY0757,Riley Smith,SAL0161,955.66,USD,2049-04-20
PAY0197,Quinn Jackson,,1321.89,EUR,2049-04-21
PAY0727,Avery Smith,SAL0891,249.88,EUR,2049-04-22
PAY0848,Jamie Taylor,SAL0059,1347.9,EUR,2049-04-23
PAY0547,Quinn Smith,SAL0437,939.4,EUR,2049-04-24
PAY0088,Avery Jackson,SAL0310,665.12,USD,2049-04-25
PAY0059,Casey Jackson,,1581.04,USD,2049-04-26
PAY0260,Robin Smith,SAL0699,1565.76,USD,2049-04-27
PAY0885,Robin Smith,SAL0828,1991.47,EUR,2049-04-28
PAY0369,Avery Wilson,SAL0032,177.7,EUR,2049-04-29
PAY0976,Quinn Moore,SAL0411,402.43,USD,2049-04-30
PAY0547,Quinn Smith,SAL0437,214.28,USD,2049-05-01
PAY0996,Robin Moore,SAL0728,1654.53,EUR,2049-05-02
PAY0487,Morgan Wilson,SAL0418,1951.53,USD,2049-05-03
PAY0585,Jamie Wilson,SAL0323,239.52,EUR,2049-05-04
PAY0067,Avery Smith,SAL0370,525.39,USD,2049-05-05
PAY0530,Morgan Moore,SAL0014,730.12,USD,2049-05-06
PAY0644,Morgan Johnson,SAL0299,523.99,USD,2049-05-07
PAY0875,Morgan Moore,SAL0623,245.45,EUR,2049-05-08
PAY0077,Robin Jackson,SAL0922,929.75,USD,2049-05-09
PAY0276,Quinn Thomas,,1230.34,EUR,2049-05-10
PAY0535,Quinn Thomas,SAL0133,1420.62,EUR,2049-05-11
PAY0845,Riley Jackson,SAL0057,1333.0,USD,2049-05-12
PAY0355,Casey Jackson,SAL0290,130.17,EUR,2049-05-13
PAY0930,Taylor Johnson,SAL0771,647.9,EUR,2049-05-14
PAY0881,Jordan Taylor,SAL0913,822.3,EUR,2049-05-15
PAY0942,Jamie Thomas,SAL0355,1616.87,USD,2049-05-16
PAY0213,Morgan Jackson,SAL0102,867.75,EUR,2049-05-17
PAY0954,Alex Anderson,SAL0886,653.38,USD,2049-05-18
PAY0765,Taylor Johnson,,1911.53,USD,2049-05-19
PAY0669,Riley Jackson,SAL0975,426.13,USD,2049-05-20
PAY0398,Alex Anderson,SAL0499,1433.92,USD,2049-05-21
PAY0763,Taylor Wilson,SAL0640,336.3,USD,2049-05-22
PAY0370,Morgan Jackson,SAL0680,1667.54,EUR,2049-05-23
PAY0779,Avery Moore,,1534.36,EUR,2049-05-24
PAY0078,Jamie Taylor,,992.46,USD,2049-05-25
PAY0563,Taylor Moore,SAL0213,453.74,EUR,2049-05-26
PAY0864,Casey Smith,SAL0117,319.89,USD,2049-05-27
PAY0857,Robin Wilson,SAL0785,1204.49,USD,2049-05-28
PAY0924,Taylor Smith,SAL0050,1676.52,USD,2049-05-29
PAY0968,Robin Wilson,SAL0898,1349.62,EUR,2049-05-30
PAY0358,Quinn Jackson,SAL0373,1969.31,USD,2049-05-31
PAY0857,Robin Wilson,,1274.73,EUR,2049-06-01
PAY0478,Robin Wilson,SAL0850,655.2,USD,2049-06-02
PAY0717,Alex Brown,,1966.76,EUR,2049-06-03
PAY0638,Casey Johnson,SAL0143,204.53,USD,2049-06-04
PAY0509,Robin Thomas,,1839.42,EUR,2049-06-05
PAY0349,Casey Thomas,SAL0276,560.88,USD,2049-06-06
PAY0594,Taylor Johnson,,1824.54,EUR,2049-06-07
PAY0208,Alex Moore,SAL0929,1281.15,USD,2049-06-08
PAY0503,Robin Johnson,SAL0127,1210.71,USD,2049-06-09
PAY0313,Jamie Thomas,SAL0847,1333.0,USD,2049-06-10
PAY0549,Jordan Taylor,SAL0547,1005.7,EUR,2049-06-11
PAY0451,Casey Johnson,SAL0961,301.22,EUR,2049-06-12
PAY0839,Riley Wilson,SAL0169,1287.23,EUR,2049-06-13
PAY0035,Taylor Johnson,SAL0328,1785.21,USD,2049-06-14
PAY0095,Jordan Smith,SAL0160,259.46,USD,2049-06-15
PAY0091,Jamie Jackson,SAL0318,1980.56,EUR,2049-06-16
PAY0515,Robin Thomas,SAL0282,459.91,EUR,2049-06-17
PAY0336,Jordan Moore,SAL0417,570.17,EUR,2049-06-18
PAY0952,Jamie Thomas,SAL0877,1707.99,EUR,2049-06-19
PAY0999,Avery Moore,SAL0848,433.07,USD,2049-06-20
PAY0253,Alex Thomas,SAL0275,479.86,EUR,2049-06-21
PAY0082,Jordan Wilson,SAL0414,1857.78,USD,2049-06-22
PAY0232,Robin Wilson,SAL0190,1016.14,EUR,2049-06-23
PAY0118,Avery Anderson,SAL0221,1416.92,EUR,2049-06-24
PAY0422,Morgan Jackson,SAL0263,838.82,USD,2049-06-25
PAY0113,Riley Moore,SAL0068,1694.62,EUR,2049-06-26
PAY0255,Jamie Anderson,SAL0825,1574.36,USD,2049-06-27
PAY0156,Avery Wilson,SAL0225,449.46,USD,2049-06-28
PAY0621,Jordan Davis,SAL0840,507.17,USD,2049-06-29
PAY0543,Quinn Taylor,SAL0441,909.19,USD,2049-06-30
PAY0555,Taylor Johnson,SAL0048,352.59,EUR,2049-07-01
PAY0874,Quinn Taylor,SAL0136,1756.88,USD,2049-07-02
PAY0240,Taylor Jackson,SAL0644,557.84,USD,2049-07-03
PAY0256,Avery Smith,SAL0876,1337.62,USD,2049-07-04
PAY0117,Taylor Anderson,SAL0204,1287.13,EUR,2049-07-05
PAY0054,Morgan Jackson,SAL0015,1444.36,USD,2049-07-06
PAY0963,Morgan Jackson,SAL0260,931.78,USD,2049-07-07
PAY0730,Quinn Taylor,SAL0918,768.03,EUR,2049-07-08
PAY0632,Jordan Taylor,,1062.76,USD,2049-07-09
PAY0388,Quinn Johnson,SAL0262,1064.98,USD,2049-07-10
PAY0411,Alex Smith,SAL0657,93.72,EUR,2049-07-11
PAY0457,Alex Brown,SAL0576,583.91,EUR,2049-07-12
PAY0691,Taylor Jackson,SAL0751,246.91,EUR,2049-07-13
PAY0012,Taylor Brown,SAL0676,122.55,EUR,2049-07-14
PAY0732,Morgan Anderson,SAL0284,1469.9,USD,2049-07-15
PAY0446,Quinn Thomas,SAL0590,1379.94,EUR,2049-07-16
PAY0201,Avery Jackson,,1755.64,EUR,2049-07-17
PAY0039,Quinn Brown,SAL0915,687.32,USD,2049-07-18
PAY0716,Taylor Jackson,SAL0311,680.22,EUR,2049-07-19
PAY0154,Riley Brown,SAL0464,247.2,USD,2049-07-20
PAY0576,Riley Jackson,SAL0152,1400.14,EUR,2049-07-21
PAY0770,Quinn Davis,SAL0470,421.97,USD,2049-07-22
PAY0613,Jamie Johnson,SAL0242,548.71,EUR,2049-07-23
PAY0683,Robin Anderson,SAL0391,237.66,EUR,2049-07-24
PAY0329,Quinn Jackson,SAL0725,538.47,USD,2049-07-25
PAY0537,Jordan Jackson,SAL0107,1859.75,USD,2049-07-26
PAY0633,Riley Davis,SAL0621,198.97,USD,2049-07-27
PAY0450,Robin Thomas,,1148.98,USD,2049-07-28
PAY0097,Robin Jackson,,53.6,USD,2049-07-29
PAY0175,Quinn Thomas,SAL0829,1955.4,USD,2049-07-30
PAY0377,Taylor Anderson,SAL0369,1659.9,EUR,2049-07-31
PAY0701,Riley Johnson,SAL0214,1318.55,USD,2049-08-01
PAY0452,Riley Moore,SAL0351,1311.91,USD,2049-08-02
PAY0442,Taylor Johnson,SAL0666,622.19,EUR,2049-08-03
PAY0909,Jordan Thomas,SAL0364,1613.81,USD,2049-08-04
PAY0649,Avery Moore,SAL0424,1225.36,USD,2049-08-05
PAY0514,Robin Johnson,SAL0677,1364.16,USD,2049-08-06
PAY0575,Jordan Jackson,SAL0715,64.45,EUR,2049-08-07
PAY0435,Avery Brown,SAL0600,900.19,USD,2049-08-08
PAY0674,Morgan Moore,SAL0827,918.94,USD,2049-08-09
PAY0160,Robin Brown,SAL0385,1006.4,EUR,2049-08-10
PAY0255,Jamie Anderson,SAL0825,148.3,EUR,2049-08-11
PAY0834,Morgan Wilson,SAL0723,948.11,USD,2049-08-12
PAY0151,Avery Anderson,SAL0067,1126.03,EUR,2049-08-13
PAY0533,Alex Thomas,SAL0967,1264.27,EUR,2049-08-14
PAY0915,Morgan Smith,,318.57,EUR,2049-08-15
PAY0989,Morgan Smith,,326.02,EUR,2049-08-16
PAY0153,Avery Brown,SAL0753,1154.72,USD,2049-08-17
PAY0714,Casey Brown,SAL0316,352.09,USD,2049-08-18
PAY0082,Jordan Wilson,SAL0414,798.72,USD,2049-08-19
PAY0954,Alex Anderson,,562.26,USD,2049-08-20
PAY0721,Quinn Smith,SAL0697,1006.75,USD,2049-08-21
PAY0068,Riley Taylor,SAL0381,617.47,EUR,2049-08-22
PAY0808,Casey Jackson,SAL0964,168.09,USD,2049-08-23
PAY0607,Robin Jackson,,177.42,USD,2049-08-24
PAY0833,Casey Thomas,SAL0624,178.53,EUR,2049-08-25
PAY0965,Jamie Brown,SAL0333,213.12,USD,2049-08-26
PAY0209,Riley Smith,SAL0387,1371.88,USD,2049-08-27
PAY0252,Robin Moore,SAL0998,1344.39,USD,2049-08-28
PAY0810,Jamie Wilson,SAL0655,974.8,USD,2049-08-29
PAY0632,Jordan Taylor,SAL0467,1148.56,EUR,2049-08-30
PAY0342,Alex Thomas,SAL0236,1244.52,EUR,2049-08-31
PAY0598,Jamie Thomas,SAL0854,1360.12,EUR,2049-09-01
PAY0251,Jamie Moore,SAL0374,174.09,EUR,2049-09-02
PAY0766,Casey Jackson,SAL0150,897.2,EUR,2049-09-03
PAY0901,Casey Johnson,SAL0686,377.39,EUR,2049-09-04
PAY0382,Robin Moore,SAL0907,1151.24,USD,2049-09-05
PAY0567,Alex Taylor,SAL0503,1825.94,EUR,2049-09-06
PAY0378,Jamie Johnson,SAL0006,1900.18,EUR,2049-09-07
PAY0204,Casey Davis,SAL0498,235.54,USD,2049-09-08
PAY0361,Riley Anderson,SAL0468,1630.96,USD,2049-09-09
PAY0885,Robin Smith,SAL0828,1914.63,EUR,2049-09-10
PAY0260,Robin Smith,SAL0699,509.17,USD,2049-09-11
PAY0079,Morgan Wilson,SAL0356,1625.98,USD,2049-09-12
PAY0488,Robin Johnson,SAL0948,1954.96,USD,2049-09-13
PAY0508,Casey Brown,SAL0836,1732.04,EUR,2049-09-14
PAY0108,Riley Smith,,1761.42,EUR,2049-09-15
PAY0676,Alex Johnson,SAL0628,1227.08,EUR,2049-09-16
PAY0900,Robin Brown,SAL0376,771.64,EUR,2049-09-17
PAY0097,Robin Jackson,SAL0203,1831.33,EUR,2049-09-18
PAY0498,Casey Anderson,SAL0199,1874.77,EUR,2049-09-19
PAY0104,Robin Jackson,SAL0382,303.94,EUR,2049-09-20
PAY0829,Riley Anderson,SAL0626,639.56,EUR,2049-09-21
PAY0822,Alex Jackson,SAL0605,1708.82,EUR,2049-09-22
PAY0564,Riley Taylor,SAL0629,1311.55,EUR,2049-09-23
PAY0848,Jamie Taylor,SAL0971,1356.61,EUR,2049-09-24
PAY0471,Casey Thomas,SAL0618,177.68,EUR,2049-09-25
PAY0860,Casey Davis,SAL0757,594.23,USD,2049-09-26
PAY0502,Jordan Anderson,SAL0412,557.86,EUR,2049-09-27
PAY0109,Avery Wilson,SAL0148,500.56,USD,2049-09-28
PAY0088,Avery Jackson,SAL0310,151.71,EUR,2049-09-29
PAY0881,Jordan Taylor,SAL0913,1996.64,EUR,2049-09-30
PAY0483,Alex Wilson,SAL0023,198.24,USD,2049-10-01
PAY0358,Quinn Jackson,SAL0373,1447.85,USD,2049-10-02
PAY0006,Avery Moore,,612.04,EUR,2049-10-03
PAY0834,Morgan Wilson,SAL0723,618.78,USD,2049-10-04
PAY0332,Quinn Johnson,SAL0953,1975.96,USD,2049-10-05
PAY0459,Quinn Jackson,SAL0504,669.41,EUR,2049-10-06
PAY0905,Riley Thomas,SAL0984,1647.96,EUR,2049-10-07
PAY0545,Casey Smith,SAL0309,719.86,EUR,2049-10-08
PAY0630,Alex Taylor,SAL0167,108.3,EUR,2049-10-09
PAY0093,Riley Thomas,SAL0581,978.56,EUR,2049-10-10
PAY0050,Alex Thomas,SAL0656,1297.8,EUR,2049-10-11
PAY0058,Casey Jackson,SAL0994,188.91,USD,2049-10-12
PAY0583,Avery Brown,SAL0108,345.14,USD,2049-10-13
PAY0909,Jordan Thomas,SAL0364,261.46,USD,2049-10-14
PAY0280,Jordan Jackson,SAL0027,794.7,USD,2049-10-15
PAY0289,Jordan Davis,SAL0105,716.76,USD,2049-10-16
PAY0301,Taylor Taylor,SAL0335,964.84,EUR,2049-10-17
PAY0384,Taylor Johnson,,1317.66,EUR,2049-10-18
PAY0936,Riley Anderson,SAL0119,471.25,EUR,2049-10-19
PAY0446,Quinn Thomas,SAL0590,1575.11,USD,2049-10-20
PAY0539,Jamie Wilson,SAL0647,192.05,EUR,2049-10-21
PAY0187,Taylor Thomas,SAL0211,131.83,USD,2049-10-22
PAY0450,Robin Thomas,SAL0286,170.32,USD,2049-10-23
PAY0564,Riley Taylor,SAL0629,867.78,EUR,2049-10-24
PAY0785,Casey Jackson,SAL0580,381.97,USD,2049-10-25
PAY0277,Avery Wilson,SAL0026,1949.77,EUR,2049-10-26
PAY0387,Robin Jackson,,1588.98,USD,2049-10-27
PAY0516,Riley Johnson,,1470.16,USD,2049-10-28
PAY0293,Alex Thomas,SAL0077,1825.28,USD,2049-10-29
PAY0155,Quinn Smith,SAL0145,1104.97,EUR,2049-10-30
PAY0511,Taylor Taylor,SAL0499,473.97,EUR,2049-10-31
PAY0793,Quinn Davis,SAL0524,251.79,USD,2049-11-01
PAY0057,Jamie Johnson,SAL0620,114.72,EUR,2049-11-02
PAY0838,Casey Davis,SAL0352,630.08,EUR,2049-11-03
PAY0311,Taylor Jackson,SAL0505,1681.19,USD,2049-11-04
PAY0768,Jamie Smith,SAL0402,292.99,EUR,2049-11-05
PAY0464,Riley Taylor,,1174.33,USD,2049-11-06
PAY0004,Morgan Anderson,SAL0519,506.99,EUR,2049-11-07
PAY0936,Riley Anderson,SAL0119,1802.71,USD,2049-11-08
PAY0352,Quinn Taylor,SAL0592,609.26,USD,2049-11-09
PAY0523,Morgan Johnson,SAL0752,938.09,USD,2049-11-10
PAY0363,Taylor Wilson,SAL0874,544.91,EUR,2049-11-11
PAY0052,Taylor Johnson,SAL0146,1481.05,EUR,2049-11-12
PAY0056,Quinn Wilson,,1468.86,USD,2049-11-13
PAY0970,Casey Smith,SAL0518,1397.36,EUR,2049-11-14
PAY0996,Robin Moore,SAL0728,1913.07,USD,2049-11-15
PAY0605,Morgan Anderson,,452.89,EUR,2049-11-16
PAY0444,Casey Wilson,SAL0962,1892.71,USD,2049-11-17
PAY0152,Quinn Johnson,SAL0401,460.23,EUR,2049-11-18
PAY0622,Robin Jackson,SAL0485,1601.53,USD,2049-11-19
PAY0102,Riley Thomas,SAL0730,414.88,EUR,2049-11-20
PAY0424,Quinn Smith,SAL0455,1120.33,EUR,2049-11-21
PAY0590,Robin Thomas,,1873.21,USD,2049-11-22
PAY0436,Jamie Taylor,,1499.97,EUR,2049-11-23
PAY0007,Avery Brown,SAL0449,1191.81,USD,2049-11-24
PAY0733,Riley Johnson,SAL0097,158.6,USD,2049-11-25
PAY0858,Riley Davis,SAL0780,792.71,EUR,2049-11-26
PAY0702,Jamie Johnson,SAL0718,117.85,EUR,2049-11-27
PAY0022,Avery Wilson,SAL0749,340.19,EUR,2049-11-28
PAY0367,Robin Anderson,SAL0803,1975.95,EUR,2049-11-29
PAY0226,Casey Brown,SAL0963,136.77,EUR,2049-11-30
PAY0437,Alex Taylor,SAL0442,114.59,EUR,2049-12-01
PAY0421,Quinn Davis,SAL0283,70.69,EUR,2049-12-02
PAY0389,Alex Wilson,SAL0091,1901.19,USD,2049-12-03
PAY0729,Jamie Taylor,SAL0330,1351.72,EUR,2049-12-04
PAY0861,Alex Thomas,,623.51,EUR,2049-12-05
PAY0235,Jamie Brown,SAL0338,1206.67,EUR,2049-12-06
PAY0991,Jamie Taylor,SAL0386,508.87,USD,2049-12-07
PAY0660,Riley Johnson,SAL0809,189.0,USD,2049-12-08
PAY0627,Morgan Taylor,SAL0716,706.73,USD,2049-12-09
PAY0153,Avery Brown,SAL0753,1379.06,USD,2049-12-10
PAY0251,Jamie Moore,SAL0374,840.57,EUR,2049-12-11
PAY0241,Riley Wilson,SAL0082,1766.66,USD,2049-12-12
PAY0865,Quinn Moore,SAL0908,551.63,EUR,2049-12-13
PAY0038,Taylor Thomas,SAL0214,1861.33,USD,2049-12-14
PAY0130,Alex Brown,SAL0552,994.9,USD,2049-12-15
PAY0829,Riley Anderson,SAL0626,1065.57,USD,2049-12-16
PAY0945,Alex Moore,SAL0579,1191.35,USD,2049-12-17
PAY0993,Robin Moore,SAL0888,142.92,USD,2049-12-18
PAY0380,Jordan Thomas,SAL0748,1046.93,EUR,2049-12-19
PAY0545,Casey Smith,SAL0309,1674.75,USD,2049-12-20
PAY0018,Jordan Smith,SAL0261,841.33,USD,2049-12-21
PAY0887,Taylor Anderson,SAL0594,1198.24,EUR,2049-12-22
PAY0884,Jordan Jackson,SAL0703,146.45,USD,2049-12-23
PAY0095,Jordan Smith,SAL0160,1251.03,EUR,2049-12-24
PAY0604,Morgan Davis,SAL0530,967.16,USD,2049-12-25
PAY0599,Quinn Brown,SAL0182,507.98,USD,2049-12-26
PAY0790,Avery Jackson,,326.92,USD,2049-12-27
PAY0184,Robin Anderson,SAL0978,926.67,USD,2049-12-28
PAY0971,Casey Johnson,SAL0509,1178.63,USD,2049-12-29
PAY0631,Riley Thomas,SAL0325,1031.44,EUR,2049-12-30
PAY0430,Avery Anderson,SAL0250,357.72,EUR,2049-12-31
PAY0381,Avery Davis,SAL0264,530.44,USD,2050-01-01
PAY0071,Robin Smith,SAL0919,1750.7,USD,2050-01-02
PAY0773,Taylor Johnson,SAL0163,1374.14,USD,2050-01-03
PAY0079,Morgan Wilson,SAL0356,1574.86,EUR,2050-01-04
PAY0048,Taylor Jackson,SAL0010,1824.46,EUR,2050-01-05
PAY0160,Robin Brown,SAL0385,99.64,USD,2050-01-06
PAY0436,Jamie Taylor,SAL0693,171.68,USD,2050-01-07
PAY0641,Casey Brown,,1460.19,EUR,2050-01-08
PAY0973,Alex Moore,SAL0672,639.16,USD,2050-01-09
PAY0002,Casey Smith,SAL0438,555.03,EUR,2050-01-10
PAY0297,Casey Wilson,SAL0935,1422.29,EUR,2050-01-11
PAY0703,Taylor Wilson,SAL0811,1610.9,EUR,2050-01-12
PAY0022,Avery Wilson,SAL0749,1565.43,EUR,2050-01-13
PAY0986,Avery Brown,SAL0673,1565.77,USD,2050-01-14
PAY0883,Riley Taylor,SAL0147,754.91,USD,2050-01-15
PAY0272,Robin Anderson,SAL0367,1638.89,USD,2050-01-16
PAY0424,Quinn Smith,SAL0455,388.31,EUR,2050-01-17
PAY0979,Alex Wilson,,257.17,USD,2050-01-18
PAY0633,Riley Davis,SAL0621,1457.02,EUR,2050-01-19
PAY0211,Morgan Thomas,SAL0287,340.43,EUR,2050-01-20
PAY0852,Jordan Smith,SAL0887,1921.23,USD,2050-01-21
PAY0514,Robin Johnson,SAL0677,217.15,USD,2050-01-22
PAY0225,Jordan Anderson,SAL0331,426.95,USD,2050-01-23
PAY0396,Jordan Thomas,SAL0211,563.02,EUR,2050-01-24
PAY0189,Jamie Thomas,SAL0413,155.73,EUR,2050-01-25
PAY0822,Alex Jackson,SAL0605,1405.37,EUR,2050-01-26
PAY0891,Avery Brown,SAL0216,787.52,EUR,2050-01-27
PAY0680,Taylor Moore,SAL0194,1259.1,USD,2050-01-28
PAY0418,Riley Wilson,SAL0085,1996.47,EUR,2050-01-29
PAY0093,Riley Thomas,SAL0581,1494.25,USD,2050-01-30
PAY0632,Jordan Taylor,SAL0467,1165.6,EUR,2050-01-31
PAY0213,Morgan Jackson,SAL0102,928.11,USD,2050-02-01
PAY0308,Casey Wilson,SAL0403,1375.74,USD,2050-02-02
PAY0203,Jamie Anderson,SAL0567,865.28,EUR,2050-02-03
PAY0894,Jordan Anderson,SAL0990,965.28,EUR,2050-02-04
PAY0152,Quinn Johnson,SAL0401,403.16,USD,2050-02-05
PAY0104,Robin Jackson,SAL0382,305.82,USD,2050-02-06
PAY0721,Quinn Smith,,985.17,USD,2050-02-07
PAY0392,Casey Wilson,SAL0860,105.1,USD,2050-02-08
PAY0583,Avery Brown,SAL0108,934.72,USD,2050-02-09
PAY0686,Riley Moore,SAL0007,1859.82,USD,2050-02-10
PAY0506,Casey Wilson,SAL0724,1036.93,USD,2050-02-11
PAY0895,Jamie Thomas,SAL0687,97.57,EUR,2050-02-12
PAY0230,Robin Davis,,1932.27,EUR,2050-02-13
PAY0348,Jamie Taylor,SAL0201,1970.17,EUR,2050-02-14
PAY0546,Robin Anderson,SAL0588,907.02,USD,2050-02-15
PAY0038,Taylor Thomas,SAL0633,175.79,EUR,2050-02-16
PAY0419,Quinn Jackson,SAL0587,729.06,EUR,2050-02-17
PAY0253,Alex Thomas,SAL0275,1749.68,USD,2050-02-18
PAY0786,Alex Smith,SAL0191,1036.52,USD,2050-02-19
PAY0123,Morgan Johnson,SAL0596,1611.58,USD,2050-02-20
PAY0875,Morgan Moore,SAL0111,826.22,USD,2050-02-21
PAY0009,Avery Taylor,SAL0930,1809.56,EUR,2050-02-22
PAY0274,Robin Anderson,SAL0716,131.03,EUR,2050-02-23
PAY0739,Quinn Davis,SAL0112,1135.48,USD,2050-02-24
PAY0903,Avery Wilson,,1052.74,USD,2050-02-25
PAY0868,Avery Thomas,SAL0069,1885.79,USD,2050-02-26
PAY0259,Riley Wilson,SAL0951,535.17,EUR,2050-02-27
PAY0382,Robin Moore,SAL0907,1845.26,EUR,2050-02-28
PAY0752,Morgan Davis,SAL0473,958.59,EUR,2050-03-01
PAY0473,Quinn Wilson,SAL0072,245.91,USD,2050-03-02
PAY0704,Robin Johnson,SAL0444,932.72,USD,2050-03-03
PAY0524,Casey Wilson,SAL0487,1403.95,USD,2050-03-04
PAY0353,Alex Brown,SAL0222,1021.4,EUR,2050-03-05
PAY0240,Taylor Jackson,SAL0644,1518.14,EUR,2050-03-06
PAY0764,Casey Davis,SAL0684,260.63,EUR,2050-03-07
PAY0527,Taylor Taylor,SAL0081,806.35,EUR,2050-03-08
PAY0899,Avery Davis,SAL0852,920.29,USD,2050-03-09
PAY0493,Jordan Taylor,SAL0320,1131.49,USD,2050-03-10
PAY0281,Morgan Brown,SAL0198,1524.03,USD,2050-03-11
PAY0698,Riley Wilson,SAL0602,1854.94,EUR,2050-03-12
PAY0011,Jamie Thomas,SAL0321,1138.49,EUR,2050-03-13
PAY0536,Morgan Taylor,SAL0761,1782.87,USD,2050-03-14
PAY0346,Casey Jackson,SAL0428,759.06,USD,2050-03-15
PAY0548,Casey Jackson,SAL0790,703.01,USD,2050-03-16
PAY0761,Robin Wilson,SAL0443,268.78,USD,2050-03-17
PAY0320,Morgan Anderson,SAL0336,1864.51,USD,2050-03-18
PAY0198,Riley Anderson,,1698.52,EUR,2050-03-19
PAY0866,Jordan Smith,SAL0206,865.42,USD,2050-03-20
PAY0063,Jamie Taylor,SAL0317,302.58,USD,2050-03-21
PAY0218,Morgan Brown,SAL0011,846.94,USD,2050-03-22
PAY0408,Quinn Taylor,SAL0662,678.15,USD,2050-03-23
PAY0983,Robin Jackson,SAL0867,1254.6,EUR,2050-03-24
PAY0100,Jordan Johnson,SAL0928,1654.8,EUR,2050-03-25
PAY0247,Riley Wilson,SAL0094,1413.6,EUR,2050-03-26
PAY0179,Quinn Moore,SAL0293,1232.62,EUR,2050-03-27
PAY0886,Riley Thomas,SAL0729,1048.04,EUR,2050-03-28
PAY0137,Jamie Anderson,SAL0477,338.66,EUR,2050-03-29
PAY0936,Riley Anderson,SAL0119,491.84,EUR,2050-03-30
PAY0916,Riley Wilson,SAL0324,1030.05,USD,2050-03-31
PAY0810,Jamie Wilson,SAL0655,1624.89,EUR,2050-04-01
PAY0193,Morgan Thomas,SAL0171,1214.09,EUR,2050-04-02
PAY0240,Taylor Jackson,SAL0644,575.22,EUR,2050-04-03
PAY0385,Alex Wilson,SAL0239,1157.83,EUR,2050-04-04
PAY0885,Robin Smith,,1233.49,EUR,2050-04-05
PAY0856,Alex Smith,SAL0303,1168.79,EUR,2050-04-06
PAY0547,Quinn Smith,SAL0437,684.28,EUR,2050-04-07
PAY0248,Riley Moore,SAL0128,1416.58,EUR,2050-04-08
PAY0757,Riley Smith,SAL0161,1799.34,USD,2050-04-09
PAY0778,Jordan Moore,,542.24,USD,2050-04-10
PAY0964,Jamie Smith,SAL0639,809.28,EUR,2050-04-11
PAY0255,Jamie Anderson,SAL0825,1906.54,EUR,2050-04-12
PAY0922,Jamie Taylor,SAL0711,1899.53,EUR,2050-04-13
PAY0332,Quinn Johnson,SAL0953,995.53,EUR,2050-04-14
PAY0652,Jordan Brown,SAL0085,767.95,EUR,2050-04-15
PAY0022,Avery Wilson,SAL0749,1931.22,EUR,2050-04-16
PAY0800,Jordan Wilson,SAL0562,674.92,USD,2050-04-17
PAY0631,Riley Thomas,SAL0325,1328.4,USD,2050-04-18
PAY0922,Jamie Taylor,SAL0711,1000.95,USD,2050-04-19
PAY0417,Riley Davis,,756.98,USD,2050-04-20
PAY0834,Morgan Wilson,SAL0723,171.96,USD,2050-04-21
PAY0222,Taylor Moore,SAL0568,321.36,USD,2050-04-22
PAY0504,Casey Wilson,SAL0808,1414.99,USD,2050-04-23
PAY0274,Robin Anderson,SAL0716,744.0,USD,2050-04-24
PAY0732,Morgan Anderson,SAL0284,910.35,EUR,2050-04-25
PAY0606,Riley Johnson,SAL0377,1431.17,EUR,2050-04-26
PAY0045,Avery Brown,SAL0821,1032.84,USD,2050-04-27
PAY0453,Riley Taylor,SAL0015,986.17,EUR,2050-04-28
PAY0993,Robin Moore,SAL0890,602.93,EUR,2050-04-29
PAY0655,Jamie Wilson,,1889.85,EUR,2050-04-30
PAY0193,Morgan Thomas,SAL0171,179.11,USD,2050-05-01
PAY0103,Jamie Wilson,SAL0856,439.67,USD,2050-05-02
PAY0493,Jordan Taylor,SAL0320,456.48,USD,2050-05-03
PAY0187,Taylor Thomas,,1340.56,EUR,2050-05-04
PAY0862,Riley Brown,SAL0192,1618.86,USD,2050-05-05
PAY0231,Riley Anderson,,1153.64,EUR,2050-05-06
PAY0810,Jamie Wilson,SAL0655,996.38,EUR,2050-05-07
PAY0387,Robin Jackson,SAL0055,447.59,USD,2050-05-08
PAY0048,Taylor Jackson,,132.82,EUR,2050-05-09
PAY0602,Robin Brown,SAL0824,346.13,USD,2050-05-10
PAY0195,Avery Davis,SAL0405,229.44,EUR,2050-05-11
PAY0385,Alex Wilson,SAL0239,417.28,USD,2050-05-12
PAY0397,Robin Jackson,SAL0835,1860.8,EUR,2050-05-13
PAY0070,Riley Brown,SAL0004,271.31,USD,2050-05-14
PAY0522,Riley Johnson,SAL0892,1614.72,USD,2050-05-15
PAY0603,Casey Anderson,SAL0274,1106.25,USD,2050-05-16
PAY0672,Jordan Wilson,SAL0207,985.33,USD,2050-05-17
PAY0188,Morgan Brown,,1688.29,EUR,2050-05-18
PAY0347,Robin Jackson,SAL0065,1575.56,EUR,2050-05-19
PAY0199,Avery Wilson,SAL0001,1811.86,USD,2050-05-20
PAY0552,Morgan Jackson,SAL0389,410.39,EUR,2050-05-21
PAY0921,Robin Johnson,SAL0358,814.69,EUR,2050-05-22
PAY0949,Alex Anderson,SAL0088,501.51,EUR,2050-05-23
PAY0707,Morgan Brown,SAL0186,489.68,EUR,2050-05-24
PAY0432,Quinn Moore,SAL0291,559.63,USD,2050-05-25
PAY0217,Robin Jackson,,95.96,USD,2050-05-26
PAY0497,Alex Anderson,SAL0802,984.55,EUR,2050-05-27
PAY0624,Casey Anderson,SAL0008,509.33,USD,2050-05-28
PAY0887,Taylor Anderson,SAL0594,491.64,USD,2050-05-29
PAY0699,Morgan Anderson,SAL0447,798.8,EUR,2050-05-30
PAY0056,Quinn Wilson,SAL0533,1356.2,USD,2050-05-31
PAY0878,Jordan Brown,SAL0210,812.86,USD,2050-06-01
PAY0886,Riley Thomas,SAL0729,1118.29,EUR,2050-06-02
PAY0653,Morgan Thomas,SAL0646,53.15,USD,2050-06-03
PAY0364,Robin Taylor,SAL0416,1811.77,EUR,2050-06-04
PAY0854,Morgan Moore,SAL0234,650.94,EUR,2050-06-05
PAY0295,Jamie Jackson,SAL0244,920.84,USD,2050-06-06
PAY0655,Jamie Wilson,SAL0042,1398.16,EUR,2050-06-07
PAY0136,Quinn Wilson,SAL0278,312.6,USD,2050-06-08
PAY0769,Riley Johnson,SAL0456,690.0,USD,2050-06-09
PAY0226,Casey Brown,SAL0963,1798.93,USD,2050-06-10
PAY0832,Jordan Brown,SAL0643,1970.58,USD,2050-06-11
PAY0893,Riley Davis,,1460.06,USD,2050-06-12
PAY0627,Morgan Taylor,SAL0185,1535.78,USD,2050-06-13
PAY0781,Robin Anderson,SAL0106,386.03,EUR,2050-06-14
PAY0913,Quinn Smith,SAL0682,1987.43,USD,2050-06-15
PAY0006,Avery Moore,SAL0562,158.89,USD,2050-06-16
PAY0899,Avery Davis,SAL0852,1551.74,USD,2050-06-17
PAY0383,Taylor Davis,SAL0726,402.33,EUR,2050-06-18
PAY0262,Alex Brown,SAL0149,901.96,USD,2050-06-19
PAY0800,Jordan Wilson,SAL0562,607.06,USD,2050-06-20
PAY0963,Morgan Jackson,SAL0347,640.65,EUR,2050-06-21
PAY0468,Morgan Wilson,SAL0712,1896.58,EUR,2050-06-22
PAY0195,Avery Davis,SAL0245,174.67,USD,2050-06-23
PAY0600,Jordan Johnson,SAL0895,1697.71,USD,2050-06-24
PAY0616,Morgan Wilson,,642.69,EUR,2050-06-25
PAY0301,Taylor Taylor,SAL0335,760.74,USD,2050-06-26
PAY0722,Robin Johnson,SAL0958,432.14,EUR,2050-06-27
PAY0321,Jamie Thomas,SAL0880,391.98,EUR,2050-06-28
PAY0004,Morgan Anderson,SAL0519,1109.63,EUR,2050-06-29
PAY0982,Alex Taylor,SAL0997,1187.94,EUR,2050-06-30
PAY0857,Robin Wilson,SAL0785,58.73,USD,2050-07-01
PAY0771,Jamie Davis,SAL0476,1671.71,EUR,2050-07-02
PAY0854,Morgan Moore,SAL0234,1183.09,EUR,2050-07-03
PAY0442,Taylor Johnson,SAL0359,779.41,USD,2050-07-04
PAY0250,Casey Thomas,SAL0689,1995.59,EUR,2050-07-05
PAY0012,Taylor Brown,,655.29,USD,2050-07-06
PAY0937,Morgan Brown,SAL0980,1240.19,EUR,2050-07-07
PAY0531,Taylor Taylor,,141.86,EUR,2050-07-08
PAY0962,Riley Brown,SAL0122,63.12,EUR,2050-07-09
PAY0815,Jordan Jackson,SAL0028,1646.86,USD,2050-07-10
PAY0836,Avery Moore,SAL0197,626.71,EUR,2050-07-11
PAY0421,Quinn Davis,SAL0283,50.11,USD,2050-07-12
PAY0329,Quinn Jackson,SAL0725,402.0,USD,2050-07-13
PAY0103,Jamie Wilson,,74.39,EUR,2050-07-14
PAY0979,Alex Wilson,SAL0289,1691.7,EUR,2050-07-15
PAY0088,Avery Jackson,SAL0310,1451.93,EUR,2050-07-16
PAY0124,Morgan Taylor,SAL0268,1713.35,USD,2050-07-17
PAY0167,Robin Thomas,SAL0174,1362.2,EUR,2050-07-18
PAY0634,Taylor Anderson,SAL0879,518.78,EUR,2050-07-19
PAY0474,Robin Anderson,SAL0138,492.75,EUR,2050-07-20
PAY0105,Jamie Moore,,1225.74,USD,2050-07-21
PAY0260,Robin Smith,SAL0699,1890.78,EUR,2050-07-22
PAY0090,Taylor Thomas,SAL0318,973.29,EUR,2050-07-23
PAY0969,Robin Thomas,SAL0515,1401.36,USD,2050-07-24
PAY0643,Casey Johnson,,638.76,EUR,2050-07-25
PAY0840,Avery Smith,SAL0512,205.14,EUR,2050-07-26
PAY0461,Riley Johnson,SAL0296,99.64,USD,2050-07-27
PAY0768,Jamie Smith,SAL0402,1355.43,EUR,2050-07-28
PAY0660,Riley Johnson,SAL0809,1516.24,USD,2050-07-29
PAY0804,Casey Wilson,SAL0959,1315.24,EUR,2050-07-30
PAY0886,Riley Thomas,SAL0729,1253.16,EUR,2050-07-31
PAY0880,Taylor Johnson,,1826.61,EUR,2050-08-01
PAY0183,Riley Davis,,377.66,USD,2050-08-02
PAY0638,Casey Johnson,SAL0143,1368.02,EUR,2050-08-03
PAY0355,Casey Jackson,SAL0290,1113.42,EUR,2050-08-04
PAY0599,Quinn Brown,SAL0182,1674.66,EUR,2050-08-05
PAY0176,Jordan Johnson,SAL0016,1426.88,EUR,2050-08-06
PAY0240,Taylor Jackson,SAL0644,143.91,USD,2050-08-07
PAY0419,Quinn Jackson,,958.46,USD,2050-08-08
PAY0117,Taylor Anderson,SAL0204,1578.78,EUR,2050-08-09
PAY0976,Quinn Moore,,1379.44,USD,2050-08-10
PAY0490,Jordan Anderson,SAL0458,587.41,USD,2050-08-11
PAY0153,Avery Brown,SAL0753,1643.43,EUR,2050-08-12
PAY0248,Riley Moore,SAL0128,790.76,EUR,2050-08-13
PAY0613,Jamie Johnson,SAL0242,1668.05,USD,2050-08-14
PAY0416,Jordan Thomas,SAL0043,1401.69,USD,2050-08-15
PAY0080,Riley Davis,SAL0089,1685.67,USD,2050-08-16
PAY0223,Morgan Davis,SAL0157,1362.0,EUR,2050-08-17
PAY0970,Casey Smith,SAL0518,90.65,USD,2050-08-18
PAY0797,Jamie Moore,SAL0875,71.0,USD,2050-08-19
PAY0378,Jamie Johnson,,318.14,EUR,2050-08-20
PAY0360,Jordan Davis,SAL0722,1566.43,USD,2050-08-21
PAY0390,Jordan Davis,SAL0022,1422.61,EUR,2050-08-22
PAY0379,Quinn Wilson,SAL0865,1858.22,EUR,2050-08-23
PAY0253,Alex Thomas,SAL0275,1155.82,EUR,2050-08-24
PAY0271,Riley Davis,SAL0902,1478.15,EUR,2050-08-25
PAY0543,Quinn Taylor,SAL0441,1747.88,USD,2050-08-26
PAY0102,Riley Thomas,,1577.74,USD,2050-08-27
PAY0553,Robin Taylor,SAL0360,1602.93,EUR,2050-08-28
PAY0812,Casey Wilson,SAL0003,443.97,EUR,2050-08-29
PAY0950,Jamie Anderson,,1277.52,EUR,2050-08-30
PAY0979,Alex Wilson,,1528.97,USD,2050-08-31
PAY0123,Morgan Johnson,SAL0596,1555.17,EUR,2050-09-01
PAY0806,Riley Wilson,SAL0294,996.36,USD,2050-09-02
PAY0435,Avery Brown,SAL0354,424.36,USD,2050-09-03
PAY0202,Robin Smith,SAL0774,1039.61,USD,2050-09-04
PAY0989,Morgan Smith,SAL0651,599.75,EUR,2050-09-05
PAY0460,Jordan Davis,SAL0767,1729.97,USD,2050-09-06
PAY0296,Robin Taylor,SAL0593,1759.68,USD,2050-09-07
PAY0073,Alex Smith,SAL0941,738.85,USD,2050-09-08
PAY0121,Alex Moore,SAL0345,617.28,USD,2050-09-09
PAY0468,Morgan Wilson,SAL0712,1202.85,USD,2050-09-10
PAY0767,Avery Smith,SAL0140,1046.86,USD,2050-09-11
PAY0301,Taylor Taylor,SAL0335,135.24,USD,2050-09-12
PAY0469,Casey Smith,SAL0960,1895.33,USD,2050-09-13
PAY0460,Jordan Davis,SAL0767,1014.13,EUR,2050-09-14
PAY0186,Avery Thomas,SAL0720,1974.58,USD,2050-09-15
PAY0643,Casey Johnson,SAL0232,972.34,USD,2050-09-16
PAY0151,Avery Anderson,SAL0067,1021.13,USD,2050-09-17
PAY0070,Riley Brown,SAL0004,274.68,EUR,2050-09-18
PAY0505,Riley Brown,,209.31,EUR,2050-09-19
PAY0112,Casey Brown,SAL0495,1858.5,EUR,2050-09-20
PAY0575,Jordan Jackson,SAL0714,1998.61,EUR,2050-09-21
PAY0258,Jordan Smith,SAL0095,1908.48,USD,2050-09-22
PAY0923,Morgan Anderson,SAL0228,134.94,USD,2050-09-23
PAY0517,Robin Thomas,SAL0078,69.22,EUR,2050-09-24
PAY0847,Riley Anderson,SAL0038,1290.46,USD,2050-09-25
PAY0353,Alex Brown,SAL0222,276.73,USD,2050-09-26
PAY0639,Jordan Johnson,SAL0013,1284.32,USD,2050-09-27
PAY0798,Robin Davis,SAL0606,1851.83,EUR,2050-09-28
PAY0024,Avery Taylor,SAL0598,1649.93,EUR,2050-09-29
PAY0626,Morgan Wilson,SAL0731,1148.67,EUR,2050-09-30
PAY0532,Jordan Anderson,,1207.28,EUR,2050-10-01
PAY0092,Jamie Anderson,,592.11,EUR,2050-10-02
PAY0363,Taylor Wilson,,1693.15,USD,2050-10-03
PAY0434,Morgan Jackson,SAL0904,1677.03,USD,2050-10-04
PAY0105,Jamie Moore,SAL0404,753.4,USD,2050-10-05
PAY0621,Jordan Davis,,1885.57,EUR,2050-10-06
PAY0104,Robin Jackson,SAL0382,554.26,EUR,2050-10-07
PAY0123,Morgan Johnson,SAL0596,653.45,USD,2050-10-08
PAY0039,Quinn Brown,SAL0915,362.1,USD,2050-10-09
PAY0932,Alex Smith,SAL0196,1046.07,EUR,2050-10-10
PAY0238,Avery Smith,SAL0271,83.49,USD,2050-10-11
PAY0389,Alex Wilson,SAL0091,1963.34,EUR,2050-10-12
PAY0225,Jordan Anderson,,199.06,USD,2050-10-13
PAY0143,Jordan Jackson,SAL0789,1238.26,EUR,2050-10-14
PAY0175,Quinn Thomas,SAL0829,1249.73,EUR,2050-10-15
PAY0226,Casey Brown,SAL0963,1565.53,EUR,2050-10-16
PAY0939,Taylor Anderson,SAL0912,1679.91,USD,2050-10-17
PAY0304,Taylor Smith,,1942.84,USD,2050-10-18
PAY0256,Avery Smith,SAL0876,460.6,USD,2050-10-19
PAY0738,Alex Smith,SAL0019,401.83,EUR,2050-10-20
PAY0699,Morgan Anderson,SAL0447,630.17,USD,2050-10-21
PAY0091,Jamie Jackson,SAL0318,1655.04,USD,2050-10-22
PAY0406,Morgan Wilson,SAL0584,887.71,USD,2050-10-23
PAY0582,Jamie Smith,SAL0551,1344.88,EUR,2050-10-24
PAY0704,Robin Johnson,SAL0444,1914.28,USD,2050-10-25
PAY0874,Quinn Taylor,SAL0136,715.87,USD,2050-10-26
PAY0289,Jordan Davis,SAL0105,744.94,USD,2050-10-27
PAY0290,Jamie Johnson,SAL0540,1897.62,EUR,2050-10-28
PAY0664,Taylor Smith,SAL0936,245.18,USD,2050-10-29
PAY0200,Quinn Anderson,SAL0635,1039.43,USD,2050-10-30
PAY0313,Jamie Thomas,SAL0847,1910.79,EUR,2050-10-31
PAY0391,Taylor Davis,SAL0179,1644.91,USD,2050-11-01
PAY0012,Taylor Brown,SAL0676,852.89,USD,2050-11-02
PAY0282,Quinn Jackson,SAL0627,1329.02,EUR,2050-11-03
PAY0099,Morgan Davis,SAL0059,415.79,EUR,2050-11-04
PAY0699,Morgan Anderson,SAL0447,298.86,USD,2050-11-05
PAY0330,Robin Thomas,SAL0841,1889.71,USD,2050-11-06
PAY0144,Casey Wilson,SAL0928,432.15,USD,2050-11-07
PAY0743,Riley Thomas,SAL0061,208.04,EUR,2050-11-08
PAY0052,Taylor Johnson,SAL0146,482.02,EUR,2050-11-09
PAY0378,Jamie Johnson,SAL0006,1055.75,EUR,2050-11-10
PAY0632,Jordan Taylor,,546.26,USD,2050-11-11
PAY0229,Jordan Johnson,SAL0776,1849.44,USD,2050-11-12
PAY0303,Morgan Jackson,SAL0885,1814.58,EUR,2050-11-13
PAY0972,Riley Smith,SAL0426,1196.7,USD,2050-11-14
PAY0461,Riley Johnson,SAL0296,267.4,USD,2050-11-15
PAY0604,Morgan Davis,SAL0530,617.21,EUR,2050-11-16
PAY0414,Jamie Davis,,798.61,USD,2050-11-17
PAY0833,Casey Thomas,SAL0624,216.26,EUR,2050-11-18
PAY0280,Jordan Jackson,SAL0027,258.15,EUR,2050-11-19
PAY0765,Taylor Johnson,SAL0882,257.84,USD,2050-11-20
PAY0789,Alex Taylor,SAL0813,1948.29,USD,2050-11-21
PAY0684,Jamie Taylor,SAL0796,278.41,USD,2050-11-22
PAY0738,Alex Smith,SAL0019,712.03,EUR,2050-11-23
PAY0838,Casey Davis,SAL0352,87.73,EUR,2050-11-24
PAY0472,Riley Davis,SAL0481,969.38,EUR,2050-11-25
PAY0217,Robin Jackson,SAL0714,511.71,EUR,2050-11-26
PAY0943,Quinn Jackson,SAL0667,1295.84,USD,2050-11-27
PAY0154,Riley Brown,SAL0464,1613.76,EUR,2050-11-28
PAY0808,Casey Jackson,,1728.93,USD,2050-11-29
PAY0087,Morgan Jackson,,201.69,USD,2050-11-30
PAY0629,Quinn Thomas,SAL0372,975.43,USD,2050-12-01
PAY0619,Taylor Johnson,SAL0819,321.73,USD,2050-12-02
PAY0788,Riley Thomas,,1521.5,USD,2050-12-03
PAY0181,Taylor Wilson,SAL0302,503.33,USD,2050-12-04
PAY0551,Morgan Moore,SAL0645,936.0,EUR,2050-12-05
PAY0150,Quinn Jackson,SAL0766,733.34,USD,2050-12-06
PAY0047,Jamie Taylor,SAL0140,1705.28,EUR,2050-12-07
PAY0796,Avery Moore,SAL0601,593.21,EUR,2050-12-08
PAY0040,Riley Johnson,SAL0863,1223.73,EUR,2050-12-09
PAY0674,Morgan Moore,SAL0827,1692.63,USD,2050-12-10
PAY0680,Taylor Moore,SAL0194,1998.13,EUR,2050-12-11
PAY0414,Jamie Davis,SAL0118,360.45,EUR,2050-12-12
PAY0437,Alex Taylor,SAL0442,798.75,USD,2050-12-13
PAY0045,Avery Brown,SAL0821,810.19,EUR,2050-12-14
PAY0613,Jamie Johnson,SAL0255,73.14,EUR,2050-12-15
PAY0340,Avery Davis,SAL0209,373.94,USD,2050-12-16
PAY0332,Quinn Johnson,SAL0953,134.31,EUR,2050-12-17
PAY0693,Robin Davis,SAL0131,613.5,EUR,2050-12-18
PAY0873,Jordan Thomas,SAL0585,497.35,USD,2050-12-19
PAY0705,Jamie Wilson,SAL0779,826.41,USD,2050-12-20
PAY0468,Morgan Wilson,,997.35,USD,2050-12-21
PAY0180,Riley Taylor,SAL0189,289.58,EUR,2050-12-22
PAY0069,Jamie Moore,SAL0093,1774.05,EUR,2050-12-23
PAY0311,Taylor Jackson,SAL0505,1555.87,EUR,2050-12-24
PAY0114,Robin Anderson,SAL0266,59.42,EUR,2050-12-25
PAY0237,Alex Thomas,SAL0944,466.67,EUR,2050-12-26
PAY0631,Riley Thomas,SAL0325,1073.12,USD,2050-12-27
PAY0570,Quinn Moore,SAL0436,709.88,EUR,2050-12-28
PAY0743,Riley Thomas,SAL0061,1897.39,USD,2050-12-29
PAY0862,Riley Brown,SAL0192,1285.61,EUR,2050-12-30
PAY0448,Riley Johnson,,1170.2,EUR,2050-12-31
PAY0837,Taylor Moore,SAL0490,620.27,USD,2051-01-01
PAY0636,Robin Jackson,SAL0463,1475.87,EUR,2051-01-02
PAY0533,Alex Thomas,SAL0967,1604.66,EUR,2051-01-03
PAY0235,Jamie Brown,SAL0338,1960.12,EUR,2051-01-04
PAY0464,Riley Taylor,SAL0987,1847.64,EUR,2051-01-05
PAY0590,Robin Thomas,,403.56,EUR,2051-01-06
PAY0068,Riley Taylor,SAL0381,700.42,USD,2051-01-07
PAY0719,Taylor Moore,SAL0510,906.21,EUR,2051-01-08
PAY0722,Robin Johnson,SAL0698,1910.67,USD,2051-01-09
PAY0138,Quinn Taylor,SAL0307,602.64,EUR,2051-01-10
PAY0779,Avery Moore,SAL0238,1147.24,USD,2051-01-11
PAY0091,Jamie Jackson,SAL0318,906.25,USD,2051-01-12
PAY0436,Jamie Taylor,SAL0693,336.45,EUR,2051-01-13
PAY0258,Jordan Smith,SAL0095,421.54,USD,2051-01-14
PAY0005,Jordan Davis,SAL0462,997.4,EUR,2051-01-15
PAY0361,Riley Anderson,SAL0468,403.21,USD,2051-01-16
PAY0139,Robin Johnson,,1280.86,USD,2051-01-17
PAY0404,Jordan Anderson,SAL0952,1591.26,USD,2051-01-18
PAY0329,Quinn Jackson,SAL0725,1434.59,EUR,2051-01-19
PAY0509,Robin Thomas,SAL0500,883.37,EUR,2051-01-20
PAY0912,Jordan Smith,SAL0766,1158.17,USD,2051-01-21
PAY0462,Riley Thomas,SAL0878,1557.67,EUR,2051-01-22
PAY0769,Riley Johnson,SAL0456,201.35,USD,2051-01-23
PAY0171,Riley Thomas,SAL0305,1428.46,USD,2051-01-24
PAY0774,Morgan Brown,SAL0777,565.73,EUR,2051-01-25
PAY0588,Riley Smith,SAL0634,978.38,USD,2051-01-26
PAY0893,Riley Davis,SAL0472,1950.67,USD,2051-01-27
PAY0948,Morgan Wilson,SAL0858,1006.16,EUR,2051-01-28
PAY0639,Jordan Johnson,SAL0013,81.64,EUR,2051-01-29
PAY0361,Riley Anderson,SAL0468,912.92,EUR,2051-01-30
PAY0753,Casey Brown,SAL0044,950.8,USD,2051-01-31
PAY0961,Casey Taylor,SAL0798,1277.95,EUR,2051-02-01
PAY0522,Riley Johnson,SAL0892,66.94,USD,2051-02-02
PAY0434,Morgan Jackson,SAL0904,525.16,EUR,2051-02-03
PAY0416,Jordan Thomas,SAL0043,1667.23,USD,2051-02-04
PAY0579,Riley Anderson,SAL0423,323.91,USD,2051-02-05
PAY0794,Casey Brown,SAL0966,1666.09,USD,2051-02-06
PAY0599,Quinn Brown,SAL0182,287.69,USD,2051-02-07
PAY0980,Casey Thomas,SAL0429,182.92,EUR,2051-02-08
PAY0560,Morgan Jackson,SAL0560,1196.64,USD,2051-02-09
PAY0135,Riley Anderson,SAL0691,1251.19,EUR,2051-02-10
PAY0065,Alex Wilson,SAL0132,1962.43,EUR,2051-02-11
PAY0950,Jamie Anderson,SAL0535,1593.39,EUR,2051-02-12
PAY0127,Alex Jackson,SAL0563,342.15,USD,2051-02-13
PAY0623,Quinn Wilson,SAL0694,551.72,USD,2051-02-14
PAY0109,Avery Wilson,SAL0148,692.25,EUR,2051-02-15
PAY0716,Taylor Jackson,SAL0311,261.67,EUR,2051-02-16
PAY0633,Riley Davis,SAL0621,687.18,EUR,2051-02-17
PAY0701,Riley Johnson,SAL0409,666.48,USD,2051-02-18
PAY0076,Taylor Wilson,SAL0940,1850.92,USD,2051-02-19
PAY0211,Morgan Thomas,SAL0287,1060.6,USD,2051-02-20
PAY0847,Riley Anderson,SAL0038,1073.51,EUR,2051-02-21
PAY0310,Morgan Johnson,,1682.39,EUR,2051-02-22
PAY0763,Taylor Wilson,SAL0640,326.22,EUR,2051-02-23
PAY0526,Riley Jackson,SAL0165,469.78,EUR,2051-02-24
PAY0528,Casey Brown,SAL0680,952.74,EUR,2051-02-25
PAY0543,Quinn Taylor,SAL0441,1888.9,USD,2051-02-26
PAY0638,Casey Johnson,SAL0143,831.21,USD,2051-02-27
PAY0241,Riley Wilson,SAL0082,77.98,USD,2051-02-28
PAY0400,Riley Moore,,879.36,EUR,2051-03-01
PAY0728,Jordan Smith,SAL0247,376.07,EUR,2051-03-02
PAY0108,Riley Smith,SAL0394,430.84,USD,2051-03-03
PAY0770,Quinn Davis,SAL0470,893.18,USD,2051-03-04
PAY0982,Alex Taylor,SAL0997,813.24,EUR,2051-03-05
PAY0764,Casey Davis,SAL0684,1156.93,USD,2051-03-06
PAY0054,Morgan Jackson,SAL0015,1705.55,EUR,2051-03-07
PAY0207,Avery Johnson,SAL0172,1818.5,USD,2051-03-08
PAY0692,Riley Moore,SAL0202,289.87,EUR,2051-03-09
PAY0718,Jordan Jackson,SAL0609,1736.58,EUR,2051-03-10
PAY0275,Jordan Moore,SAL0539,644.13,EUR,2051-03-11
PAY0270,Jamie Taylor,SAL0965,1895.85,USD,2051-03-12
PAY0996,Robin Moore,SAL0728,266.96,USD,2051-03-13
PAY0209,Riley Smith,SAL0387,1505.44,USD,2051-03-14
PAY0070,Riley Brown,SAL0004,1822.4,EUR,2051-03-15
PAY0109,Avery Wilson,SAL0148,1576.83,USD,2051-03-16
PAY0899,Avery Davis,SAL0852,1923.68,EUR,2051-03-17
PAY0050,Alex Thomas,SAL0656,614.59,EUR,2051-03-18
PAY0055,Morgan Smith,SAL0492,1608.05,EUR,2051-03-19
PAY0642,Quinn Johnson,SAL0582,586.52,USD,2051-03-20
PAY0773,Taylor Johnson,SAL0163,1454.16,USD,2051-03-21
PAY0553,Robin Taylor,SAL0360,800.26,EUR,2051-03-22
PAY0386,Taylor Anderson,SAL0454,750.25,USD,2051-03-23
PAY0082,Jordan Wilson,SAL0414,1967.32,USD,2051-03-24
PAY0989,Morgan Smith,SAL0651,1589.45,EUR,2051-03-25
PAY0472,Riley Davis,SAL0481,805.81,USD,2051-03-26
PAY0080,Riley Davis,SAL0089,1928.37,EUR,2051-03-27
PAY0858,Riley Davis,SAL0780,768.75,USD,2051-03-28
PAY0721,Quinn Smith,SAL0697,1414.69,USD,2051-03-29
PAY0898,Riley Jackson,SAL0628,1289.34,EUR,2051-03-30
PAY0251,Jamie Moore,SAL0374,1805.38,EUR,2051-03-31
PAY0442,Taylor Johnson,SAL0359,1832.74,USD,2051-04-01
PAY0778,Jordan Moore,SAL0784,1509.95,USD,2051-04-02
PAY0509,Robin Thomas,SAL0500,184.81,USD,2051-04-03
PAY0028,Jordan Smith,SAL0115,192.96,EUR,2051-04-04
PAY0696,Jamie Jackson,,839.77,USD,2051-04-05
PAY0239,Casey Johnson,SAL0979,443.89,EUR,2051-04-06
PAY0922,Jamie Taylor,SAL0711,769.79,EUR,2051-04-07
PAY0501,Casey Thomas,SAL0322,1581.86,USD,2051-04-08
PAY0199,Avery Wilson,SAL0001,125.02,USD,2051-04-09
PAY0307,Casey Johnson,SAL0603,1717.17,EUR,2051-04-10
PAY0573,Avery Thomas,SAL0871,945.89,USD,2051-04-11
PAY0256,Avery Smith,SAL0876,781.39,EUR,2051-04-12
PAY0749,Jordan Brown,SAL0494,1304.32,USD,2051-04-13
PAY0853,Robin Brown,SAL0474,387.61,USD,2051-04-14
PAY0723,Jordan Anderson,SAL0925,918.26,USD,2051-04-15
PAY0230,Robin Davis,SAL0308,653.32,USD,2051-04-16
PAY0914,Jamie Taylor,SAL0946,495.93,EUR,2051-04-17
PAY0725,Jamie Taylor,,568.96,USD,2051-04-18
PAY0712,Taylor Smith,SAL0842,1204.24,USD,2051-04-19
PAY0121,Alex Moore,SAL0345,551.69,EUR,2051-04-20
PAY0771,Jamie Davis,SAL0476,437.57,USD,2051-04-21
PAY0675,Jamie Thomas,SAL0431,1750.56,USD,2051-04-22
PAY0360,Jordan Davis,SAL0722,1462.22,EUR,2051-04-23
PAY0778,Jordan Moore,,1087.99,EUR,2051-04-24
PAY0611,Avery Johnson,SAL0340,1188.72,EUR,2051-04-25
PAY0383,Taylor Davis,,1041.18,EUR,2051-04-26
PAY0678,Robin Taylor,SAL0489,645.11,EUR,2051-04-27
PAY0972,Riley Smith,SAL0426,1199.72,USD,2051-04-28
PAY0624,Casey Anderson,SAL0008,722.41,EUR,2051-04-29
PAY0441,Jordan Brown,SAL0622,595.15,USD,2051-04-30
PAY0920,Avery Smith,SAL0920,1290.55,EUR,2051-05-01
PAY0578,Avery Anderson,SAL0361,1077.15,EUR,2051-05-02
PAY0508,Casey Brown,SAL0836,1680.62,USD,2051-05-03
PAY0631,Riley Thomas,SAL0325,1258.89,EUR,2051-05-04
PAY0597,Jamie Smith,SAL0972,1500.93,USD,2051-05-05
PAY0249,Robin Thomas,SAL0379,1154.71,USD,2051-05-06
PAY0819,Alex Moore,SAL0383,66.37,USD,2051-05-07
PAY0818,Quinn Taylor,SAL0021,1887.54,EUR,2051-05-08
PAY0437,Alex Taylor,SAL0442,1297.22,EUR,2051-05-09
PAY0964,Jamie Smith,SAL0639,1653.45,USD,2051-05-10
PAY0329,Quinn Jackson,SAL0725,657.34,EUR,2051-05-11
PAY0008,Quinn Davis,SAL0168,1999.64,USD,2051-05-12
PAY0279,Jamie Smith,SAL0764,1006.54,USD,2051-05-13
PAY0617,Quinn Johnson,SAL0212,327.03,EUR,2051-05-14
PAY0916,Riley Wilson,,292.45,USD,2051-05-15
PAY0640,Casey Taylor,SAL0900,657.36,EUR,2051-05-16
PAY0207,Avery Johnson,SAL0172,942.34,USD,2051-05-17
PAY0728,Jordan Smith,SAL0247,1236.71,EUR,2051-05-18
PAY0294,Casey Thomas,SAL0071,1377.67,USD,2051-05-19
PAY0651,Jamie Jackson,SAL0705,1650.74,USD,2051-05-20
PAY0254,Quinn Taylor,SAL0659,1821.8,USD,2051-05-21
PAY0273,Morgan Moore,SAL0733,1362.97,USD,2051-05-22
PAY0132,Jamie Thomas,SAL0440,1546.13,USD,2051-05-23
PAY0037,Avery Johnson,SAL0226,1870.01,EUR,2051-05-24
PAY0670,Quinn Taylor,SAL0781,1422.16,EUR,2051-05-25
PAY0380,Jordan Thomas,SAL0748,988.75,USD,2051-05-26
PAY0378,Jamie Johnson,SAL0006,907.49,USD,2051-05-27
PAY0866,Jordan Smith,,1729.58,EUR,2051-05-28
PAY0814,Jamie Davis,SAL0030,1251.12,USD,2051-05-29
PAY0885,Robin Smith,SAL0828,1993.79,EUR,2051-05-30
PAY0115,Riley Johnson,SAL0641,1060.08,EUR,2051-05-31
PAY0350,Taylor Taylor,SAL0087,1652.14,USD,2051-06-01
PAY0230,Robin Davis,SAL0308,673.69,EUR,2051-06-02
PAY0057,Jamie Johnson,SAL0620,804.34,USD,2051-06-03
PAY0214,Riley Anderson,SAL0269,1447.31,USD,2051-06-04
PAY0673,Taylor Brown,SAL0899,381.07,EUR,2051-06-05
PAY0600,Jordan Johnson,SAL0895,1740.59,USD,2051-06-06
PAY0487,Morgan Wilson,SAL0418,1647.35,EUR,2051-06-07
PAY0488,Robin Johnson,SAL0948,170.57,EUR,2051-06-08
PAY0313,Jamie Thomas,SAL0847,1259.23,EUR,2051-06-09
PAY0540,Jordan Taylor,SAL0173,1046.78,EUR,2051-06-10
PAY0384,Taylor Johnson,SAL0109,1746.02,USD,2051-06-11
PAY0161,Avery Jackson,SAL0256,1576.0,EUR,2051-06-12
PAY0791,Morgan Thomas,SAL0478,617.47,EUR,2051-06-13
PAY0541,Jamie Brown,SAL0513,1593.3,USD,2051-06-14
PAY0019,Jamie Davis,SAL0219,526.75,USD,2051-06-15
PAY0656,Taylor Jackson,SAL0047,1581.26,USD,2051-06-16
PAY0647,Avery Davis,SAL0642,698.41,EUR,2051-06-17
PAY0850,Casey Jackson,SAL0153,790.5,USD,2051-06-18
PAY0355,Casey Jackson,SAL0290,1663.22,EUR,2051-06-19
PAY0623,Quinn Wilson,SAL0694,883.98,USD,2051-06-20
PAY0751,Quinn Jackson,SAL0548,1363.87,USD,2051-06-21
PAY0215,Jamie Smith,SAL0231,338.57,USD,2051-06-22
PAY0294,Casey Thomas,SAL0071,1251.75,EUR,2051-06-23
PAY0585,Jamie Wilson,SAL0323,315.09,EUR,2051-06-24
PAY0367,Robin Anderson,SAL0803,1432.82,USD,2051-06-25
PAY0536,Morgan Taylor,,1365.02,EUR,2051-06-26
PAY0015,Jamie Johnson,SAL0570,602.89,USD,2051-06-27
PAY0022,Avery Wilson,SAL0749,63.89,USD,2051-06-28
PAY0981,Casey Johnson,SAL0807,65.07,EUR,2051-06-29
PAY0091,Jamie Jackson,SAL0318,1085.77,USD,2051-06-30
PAY0256,Avery Smith,SAL0876,1184.36,USD,2051-07-01
PAY0535,Quinn Thomas,SAL0133,1036.61,USD,2051-07-02
PAY0255,Jamie Anderson,SAL0825,1240.19,EUR,2051-07-03
PAY0311,Taylor Jackson,SAL0505,855.96,USD,2051-07-04
PAY0112,Casey Brown,SAL0495,194.31,EUR,2051-07-05
PAY0201,Avery Jackson,SAL0230,249.97,USD,2051-07-06
PAY0243,Riley Taylor,SAL0306,907.1,EUR,2051-07-07
PAY0617,Quinn Johnson,SAL0212,305.78,USD,2051-07-08
PAY0221,Jordan Davis,SAL0843,1248.61,USD,2051-07-09
PAY0529,Morgan Smith,,901.14,USD,2051-07-10
PAY0652,Jordan Brown,SAL0085,201.51,USD,2051-07-11
PAY0467,Jordan Anderson,SAL0739,614.81,USD,2051-07-12
PAY0738,Alex Smith,SAL0019,1440.73,EUR,2051-07-13
PAY0245,Avery Thomas,SAL0520,405.61,EUR,2051-07-14
PAY0674,Morgan Moore,SAL0827,1009.12,EUR,2051-07-15
PAY0979,Alex Wilson,SAL0289,298.7,EUR,2051-07-16
PAY0017,Riley Anderson,SAL0110,1559.26,USD,2051-07-17
PAY0520,Casey Taylor,SAL0265,938.73,EUR,2051-07-18
PAY0939,Taylor Anderson,SAL0912,1092.86,USD,2051-07-19
PAY0619,Taylor Johnson,SAL0819,1743.47,USD,2051-07-20
PAY0499,Morgan Moore,SAL0743,700.81,USD,2051-07-21
PAY0975,Riley Jackson,SAL0810,1441.53,EUR,2051-07-22
PAY0220,Quinn Thomas,SAL0564,1287.67,EUR,2051-07-23
PAY0408,Quinn Taylor,SAL0662,1502.56,EUR,2051-07-24
PAY0360,Jordan Davis,SAL0722,543.25,USD,2051-07-25
PAY0382,Robin Moore,SAL0168,1248.84,USD,2051-07-26
PAY0100,Jordan Johnson,SAL0703,693.35,EUR,2051-07-27
PAY0654,Robin Thomas,,968.59,USD,2051-07-28
PAY0636,Robin Jackson,SAL0463,474.98,USD,2051-07-29
PAY0666,Jordan Taylor,SAL0986,1540.09,EUR,2051-07-30
PAY0170,Jordan Smith,SAL0501,1342.37,EUR,2051-07-31
PAY0223,Morgan Davis,SAL0157,1843.52,USD,2051-08-01
PAY0386,Taylor Anderson,SAL0454,984.67,EUR,2051-08-02
PAY0710,Avery Jackson,SAL0425,372.42,USD,2051-08-03
PAY0819,Alex Moore,SAL0383,1407.37,USD,2051-08-04
PAY0059,Casey Jackson,SAL0746,876.67,EUR,2051-08-05
PAY0381,Avery Davis,SAL0264,1474.15,EUR,2051-08-06
PAY0693,Robin Davis,SAL0110,872.52,USD,2051-08-07
PAY0820,Morgan Brown,SAL0612,870.94,EUR,2051-08-08
PAY0740,Riley Anderson,SAL0901,1233.42,USD,2051-08-09
PAY0030,Quinn Davis,SAL0947,1376.2,EUR,2051-08-10
PAY0838,Casey Davis,SAL0352,1731.55,EUR,2051-08-11
PAY0352,Quinn Taylor,SAL0592,287.91,USD,2051-08-12
PAY0606,Riley Johnson,,1809.11,USD,2051-08-13
PAY0599,Quinn Brown,SAL0182,1263.43,USD,2051-08-14
PAY0205,Robin Thomas,SAL0223,980.84,USD,2051-08-15
PAY0890,Robin Smith,SAL0685,1390.59,USD,2051-08-16
PAY0509,Robin Thomas,SAL0500,205.48,USD,2051-08-17
PAY0047,Jamie Taylor,SAL0977,1807.22,EUR,2051-08-18
PAY0523,Morgan Johnson,SAL0752,570.22,EUR,2051-08-19
PAY0468,Morgan Wilson,SAL0712,960.66,EUR,2051-08-20
PAY0128,Jamie Johnson,,1423.85,EUR,2051-08-21
PAY0588,Riley Smith,SAL0634,1416.11,EUR,2051-08-22
PAY0250,Casey Thomas,SAL0689,1217.64,EUR,2051-08-23
PAY0964,Jamie Smith,,622.73,USD,2051-08-24
PAY0565,Morgan Thomas,SAL0448,1865.49,USD,2051-08-25
PAY0270,Jamie Taylor,SAL0965,1163.58,EUR,2051-08-26
PAY0191,Robin Brown,SAL0884,1316.13,USD,2051-08-27
PAY0858,Riley Davis,,1057.65,EUR,2051-08-28
PAY0839,Riley Wilson,SAL0169,1943.77,EUR,2051-08-29
PAY0835,Jordan Thomas,,415.2,EUR,2051-08-30
PAY0097,Robin Jackson,SAL0203,1300.88,USD,2051-08-31
PAY0237,Alex Thomas,SAL0944,232.88,EUR,2051-09-01
PAY0837,Taylor Moore,,913.81,EUR,2051-09-02
PAY0605,Morgan Anderson,SAL0909,484.76,EUR,2051-09-03
PAY0993,Robin Moore,SAL0888,1220.37,EUR,2051-09-04
PAY0243,Riley Taylor,SAL0306,1979.54,EUR,2051-09-05
PAY0665,Robin Wilson,SAL0943,1102.89,USD,2051-09-06
PAY0233,Jordan Thomas,SAL0273,154.79,EUR,2051-09-07
PAY0839,Riley Wilson,SAL0169,916.23,USD,2051-09-08
PAY0448,Riley Johnson,SAL0229,851.79,EUR,2051-09-09
PAY0340,Avery Davis,SAL0209,1721.91,EUR,2051-09-10
PAY0077,Robin Jackson,SAL0922,1513.71,EUR,2051-09-11
PAY0637,Avery Anderson,SAL0688,1495.02,USD,2051-09-12
PAY0783,Jordan Anderson,SAL0763,1655.06,EUR,2051-09-13
PAY0129,Robin Wilson,SAL0151,1746.78,USD,2051-09-14
PAY0392,Casey Wilson,,1849.12,EUR,2051-09-15
PAY0574,Casey Wilson,SAL0111,391.97,USD,2051-09-16
PAY0113,Riley Moore,SAL0540,469.1,EUR,2051-09-17
PAY0120,Jamie Wilson,,1007.3,USD,2051-09-18
PAY0940,Morgan Jackson,SAL0079,1643.64,USD,2051-09-19
PAY0728,Jordan Smith,SAL0247,1271.24,USD,2051-09-20
PAY0212,Jamie Johnson,,990.58,EUR,2051-09-21
PAY0419,Quinn Jackson,SAL0514,986.63,EUR,2051-09-22
PAY0361,Riley Anderson,,1480.7,EUR,2051-09-23
PAY0867,Taylor Johnson,SAL0649,396.43,USD,2051-09-24
PAY0938,Alex Moore,SAL0610,1016.67,EUR,2051-09-25
PAY0341,Quinn Johnson,SAL0188,1431.65,USD,2051-09-26
PAY0058,Casey Jackson,SAL0994,1477.48,EUR,2051-09-27
PAY0659,Quinn Wilson,SAL0341,206.35,USD,2051-09-28
PAY0649,Avery Moore,,1739.38,EUR,2051-09-29
PAY0468,Morgan Wilson,SAL0712,1805.65,EUR,2051-09-30
PAY0988,Jordan Anderson,,384.81,USD,2051-10-01
PAY0730,Quinn Taylor,SAL0235,1978.7,EUR,2051-10-02
PAY0352,Quinn Taylor,SAL0592,1393.99,EUR,2051-10-03
PAY0863,Quinn Jackson,SAL0949,1047.46,EUR,2051-10-04
PAY0728,Jordan Smith,SAL0247,1945.79,USD,2051-10-05
PAY0124,Morgan Taylor,SAL0268,1162.93,USD,2051-10-06
PAY0179,Quinn Moore,SAL0293,1229.85,USD,2051-10-07
PAY0795,Quinn Brown,SAL0933,982.64,EUR,2051-10-08
PAY0353,Alex Brown,,383.96,EUR,2051-10-09
PAY0144,Casey Wilson,SAL0928,363.61,EUR,2051-10-10
PAY0016,Alex Wilson,SAL0942,1036.26,EUR,2051-10-11
PAY0061,Taylor Thomas,SAL0281,1940.24,USD,2051-10-12
PAY0335,Riley Taylor,SAL0083,1292.4,USD,2051-10-13
PAY0882,Taylor Wilson,SAL0727,1801.27,EUR,2051-10-14
PAY0563,Taylor Moore,SAL0213,1213.77,EUR,2051-10-15
PAY0655,Jamie Wilson,SAL0042,1672.64,EUR,2051-10-16
PAY0941,Jordan Moore,SAL0973,427.15,USD,2051-10-17
PAY0106,Avery Moore,SAL0012,325.38,EUR,2051-10-18
PAY0160,Robin Brown,SAL0385,968.08,USD,2051-10-19
PAY0891,Avery Brown,,1977.17,EUR,2051-10-20
PAY0718,Jordan Jackson,SAL0609,994.02,EUR,2051-10-21
PAY0295,Jamie Jackson,SAL0855,1180.98,EUR,2051-10-22
PAY0107,Alex Jackson,SAL0252,449.99,USD,2051-10-23
PAY0264,Quinn Davis,SAL0753,724.72,EUR,2051-10-24
PAY0432,Quinn Moore,SAL0291,319.34,EUR,2051-10-25
PAY0332,Quinn Johnson,SAL0953,1605.61,USD,2051-10-26
PAY0868,Avery Thomas,SAL0069,1937.01,EUR,2051-10-27
PAY0055,Morgan Smith,SAL0492,1161.71,EUR,2051-10-28
PAY0305,Casey Davis,SAL0945,1332.49,EUR,2051-10-29
PAY0348,Jamie Taylor,SAL0201,1961.1,USD,2051-10-30
PAY0684,Jamie Taylor,SAL0796,988.51,USD,2051-10-31
PAY0114,Robin Anderson,SAL0266,666.44,EUR,2051-11-01
PAY0268,Robin Thomas,SAL0589,1327.72,USD,2051-11-02
PAY0257,Taylor Moore,SAL0976,982.76,USD,2051-11-03
PAY0186,Avery Thomas,SAL0720,1523.91,USD,2051-11-04
PAY0436,Jamie Taylor,SAL0693,432.04,EUR,2051-11-05
PAY0514,Robin Johnson,,459.99,EUR,2051-11-06
PAY0908,Quinn Thomas,SAL0738,723.72,USD,2051-11-07
PAY0582,Jamie Smith,SAL0551,1747.57,EUR,2051-11-08
PAY0303,Morgan Jackson,,1995.84,EUR,2051-11-09
PAY0673,Taylor Brown,SAL0899,698.61,EUR,2051-11-10
PAY0777,Robin Wilson,SAL0974,1675.93,USD,2051-11-11
PAY0928,Morgan Davis,SAL0096,1478.87,EUR,2051-11-12
PAY0094,Taylor Johnson,SAL0875,1069.4,EUR,2051-11-13
PAY0384,Taylor Johnson,SAL0109,1833.77,EUR,2051-11-14
PAY0572,Taylor Jackson,SAL0409,456.79,EUR,2051-11-15
PAY0224,Alex Moore,SAL0363,734.19,EUR,2051-11-16
PAY0148,Robin Brown,SAL0735,846.24,EUR,2051-11-17
PAY0534,Jordan Moore,SAL0782,160.33,EUR,2051-11-18
PAY0395,Quinn Smith,SAL0025,1622.75,EUR,2051-11-19
PAY0243,Riley Taylor,SAL0306,496.39,EUR,2051-11-20
PAY0054,Morgan Jackson,SAL0015,138.54,EUR,2051-11-21
PAY0160,Robin Brown,SAL0385,1901.76,USD,2051-11-22
PAY0510,Jordan Smith,SAL0750,1399.69,EUR,2051-11-23
PAY0329,Quinn Jackson,SAL0725,1950.4,USD,2051-11-24
PAY0706,Morgan Wilson,SAL0872,509.0,USD,2051-11-25
PAY0760,Alex Brown,SAL0405,970.86,USD,2051-11-26
PAY0397,Robin Jackson,SAL0835,1096.26,USD,2051-11-27
PAY0455,Jamie Wilson,SAL0452,817.24,USD,2051-11-28
PAY0236,Jordan Smith,SAL0595,830.42,EUR,2051-11-29
PAY0811,Riley Thomas,SAL0793,960.86,USD,2051-11-30
PAY0312,Riley Johnson,SAL0422,1542.68,EUR,2051-12-01
PAY0049,Casey Brown,SAL0158,117.31,EUR,2051-12-02
PAY0648,Quinn Smith,SAL0707,633.17,USD,2051-12-03
PAY0842,Alex Johnson,SAL0557,742.07,USD,2051-12-04
PAY0177,Taylor Wilson,SAL0917,1198.16,EUR,2051-12-05
PAY0228,Riley Brown,,1415.01,USD,2051-12-06
PAY0743,Riley Thomas,SAL0061,1604.94,EUR,2051-12-07
PAY0747,Casey Johnson,SAL0368,1748.91,USD,2051-12-08
PAY0300,Quinn Moore,SAL0421,485.8,EUR,2051-12-09
PAY0105,Jamie Moore,SAL0404,609.84,EUR,2051-12-10
PAY0721,Quinn Smith,SAL0697,622.67,EUR,2051-12-11
PAY0374,Jordan Smith,SAL0683,1023.96,EUR,2051-12-12
PAY0277,Avery Wilson,SAL0199,325.7,EUR,2051-12-13
PAY0556,Robin Jackson,SAL0178,1366.18,EUR,2051-12-14
PAY0171,Riley Thomas,SAL0305,116.57,USD,2051-12-15
PAY0799,Alex Thomas,SAL0215,1561.57,USD,2051-12-16
PAY0964,Jamie Smith,SAL0639,867.97,EUR,2051-12-17
PAY0033,Jamie Jackson,SAL0277,1402.9,USD,2051-12-18
PAY0478,Robin Wilson,SAL0850,1799.38,USD,2051-12-19
PAY0566,Taylor Johnson,SAL0550,1130.47,USD,2051-12-20
PAY0062,Alex Jackson,SAL0353,1787.23,USD,2051-12-21
PAY0543,Quinn Taylor,SAL0441,716.98,USD,2051-12-22
PAY0770,Quinn Davis,,1724.41,USD,2051-12-23
PAY0325,Morgan Johnson,,1775.01,EUR,2051-12-24
PAY0437,Alex Taylor,SAL0442,1191.57,USD,2051-12-25
PAY0798,Robin Davis,SAL0606,671.7,EUR,2051-12-26
PAY0372,Jordan Brown,SAL0704,297.98,EUR,2051-12-27
PAY0668,Alex Wilson,SAL0116,652.82,USD,2051-12-28
PAY0147,Jordan Thomas,SAL0315,778.56,USD,2051-12-29
PAY0454,Morgan Thomas,SAL0955,1219.41,USD,2051-12-30
PAY0825,Alex Jackson,SAL0541,204.32,EUR,2051-12-31
PAY0495,Morgan Johnson,SAL0298,131.1,USD,2052-01-01
PAY0403,Jamie Wilson,SAL0932,1539.56,EUR,2052-01-02
PAY0962,Riley Brown,SAL0122,891.19,USD,2052-01-03
PAY0470,Casey Anderson,SAL0995,1581.28,USD,2052-01-04
PAY0515,Robin Thomas,SAL0282,130.02,USD,2052-01-05
PAY0884,Jordan Jackson,SAL0703,1389.33,USD,2052-01-06
PAY0435,Avery Brown,SAL0600,587.02,USD,2052-01-07
PAY0741,Quinn Davis,SAL0778,1224.87,EUR,2052-01-08
PAY0832,Jordan Brown,SAL0643,1881.39,USD,2052-01-09
PAY0698,Riley Wilson,SAL0602,609.45,EUR,2052-01-10
PAY0253,Alex Thomas,SAL0275,142.3,EUR,2052-01-11
PAY0011,Jamie Thomas,SAL0321,420.08,USD,2052-01-12
PAY0003,Jamie Moore,SAL0488,846.37,EUR,2052-01-13
PAY0004,Morgan Anderson,,1501.37,EUR,2052-01-14
PAY0011,Jamie Thomas,SAL0321,1125.66,EUR,2052-01-15
PAY0456,Robin Johnson,SAL0668,1754.08,EUR,2052-01-16
PAY0268,Robin Thomas,SAL0589,185.3,USD,2052-01-17
PAY0211,Morgan Thomas,,1887.11,EUR,2052-01-18
PAY0632,Jordan Taylor,SAL0467,1082.5,USD,2052-01-19
PAY0181,Taylor Wilson,SAL0302,488.83,USD,2052-01-20
PAY0784,Alex Johnson,SAL0034,1189.6,EUR,2052-01-21
PAY0179,Quinn Moore,SAL0293,260.73,USD,2052-01-22
PAY0829,Riley Anderson,SAL0626,1784.65,USD,2052-01-23
PAY0982,Alex Taylor,SAL0997,819.73,EUR,2052-01-24
PAY0105,Jamie Moore,SAL0404,157.82,EUR,2052-01-25
PAY0310,Morgan Johnson,SAL0480,90.6,EUR,2052-01-26
PAY0966,Casey Wilson,SAL0553,884.99,EUR,2052-01-27
PAY0266,Casey Smith,SAL0894,1660.86,EUR,2052-01-28
PAY0092,Jamie Anderson,SAL0597,237.63,EUR,2052-01-29
PAY0564,Riley Taylor,SAL0629,346.33,USD,2052-01-30
PAY0164,Jamie Moore,SAL0009,347.19,EUR,2052-01-31
PAY0009,Avery Taylor,SAL0930,293.26,USD,2052-02-01
PAY0543,Quinn Taylor,SAL0441,188.93,EUR,2052-02-02
PAY0678,Robin Taylor,SAL0489,494.36,USD,2052-02-03
PAY0822,Alex Jackson,SAL0605,145.91,EUR,2052-02-04
PAY0244,Taylor Wilson,SAL0408,507.38,EUR,2052-02-05
PAY0523,Morgan Johnson,SAL0752,1126.82,USD,2052-02-06
PAY0559,Taylor Davis,SAL0260,1243.54,USD,2052-02-07
PAY0868,Avery Thomas,SAL0069,1957.56,USD,2052-02-08
PAY0486,Taylor Taylor,SAL0619,651.94,USD,2052-02-09
PAY0024,Avery Taylor,,402.31,EUR,2052-02-10
PAY0138,Quinn Taylor,SAL0307,760.58,EUR,2052-02-11
PAY0214,Riley Anderson,SAL0269,857.17,USD,2052-02-12
PAY0791,Morgan Thomas,SAL0478,1129.91,USD,2052-02-13
PAY0119,Jamie Taylor,,1134.52,EUR,2052-02-14
PAY0501,Casey Thomas,SAL0322,469.68,USD,2052-02-15
PAY0238,Avery Smith,,1790.37,USD,2052-02-16
PAY0008,Quinn Davis,SAL0168,1384.97,EUR,2052-02-17
PAY0794,Casey Brown,SAL0966,1289.63,EUR,2052-02-18
PAY0245,Avery Thomas,,583.79,USD,2052-02-19
PAY0015,Jamie Johnson,SAL0570,1749.08,USD,2052-02-20
PAY0434,Morgan Jackson,SAL0904,1688.1,EUR,2052-02-21
PAY0306,Jamie Davis,SAL0934,1782.78,EUR,2052-02-22
PAY0619,Taylor Johnson,SAL0819,119.29,EUR,2052-02-23
PAY0286,Jordan Davis,,325.93,EUR,2052-02-24
PAY0691,Taylor Jackson,SAL0751,755.97,EUR,2052-02-25
PAY0846,Casey Jackson,SAL0795,1753.86,EUR,2052-02-26
PAY0844,Robin Johnson,SAL0665,895.44,EUR,2052-02-27
PAY0316,Jordan Johnson,,1342.28,EUR,2052-02-28
PAY0928,Morgan Davis,SAL0096,1793.43,USD,2052-02-29
PAY0591,Alex Johnson,SAL0890,793.34,EUR,2052-03-01
PAY0370,Morgan Jackson,SAL0678,1310.14,EUR,2052-03-02
PAY0970,Casey Smith,SAL0518,362.33,USD,2052-03-03
PAY0252,Robin Moore,SAL0998,1098.12,USD,2052-03-04
PAY0652,Jordan Brown,SAL0085,219.07,EUR,2052-03-05
PAY0251,Jamie Moore,SAL0374,1371.24,USD,2052-03-06
PAY0361,Riley Anderson,SAL0468,263.09,EUR,2052-03-07
PAY0123,Morgan Johnson,SAL0596,1038.17,EUR,2052-03-08
PAY0769,Riley Johnson,SAL0456,1957.16,USD,2052-03-09
PAY0909,Jordan Thomas,SAL0364,491.99,USD,2052-03-10
PAY0432,Quinn Moore,SAL0291,1239.79,EUR,2052-03-11
PAY0379,Quinn Wilson,SAL0865,1068.37,EUR,2052-03-12
PAY0628,Jamie Johnson,SAL0075,1869.35,EUR,2052-03-13
PAY0510,Jordan Smith,SAL0750,1287.45,EUR,2052-03-14
PAY0428,Riley Moore,SAL0661,643.6,EUR,2052-03-15
PAY0827,Alex Davis,SAL0747,1737.25,USD,2052-03-16
PAY0147,Jordan Thomas,,1275.5,USD,2052-03-17
PAY0904,Riley Wilson,SAL0732,716.02,EUR,2052-03-18
PAY0258,Jordan Smith,SAL0095,293.18,USD,2052-03-19
PAY0983,Robin Jackson,SAL0867,691.17,USD,2052-03-20
PAY0742,Alex Davis,SAL0241,558.37,EUR,2052-03-21
PAY0511,Taylor Taylor,SAL0499,614.32,EUR,2052-03-22
PAY0654,Robin Thomas,SAL0658,892.38,EUR,2052-03-23
PAY0896,Morgan Anderson,SAL0399,1927.46,USD,2052-03-24
PAY0714,Casey Brown,SAL0316,1672.39,EUR,2052-03-25
PAY0732,Morgan Anderson,SAL0284,646.58,USD,2052-03-26
PAY0753,Casey Brown,SAL0044,1922.7,USD,2052-03-27
PAY0623,Quinn Wilson,SAL0694,1245.39,EUR,2052-03-28
PAY0725,Jamie Taylor,SAL0734,790.22,EUR,2052-03-29
PAY0870,Casey Wilson,SAL0362,974.37,USD,2052-03-30
PAY0936,Riley Anderson,SAL0119,64.05,USD,2052-03-31
PAY0102,Riley Thomas,SAL0730,1008.23,USD,2052-04-01
PAY0615,Casey Thomas,,266.99,EUR,2052-04-02
PAY0466,Jamie Johnson,SAL0866,1916.26,EUR,2052-04-03
PAY0253,Alex Thomas,SAL0008,242.34,EUR,2052-04-04
PAY0839,Riley Wilson,SAL0169,998.36,USD,2052-04-05
PAY0112,Casey Brown,SAL0495,1750.51,USD,2052-04-06
PAY0560,Morgan Jackson,SAL0560,201.88,USD,2052-04-07
PAY0488,Robin Johnson,SAL0948,1064.9,USD,2052-04-08
PAY0458,Jordan Johnson,,1082.45,EUR,2052-04-09
PAY0678,Robin Taylor,SAL0489,1776.48,USD,2052-04-10
PAY0393,Jamie Wilson,SAL0991,657.87,EUR,2052-04-11
PAY0952,Jamie Thomas,SAL0877,510.4,USD,2052-04-12
PAY0237,Alex Thomas,SAL0944,747.35,USD,2052-04-13
PAY0505,Riley Brown,,1047.67,EUR,2052-04-14
PAY0229,Jordan Johnson,SAL0776,395.83,EUR,2052-04-15
PAY0305,Casey Davis,SAL0945,1997.68,USD,2052-04-16
PAY0735,Jordan Smith,SAL0675,1673.82,EUR,2052-04-17
PAY0716,Taylor Jackson,SAL0311,1837.76,EUR,2052-04-18
PAY0235,Jamie Brown,SAL0338,143.74,EUR,2052-04-19
PAY0718,Jordan Jackson,SAL0609,1694.54,USD,2052-04-20
PAY0303,Morgan Jackson,SAL0885,763.8,USD,2052-04-21
PAY0189,Jamie Thomas,SAL0413,457.97,EUR,2052-04-22
PAY0286,Jordan Davis,SAL0846,769.85,USD,2052-04-23
PAY0898,Riley Jackson,SAL0628,1248.42,EUR,2052-04-24
PAY0684,Jamie Taylor,SAL0796,1285.24,USD,2052-04-25
PAY0089,Casey Taylor,SAL0863,1263.2,EUR,2052-04-26
PAY0024,Avery Taylor,SAL0598,71.59,EUR,2052-04-27
PAY0584,Robin Wilson,SAL0177,522.59,EUR,2052-04-28
PAY0877,Casey Davis,SAL0346,1249.11,USD,2052-04-29
PAY0693,Robin Davis,SAL0131,868.78,USD,2052-04-30
PAY0726,Quinn Anderson,SAL0125,753.38,EUR,2052-05-01
PAY0185,Morgan Johnson,SAL0916,129.41,EUR,2052-05-02
PAY0147,Jordan Thomas,SAL0315,1334.83,USD,2052-05-03
PAY0283,Taylor Davis,SAL0578,752.0,EUR,2052-05-04
PAY0986,Avery Brown,SAL0673,1098.66,EUR,2052-05-05
PAY0575,Jordan Jackson,SAL0715,1758.21,USD,2052-05-06
PAY0751,Quinn Jackson,SAL0548,991.05,EUR,2052-05-07
PAY0263,Jordan Davis,SAL0745,1264.21,EUR,2052-05-08
PAY0768,Jamie Smith,SAL0402,249.16,EUR,2052-05-09
PAY0247,Riley Wilson,SAL0094,416.87,EUR,2052-05-10
PAY0323,Avery Jackson,SAL0923,935.43,USD,2052-05-11
PAY0990,Jordan Davis,SAL0439,376.92,USD,2052-05-12
PAY0507,Avery Taylor,,1868.94,EUR,2052-05-13
PAY0751,Quinn Jackson,SAL0548,1565.21,EUR,2052-05-14
PAY0107,Alex Jackson,SAL0252,1487.33,USD,2052-05-15
PAY0184,Robin Anderson,SAL0978,1368.0,EUR,2052-05-16
PAY0184,Robin Anderson,SAL0978,1149.6,USD,2052-05-17
PAY0891,Avery Brown,SAL0216,440.38,USD,2052-05-18
PAY0574,Casey Wilson,SAL0111,608.39,USD,2052-05-19
PAY0441,Jordan Brown,SAL0622,716.12,USD,2052-05-20
PAY0264,Quinn Davis,SAL0844,1930.72,EUR,2052-05-21
PAY0672,Jordan Wilson,SAL0207,1970.74,EUR,2052-05-22
PAY0340,Avery Davis,SAL0209,1583.25,USD,2052-05-23
PAY0484,Alex Jackson,SAL0838,248.91,EUR,2052-05-24
PAY0491,Morgan Thomas,SAL0074,1788.35,USD,2052-05-25
PAY0426,Morgan Smith,SAL0631,199.83,USD,2052-05-26
PAY0682,Alex Smith,SAL0681,1785.8,USD,2052-05-27
PAY0832,Jordan Brown,SAL0643,758.61,USD,2052-05-28
PAY0232,Robin Wilson,,1048.45,USD,2052-05-29
PAY0680,Taylor Moore,SAL0194,1826.88,USD,2052-05-30
PAY0101,Casey Moore,SAL0883,370.33,USD,2052-05-31
PAY0802,Jamie Brown,SAL0754,1998.32,USD,2052-06-01
PAY0911,Riley Johnson,SAL0700,445.68,EUR,2052-06-02
PAY1000,Avery Davis,SAL0073,570.01,USD,2052-06-03
PAY0800,Jordan Wilson,SAL0562,1109.94,EUR,2052-06-04
PAY0723,Jordan Anderson,,112.87,USD,2052-06-05
PAY0210,Riley Moore,SAL0599,1535.03,USD,2052-06-06
PAY0754,Alex Anderson,SAL0759,632.1,USD,2052-06-07
PAY0942,Jamie Thomas,SAL0355,816.83,EUR,2052-06-08
PAY0752,Morgan Davis,SAL0473,1241.12,USD,2052-06-09
PAY0912,Jordan Smith,SAL0766,1653.78,USD,2052-06-10
PAY0699,Morgan Anderson,SAL0447,211.59,EUR,2052-06-11
PAY0631,Riley Thomas,SAL0325,1118.98,EUR,2052-06-12
PAY0738,Alex Smith,SAL0019,935.44,EUR,2052-06-13
PAY0048,Taylor Jackson,SAL0010,792.86,USD,2052-06-14
PAY0262,Alex Brown,SAL0149,604.16,USD,2052-06-15
PAY0507,Avery Taylor,SAL0033,1251.06,EUR,2052-06-16
PAY0489,Casey Johnson,SAL0830,1462.3,USD,2052-06-17
PAY0033,Jamie Jackson,SAL0277,1016.11,EUR,2052-06-18
PAY0156,Avery Wilson,SAL0225,473.78,USD,2052-06-19
PAY0409,Jamie Davis,SAL0531,1779.49,EUR,2052-06-20
PAY0799,Alex Thomas,SAL0215,582.1,USD,2052-06-21
PAY0438,Morgan Brown,SAL0768,1217.32,USD,2052-06-22
PAY0151,Avery Anderson,SAL0067,756.46,USD,2052-06-23
PAY0015,Jamie Johnson,SAL0570,1533.03,USD,2052-06-24
PAY0833,Casey Thomas,,699.81,USD,2052-06-25
PAY0176,Jordan Johnson,SAL0016,304.6,EUR,2052-06-26
PAY0160,Robin Brown,SAL0385,893.88,EUR,2052-06-27
PAY0154,Riley Brown,SAL0464,464.43,USD,2052-06-28
PAY0684,Jamie Taylor,SAL0796,1439.16,EUR,2052-06-29
PAY0989,Morgan Smith,SAL0651,1416.51,EUR,2052-06-30
PAY0434,Morgan Jackson,SAL0904,1246.6,EUR,2052-07-01
PAY0611,Avery Johnson,SAL0340,615.85,USD,2052-07-02
PAY0004,Morgan Anderson,SAL0519,905.95,USD,2052-07-03
PAY0672,Jordan Wilson,SAL0207,157.31,USD,2052-07-04
PAY0752,Morgan Davis,SAL0473,130.91,EUR,2052-07-05
PAY0901,Casey Johnson,SAL0686,1235.41,EUR,2052-07-06
PAY0283,Taylor Davis,SAL0578,548.91,USD,2052-07-07
PAY0616,Morgan Wilson,SAL0227,589.25,EUR,2052-07-08
PAY0316,Jordan Johnson,SAL0820,723.95,EUR,2052-07-09
PAY0217,Robin Jackson,SAL0714,1939.42,USD,2052-07-10
PAY0925,Taylor Johnson,SAL0187,1125.53,EUR,2052-07-11
PAY0529,Morgan Smith,SAL0482,1744.1,USD,2052-07-12
PAY0282,Quinn Jackson,SAL0627,252.47,USD,2052-07-13
PAY0783,Jordan Anderson,SAL0763,729.88,USD,2052-07-14
PAY0947,Casey Anderson,SAL0709,984.44,EUR,2052-07-15
PAY0274,Robin Anderson,SAL0716,833.0,USD,2052-07-16
